en,kn
ABHA (Health ID),ಎಬಿಹೆಚ್ಎ (ಆರೋಗ್ಯ ID)
Language,ಭಾಷೆ
About,ಬಗ್ಗೆ
Resources,ಸಂಪನ್ಮೂಲಗಳು
Vaccination Schedule,ವ್ಯಾಕ್ಸಿನೇಷನ್ ವೇಳಾಪಟ್ಟಿ
Dashboard,ಡ್ಯಾಶ್ ಬೋರ್ಡ್
Helpdesk,ಸಹಾಯವಾಣಿ
Beneficiary Redressal,ಫಲಾನುಭವಿಗಳಿಗೆ ನೀಡುವ ಪರಿಹಾರ
State Helpdesk,ರಾಜ್ಯ ಸಹಾಯವಾಣಿ ಕೇಂದ್ರ
FAQ,ಪದೇ ಪದೇ ಕೇಳಲಾಗುವ ಪ್ರಶ್ನೆಗಳು
Poshan Calculator,ಪೋಷನ್ ಕ್ಯಾಲ್ಕುಲೇಟರ್
Login,ಲಾಗಿನ್
Anganwadi Workers,ಅಂಗನವಾಡಿ ಕಾರ್ಯಕರ್ತೆಯರು
Download Mobile App from Play Store,ಪ್ಲೇ ಸ್ಟೋರ್ ನಿಂದ ಮೊಬೈಲ್ ಅಪ್ಲಿಕೇಶನ್ ಡೌನ್ಲೋಡ್ ಮಾಡಿ
Scan the QR Code to Download the App,ಅಪ್ಲಿಕೇಶನ್ ಡೌನ್ಲೋಡ್ ಮಾಡಲು ಕ್ಯೂಆರ್ ಕೋಡ್ ಸ್ಕ್ಯಾನ್ ಮಾಡಿ
What’s New on Poshan Tracker,ಫೋಷನ್ ಟ್ರಾಕರ್ ನಲ್ಲಿ ಹೊಸದ್ದು ಏನು ಇದೆ
Poshan Tracker adds new application features,ಪೋಶನ್ ಟ್ರ್ಯಾಕರ್ ಹೊಸ ಅಪ್ಲಿಕೇಶನ್ ವೈಶಿಷ್ಟ್ಯಗಳನ್ನು ಸೇರಿಸುತ್ತದೆ
Poshan Tracker adds new Reports feature,ಪೋಶನ್ ಟ್ರ್ಯಾಕರ್ ಹೊಸ ವರದಿಗಳ ವೈಶಿಷ್ಟ್ಯವನ್ನು ಸೇರಿಸುತ್ತದೆ
Poshan Tracker adds new Resources on Website,ಪೋಶನ್ ಟ್ರ್ಯಾಕರ್ ವೆಬ್‌ಸೈಟ್ ವೈಶಿಷ್ಟ್ಯದಲ್ಲಿ ಹೊಸ ಸಂಪನ್ಮೂಲಗಳನ್ನು ಸೇರಿಸುತ್ತದೆ
Resources for growth monitoring and general awareness,ಬೆಳವಣಿಗೆಯ ಮೇಲ್ವಿಚಾರಣೆ ಮತ್ತು ಸಾಮಾನ್ಯ ಜಾಗೃತಿಗಾಗಿ ಸಂಪನ್ಮೂಲಗಳು
Growth monitoring charts,ಬೆಳವಣಿಗೆಯ ಮಾನಿಟರಿಂಗ್ ಚಾರ್ಟ್‌ಗಳು
New beneficiary addition with skip OTP option,ಸ್ಕಿಪ್ OTP ಆಯ್ಕೆಯೊಂದಿಗೆ ಹೊಸ ಫಲಾನುಭವಿ ಸೇರ್ಪಡೆ
Mobile number need to be validated within a week,ಒಂದು ವಾರದೊಳಗೆ ಮೊಬೈಲ್ ಸಂಖ್ಯೆಯನ್ನು ಮೌಲ್ಯೀಕರಿಸಬೇಕು
Anganwadi Worker profile page,ಅಂಗನವಾಡಿ ಕಾರ್ಯಕರ್ತೆಯರ ಪ್ರೊಫೈಲ್ ಪುಟ
Stunting and Underweight Growth Parameters,ಕುಂಠಿತ ಮತ್ತು ಕಡಿಮೆ ತೂಕದ ಬೆಳವಣಿಗೆಯ ನಿಯತಾಂಕಗಳು
Beneficiaries status change notifications,ಫಲಾನುಭವಿಗಳ ಸ್ಥಿತಿ ಬದಲಾವಣೆ ಅಧಿಸೂಚನೆಗಳು
Migrated from one category to another,ಒಂದು ವರ್ಗದಿಂದ ಇನ್ನೊಂದು ವರ್ಗಕ್ಕೆ ವಲಸೆ ಹೋಗಿದ್ದಾರೆ
Beneficiary record becoming inactive,ಫಲಾನುಭವಿ ದಾಖಲೆ ನಿಷ್ಕ್ರಿಯವಾಗುತ್ತಿದೆ
Beneficiary migration from one AWC to another AWC,ಒಂದು ಎಡಬ್ಲ್ಯೂಸಿ ಯಿಂದ ಮತ್ತೊಂದು ಎಡಬ್ಲ್ಯೂಸಿ ಗೆ ಫಲಾನುಭವಿಗಳ ವಲಸೆ
Beneficiary deletion by AWW,ಎಡಬ್ಲ್ಯೂಡಬ್ಲ್ಯೂ ಮೂಲಕ ಫಲಾನುಭವಿ ಅಳಿಸುವಿಕೆ
Default language selection,ಡೀಫಾಲ್ಟ್ ಭಾಷೆಯ ಆಯ್ಕೆ
"Beneficiary concerns accessibility to AWW, along with status update once resolved","ಎಡಬ್ಲ್ಯೂಡಬ್ಲ್ಯೂ ಗೆ ಪ್ರವೇಶಿಸುವಿಕೆಗೆ ಫಲಾನುಭವಿ ಕಾಳಜಿ ವಹಿಸುತ್ತಾನೆ, ಒಮ್ಮೆ ಪರಿಹರಿಸಿದ ಸ್ಥಿತಿಯ ನವೀಕರಣದೊಂದಿಗೆ"
Growth monitoring report for all health indicators,ಎಲ್ಲಾ ಆರೋಗ್ಯ ಸೂಚಕಗಳಿಗೆ ಬೆಳವಣಿಗೆಯ ಮೇಲ್ವಿಚಾರಣಾ ವರದಿ
Application downloaded status by AWW,ಎಡಬ್ಲ್ಯೂಡಬ್ಲ್ಯೂ ಮೂಲಕ ಅಪ್ಲಿಕೇಶನ್ ಡೌನ್‌ಲೋಡ್ ಮಾಡಲಾದ ಸ್ಥಿತಿ
Beneficiary count report : Number of records becoming inactive and number of records migrating from one category to another,ಫಲಾನುಭವಿಗಳ ಎಣಿಕೆ ವರದಿ : ನಿಷ್ಕ್ರಿಯವಾಗುತ್ತಿರುವ ದಾಖಲೆಗಳ ಸಂಖ್ಯೆ ಮತ್ತು ಒಂದು ವರ್ಗದಿಂದ ಇನ್ನೊಂದಕ್ಕೆ ಸ್ಥಳಾಂತರಗೊಳ್ಳುವ ದಾಖಲೆಗಳ ಸಂಖ್ಯೆ
Poshan Calculator is designed to measure growth of the child based on standards defined by World Health Organization (WHO).,ಪೋಷನ್ ಕ್ಯಾಲ್ಕುಲೇಟರ್ ಅನ್ನು ವಿಶ್ವ ಆರೋಗ್ಯ(WHO) ಸಂಸ್ಥೆ ನಿಗದಿಪಡಿಸಿದ ಮಾನದಂಡದ ಪ್ರಕಾರ ಮಗುವಿನ ಬೆಳವಣಿಗೆಯನ್ನು ಅಳೆಯಲು ವಿನ್ಯಾಸಗೊಳಿಸಲಾಗಿದೆ.
How to use Poshan Calculator?,ಪೋಷನ್ ಕ್ಯಾಲ್ಕುಲೇಟರ್ ಅನ್ನು ಹೇಗೆ ಬಳಸುವುದು?
Select Gender,ಲಿಂಗ ಆಯ್ಕೆ
Enter Date of Birth,ಹುಟ್ಟಿದ ದಿನಾಂಕವನ್ನು ಆಯ್ಕೆ ಮಾಡಿ ನಮೂದಿಸಿ
Enter Height in centimeter,ಎತ್ತರವನ್ನು ಸೆಂಟಿಮೀಟರ್‌ಗಳಲ್ಲಿ ನಮೂದಿಸಿ
Enter Weight in kilogram,ತೂಕವನ್ನು ಕಿಲೋಗ್ರಾಂಗಳಲ್ಲಿ ನಮೂದಿಸಿ
Click on Show Results,ಫಲಿತಾಂಶಗಳನ್ನು ತೋರಿಸಲು  ಆಯ್ಕೆ ಮೇಲೆ ಕ್ಲಿಕ್ ಮಾಡಿ
Gender ,ಲಿಂಗ 
*,*
Boy,ಹುಡುಗ
Girl,ಹುಡುಗಿ
Date of Birth ,ಜನ್ಮ ದಿನಾಂಕ 
Height (CM) ,ಎತ್ತರ (ಸೆಂ.ಮೀ.) 
*Height should be between 38 to 150,*ಎತ್ತರವು 38 ರಿಂದ 150 ರ ನಡುವೆ ಇರಬೇಕು
CM,ಸೆಂ.ಮೀ.
Weight (KG) ,ತೂಕ (ಕೆ.ಜಿ.) 
*Weight should be between 0.90 to 58,*ತೂಕವು 0.90 ರಿಂದ 58 ರ ನಡುವೆ ಇರಬೇಕು
KG,ಕೆ.ಜಿ.
Show Results,ಫಲಿತಾಂಶಗಳನ್ನು ತೋರಿಸಿ
ABHA (Health ID) and its Benefits,ಎ. ಬಿ. ಹೆಚ್. ಎ (ಆರೋಗ್ಯ ಗುರುತಿನ ಚೀಟಿ) ಮತ್ತು ಅದರ ಲಾಭಗಳು
ABHA (earlier known as Health ID) is an acronym for Ayushman Bharat Health Account.,ಎ. ಬಿ. ಹೆಚ್. ಎ ( ಮುಂಚಿನ ಹೆಸರು ಆರೋಗ್ಯ ಗುರುತಿನ ಚೀಟಿ ) ಪೂರ್ಣ ಹೆಸರು ಆಯುಷ್ಮಾನ್ ಭಾರತ್ ಹೆಲ್ತ್ ಅಕೌಂಟ್ ಆಗಿದೆ.
Using ABHA (Health ID) is the first step towards creating safer and efficient digital health records for you and your family.,ಎ. ಬಿ. ಹೆಚ್. ಎ ಬಳಸುವುದು ( ಆರೋಗ್ಯ ಗುರುತಿನ ಚೀಟಿ) ನಿಮ್ಮ ಮತ್ತು ನಿಮ್ಮ ಕುಟುಂಬಕ್ಕಾಗಿ ಸುರಕ್ಷಿತ ಮತ್ತು ಸಮರ್ಥ ಡಿಜಿಟಲ್ ದಾಖಲೆಗಳನ್ನು ನಿರ್ಮಿಸುವುದರಲ್ಲಿ ಮೊದಲನೇ ಹೆಜ್ಜೆಯಾಗಿದೆ.
"It enables your interaction with participating healthcare providers, and allows you to receive your digital lab reports, prescriptions and diagnosis seamlessly from verified healthcare professionals and health service providers.","ಇದು ಭಾಗವಹಿಸುವ ಆರೋಗ್ಯ ಪೂರೈಕೆದಾರರೊಂದಿಗೆ ನಿಮ್ಮ ಸಂವಾದವನ್ನು ಸಕ್ರಿಯಗೊಳಿಸುತ್ತದೆ ಮತ್ತು ಅಧಿಕೃತ ಆರೋಗ್ಯ ವೃತ್ತಿಪರರು ಮತ್ತು ಆರೋಗ್ಯ ಪೂರೈಕೆದಾರರಿಂದ ನಿಮ್ಮ ಡಿಜಿಟಲ್ ಲ್ಯಾಬ್ ವರದಿಗಳು, ಪ್ರಿಸ್ಕ್ರಿಪ್ಷನ್‌ಗಳು ಮತ್ತು ರೋಗನಿರ್ಣಯಗಳನ್ನು ಪಡೆಯಲು ನಿಮಗೆ ಅನುಮತಿಸುತ್ತದೆ."
Know More,ಇನ್ನಷ್ಟು ತಿಳಿಯಿರಿ
×,×
Frequently Asked Questions,ಪದೇ ಪದೇ ಕೇಳಲಾಗುವ ಪ್ರಶ್ನೆಗಳು
ALL,ಎಲ್ಲಾ
BENEFICIARY REGISTRATION,ಫಲಾನುಭವಿ ನೋಂದಣಿ
Take Home Ration,ಮನೆಗೆ ಆಹಾರವನ್ನು ತೆಗೆದುಕೊಳ್ಳಿ
Hot Cooked Meal,ಬಿಸಿ ಊಟ
What is Poshan Abhiyaan?,ಪೋಷಣ್ ಅಭ್ಯಾನ್ ಅಂದರೆ ಏನು?
"Poshan Abhiyaan is India’s flagship programme to improve nutritional outcomes for children, adolescents, pregnant women and lactating mothers by leveraging technology, a targeted approach and convergence.","ಪೋಷಣ್ ಅಭ್ಯಾನ್ ಭಾರತದಲ್ಲಿ, ಮಕ್ಕಳ, ಹದಿಹರೆಯದವರ, ಗರ್ಭ್ಹಿಣಿಯರ ಹಾಗೂ ಹಾಲುಣಿಸುವ ತಾಯಂದಿರ ಪೋಷಣೆಯ ಫಲಿತಾಂಶವನ್ನು ಸುಧಾರಿಸಲು, ತಾಂತ್ರಿಕವಾಗಿ, ಒಂದು ಉದ್ದೇಶಿತ ವಿಧಾನ ಹಾಗೂ ಒಮ್ಮುಖದಿಂದ ಪ್ರಾರಂಭಿಸಿದ ಒಂದು ಪ್ರಮುಖ ಕಾರ್ಯಕ್ರಮ."
What is the purpose of Launching Poshan Tracker?,ಪೋಷಣ್ ಟ್ರ್ಯಾಕರ್ ಪ್ರಾರಂಭಿಸಿದ ಉದ್ದೇಶವೇನು?
"The purpose of POSHAN Tracker application is to provide a 360-degree view of the activities of the Anganwadi Centre (AWC), service deliveries of Anganwadi Workers (AWWs) and complete beneficiary management for pregnant women, lactating mothers and children. The proposed system should enable real-time monitoring and tracking of all AWCs, AWWs and beneficiaries on the defined indicators.","ಪೊಷನ್ ಟ್ರ್ಯಾಕರ್ ಅಪ್ಪ್ಲಿಕೇಷನ್ ನ ಉದ್ದೇಶವು ಅಂಗನವಾಡಿ ಕೇಂದ್ರಗಳ ಚಟುವಟಿಕೆಗಳು, ಅಂಗನವಾಡಿ ಕಾರ್ಯಕರ್ತರ ಸೇವಾ ವಿತರಣೆ ಹಾಗೂ ಗರ್ಭ್ಹಿಣಿಯರು, ಹಾಲುಣಿಸುವ ತಾಯಂದಿರು ಮತ್ತು ಮಕ್ಕಳ ಸಂಪೂರ್ಣ ಫಲಾನುಭವಿ ಉಸ್ತುವಾರಿಯ ೩೬೦-ಡಿಗ್ರೀ ವೀಕ್ಷಣೆ ದೊರಕಿಸುವುದಾಗಿದೆ. ಈ ಪ್ರಸ್ತಾಪಿಸಿದ ವ್ಯವಸ್ತೆಯು ಎಲ್ಲಾ ಎ.ಡಬ್ಲ್ಯು.ಸಿ, ಎಡಬ್ಲ್ಯುಡಬ್ಲ್ಯು ಗಳು ಹಾಗೂ ಫಲಾನುಭವಿಗಳ, ವ್ಯಾಖ್ಯಾನಿಸಿದ ಸೂಚಕಗಳಲ್ಲಿ ನೈಜ ಸಮಯ ಉಸ್ತುವಾರಿ ಮತ್ತು ಜಾಡೀಕರಣವನ್ನು ಸಕ್ರೀಯಗೊಳಿಸಬೇಕು."
How can one Download Poshan Tracker App?,ಪೋಷಣ್ ತ್ರ್ಯಾಕರ್ ಆಪ್ಪನ್ನು ಹೇಗೆ ಡೌನ್ಲೋಡ್ ಮಾಡಬಹುದು?
Poshan Tracker App is available over Google playstore ,ಪೋಷಣ್ ಟ್ರ್ಯಾಕರ್ ಆಪ್ಪ್ ಗೂಗ್ಲ್ ಪ್ಲೇಸ್ಟೋರ್ ನಲ್ಲಿ ಲಭ್ಯವಿದೆ 
Is poshan trackers app available over Apple I Store also?,ಪೋಷಣ್ ಟ್ರ್ಯಾಕರ್ ಆಪ್ಪ್ ಆಪ್ಪಲ್ ಐ ಸ್ಟೋರ್ ನಲ್ಲೂ ಲಭ್ಯವಿದೆಯೇ?
"No, Poshan Tracker is available only for Android version","ಇಲ್ಲ, ಪೋಷಣ್ ಟ್ರ್ಯಾಕರ್ ಕೇವಲ ಆಂಡ್ರೊಯಿಡ್ ಆವ್ರಿತ್ತಿಯಲ್ಲಿ ಲಭ್ಯವಿದೆ."
What is the minimum requirement to install Poshan Tracker App in mobile?,ಪೋಷಣ್ ಟ್ರ್ಯಾಕರ್ ಆಪ್ಪ್ ಅನ್ನು ಮೊಬೈಲ್ನಲ್ಲಿ ಸ್ಥಾಪಿಸಲು ಕನಿಷ್ಟ ಅವಶ್ಯಕತೆಗಳೇನು?
Poshan Tracker App can only be installed in Android Phone with Android version 6.0 and above.,ಪೋಷಣ್ ಟ್ರ್ಯಾಕರ್ ಆಪ್ಪ್ ಅನ್ನು ಆಂಡ್ರೊಯಿಡ್ ೬.೦ ಆವ್ರಿತ್ತಿ ಅಥವಾ ಅದಕ್ಕಿಂತ ಮೇಲಿನ ಆವ್ರಿತ್ತಿಗಳಿರುವ ಅಂಡ್ರೊಯಿಡ್ ಫೋನ್ನಲ್ಲಿ ಸ್ಥಾಪಿಸಬಹುದು.
View All FAQs,ಎಲ್ಲಾ FAQ ಗಳನ್ನು ವೀಕ್ಷಿಸಿ
Can a beneficiary register directly using application.,ಅರ್ಜಿಯನ್ನು ಬಳಸಿಕೊಂಡು ಫಲಾನುಭವಿ ನೇರವಾಗಿ ನೋಂದಾಯಿಸಿಕೊಳ್ಳಬಹುದು.
Currently a beneficiary can register by the help of an AWW,ಪ್ರಸ್ತುತ ಫಲಾನುಭವಿಯು AWW ಸಹಾಯದಿಂದ ನೋಂದಾಯಿಸಿಕೊಳ್ಳಬಹುದು
Who is a beneficiary?,ಫಲಾನುಭವಿ ಯಾರು?
There are 6 categories for beneficiaries,ಫಲಾನುಭವಿಗಳಿಗೆ 6 ವಿಭಾಗಗಳಿವೆ
Pregnant Women,ಗರ್ಭಿಣಿಯರು
Lactating Mother,ಹಾಲುಣಿಸುವ ತಾಯಿ
Children from 0 to 6 months,0 ರಿಂದ 6 ತಿಂಗಳ ಮಗು
Children from 6 months to 3 years,6 ತಿಂಗಳಿಂದ 3 ವರ್ಷಗಳವರೆಗೆ ಮಕ್ಕಳು
Children from 3 years to 6 years,3 ವರ್ಷದಿಂದ 6 ವರ್ಷಗಳವರೆಗೆ ಮಕ್ಕಳು
Adolescent girls,ಹದಿಹರೆಯದ ಹುಡುಗಿಯರು
Can a beneficiary change his/her AWC?,ಒಬ್ಬ ಫಲಾನುಭವಿ ಅವನ/ಅವಳ AWC ಬದಲಾಯಿಸಬಹುದೇ?
An AWW can use ‘Migrate Beneficiary’ option to migrate a beneficiary from one AWC to another AWC basis their Aadhaar number.,ಒಬ್ಬ AWW ತನ್ನ ಆಧಾರ್ ಸಂಖ್ಯೆಯ ಆಧಾರದ ಮೇಲೆ ಫಲಾನುಭವಿಯನ್ನು ಒಂದು AWCದಿಂದ ಇನ್ನೊಂದಕ್ಕೆ ವರ್ಗಾಯಿಸಲು 'ವಲಸೆ ಫಲಾನುಭವಿ' ಆಯ್ಕೆಯನ್ನು ಬಳಸಬಹುದು.
What is the eligibility of a beneficiary?,ಫಲಾನುಭವಿಯ ಅರ್ಹತೆ ಏನು?
A beneficiary is eligible for THR for at least 21 days in a month.,ಒಬ್ಬ ಫಲಾನುಭವಿಯು ತಿಂಗಳಲ್ಲಿ ಕನಿಷ್ಠ 21 ದಿನಗಳವರೆಗೆ THR ಗೆ ಅರ್ಹನಾಗಿರುತ್ತಾನೆ.
Who is eligible for Take Home Ration?,ಟೇಕ್ ಹೋಮ್ ರೇಷನ್‌ಗೆ ಯಾರು ಅರ್ಹರು?
"Pregnant Women, Lactating Mothers, Children from 6 months to 3 years and adolescent girls.","ಗರ್ಭಿಣಿಯರು, ಹಾಲುಣಿಸುವ ತಾಯಂದಿರು, 6 ತಿಂಗಳಿಂದ 3 ವರ್ಷದ ಮಕ್ಕಳು ಮತ್ತು ಹದಿಹರೆಯದ ಹುಡುಗಿಯರು."
Where can I enquire about take home ration?,ಟೇಕ್ ಹೋಮ್ ಪಡಿತರ ಬಗ್ಗೆ ನಾನು ಎಲ್ಲಿ ಕೇಳಬಹುದು?
Please contact your respective Anganwadi worker.,ದಯವಿಟ್ಟು ನಿಮ್ಮ ಸಂಬಂಧಪಟ್ಟ ಅಂಗನವಾಡಿ ಕಾರ್ಯಕರ್ತೆಯರನ್ನು ಸಂಪರ್ಕಿಸಿ.
Who is eligible for additional supplementary food.,ಹೆಚ್ಚುವರಿ ಪೂರಕ ಆಹಾರಕ್ಕಾಗಿ ಯಾರು ಅರ್ಹರು.
Children who are identified as deficit on nutrition are eligible for additional food supplements.,ಪೌಷ್ಟಿಕಾಂಶದ ಕೊರತೆಯಿರುವ ಮಕ್ಕಳು ಹೆಚ್ಚುವರಿ ಆಹಾರ ಪಡೆಯಲು ಅರ್ಹರಾಗಿರುತ್ತಾರೆ.
A beneficiary is eligible for HCM for at least 21 days in a month.,ಒಬ್ಬ ಫಲಾನುಭವಿಯು ತಿಂಗಳಲ್ಲಿ ಕನಿಷ್ಠ 21 ದಿನಗಳವರೆಗೆ HCM ಗೆ ಅರ್ಹನಾಗಿರುತ್ತಾನೆ.
Who is eligible for Hot Cooked Meal?,ಬಿಸಿ ಊಟಕ್ಕೆ ಯಾರು ಅರ್ಹರು?
Children in the age group of 3 years to 6 years,3 ವರ್ಷದಿಂದ 6 ವರ್ಷ ವಯಸ್ಸಿನ ಮಕ್ಕಳು
Where can I enquire about Hot Cooked Meal?,ಬಿಸಿ ಬೇಯಿಸಿದ ಆಹಾರದ ಬಗ್ಗೆ ನಾನು ಎಲ್ಲಿ ಕೇಳಬಹುದು?
Please contact your respective Anganwadi Centre.,ದಯವಿಟ್ಟು ನಿಮ್ಮ ಅಂಗನವಾಡಿ ಕೇಂದ್ರವನ್ನು ಸಂಪರ್ಕಿಸಿ.
Who is eligible for additional supplementary food?,ಹೆಚ್ಚುವರಿ ಪೂರಕ ಆಹಾರಕ್ಕಾಗಿ ಯಾರು ಅರ್ಹರು?
Children who are identified as deficit on nutrition are eligible for additional food supplements.,ಪೌಷ್ಟಿಕಾಂಶದ ಕೊರತೆಯಿರುವ ಮಕ್ಕಳು ಹೆಚ್ಚುವರಿ ಆಹಾರಕ್ಕೆ  ಅರ್ಹರಾಗಿರುತ್ತಾರೆ.
We are now available on Video Conference,ನಾವು ಈಗ ವೀಡಿಯೊ ಕಾನ್ಫರೆನ್ಸ್ ನಲ್ಲಿ ಲಭ್ಯ
State Video Conference,ರಾಜ್ಯ ವಿಡಿಯೋ ಕಾನ್ಫರೆನ್ಸ್
Monday to Friday ,ಸೋಮವಾರ ದಿಂದ ಶುಕ್ರವಾರದ ವರೆಗೆ 
Join Now,ಇಂದೇ ದಾಖಲಾಗಿ
Anganwadi Worker Training,ಅಂಗನವಾಡಿ ಕಾರ್ಯಕರ್ತೆಯರ ತರಬೇತಿ
Support,ಸಹಾಯ
 14408, 14408
 support-poshantrackr@gov.in, support-poshantrackr@gov.in
Download Mobile App,ಮೊಬೈಲ್ ಅಪ್ಲಿಕೇಶನ್ ಡೌನ್ಲೋಡ್ ಮಾಡಿ
Terms of Service,ಸೇವೆಗಳ ನಿಯಮಗಳು
Privacy Policy,ಗೌಪ್ಯತಾ ನೀತಿ
Careers,ವೃತ್ತಿಗಳು
About Poshan Tracker,ಪೋಶನ್ ಟ್ರ್ಯಾಕರ್ ಬಗ್ಗೆ
Poshan Tracker App,ಪೋಷಣ್ ಟ್ರ್ಯಾಕರ್ ಅಪ್ಲಿಕೇಶನ್
"The ‘Poshan Tracker’ is a mobile based application rolled out by the Ministry of Women and Child Development, Government of India on 1st March 2021 through National e-Governance Division (NeGD), Poshan Tracker is an important governance tool. Technology under Poshan Tracker is being leveraged for dynamic identification of stunting, wasting, under-weight prevalence among children and last mile tracking of nutrition service delivery.","ಪೋಷಣ್ ಟ್ರ್ಯಾಕರ್' ಎನ್ನುವುದು 1 ಮಾರ್ಚ್ 2021 ರಂದು ಭಾರತ ಸರ್ಕಾರದ ಮಹಿಳಾ ಮತ್ತು ಮಕ್ಕಳ ಅಭಿವೃದ್ಧಿ ಸಚಿವಾಲಯವು ರಾಷ್ಟ್ರೀಯ ಇ-ಆಡಳಿತ ವಿಭಾಗ (NeGD), MyGov ಮೂಲಕ ಪ್ರಮುಖ ಆಡಳಿತ ಸಾಧನವಾಗಿ ಪ್ರಾರಂಭಿಸಲಾದ ಮೊಬೈಲ್ ಆಧಾರಿತ ಅಪ್ಲಿಕೇಶನ್ ಆಗಿದೆ. ಪೋಷನ್ ಟ್ರ್ಯಾಕರ್ ಅಡಿಯಲ್ಲಿ ತಂತ್ರಜ್ಞಾನವು ಮಕ್ಕಳಲ್ಲಿ ಕುಂಠಿತ, ಕ್ಷೀಣಿಸುವಿಕೆ, ಕಡಿಮೆ ತೂಕದ ಹರಡುವಿಕೆ ಮತ್ತು ಪೌಷ್ಟಿಕಾಂಶ ಸೇವೆಯ ವಿತರಣೆಯ ಕೊನೆಯ ಟ್ರ್ಯಾಕಿಂಗ್ ಅನ್ನು ಕ್ರಿಯಾತ್ಮಕವಾಗಿ ಗುರುತಿಸಲು ಬಳಸಲಾಗುತ್ತಿದೆ."
The Poshan Tracker is a job-aid to the Anganwadi worker for efficient delivery of services along with reflection of their efforts. It is a critical and beneficiary-centric service delivery Application under POSHAN Abhiyaan which will promote real time data with analytics.,"ಪೋಷನ್ ಟ್ರ್ಯಾಕರ್ ಅಂಗನವಾಡಿ ಕಾರ್ಯಕರ್ತೆಯರಿಗೆ ಅವರ ಶ್ರಮವನ್ನು ಪ್ರತಿಬಿಂಬಿಸಲು ಮತ್ತು ಸೇವೆಗಳ ಸಮರ್ಥ ವಿತರಣೆಗಾಗಿ ಕೆಲಸದ ಸಹಾಯಕವಾಗಿದೆ. ಇದು ಪೋಶನ್ ಅಭಿಯಾನದ ಅಡಿಯಲ್ಲಿ ಪ್ರಮುಖವಾದ ಮತ್ತು ಫಲಾನುಭವಿ-ಕೇಂದ್ರಿತ ಸೇವಾ ವಿತರಣಾ ಅಪ್ಲಿಕೇಶನ್ ಆಗಿದ್ದು, ಇದು ವಿಶ್ಲೇಷಣೆಯೊಂದಿಗೆ ನೈಜ ಸಮಯದ ಡೇಟಾವನ್ನು ಉತ್ತೇಜಿಸುತ್ತದೆ."
WHAT ARE,ಏನು
Poshan Tracker Features,ಪೋಷನ್ ಟ್ರ್ಯಾಕರ್ ವೈಶಿಷ್ಟ್ಯಗಳು
Real time recording and Monitoring,ನೈಜ ಸಮಯದ ರೆಕಾರ್ಡಿಂಗ್ ಮತ್ತು ಮೇಲ್ವಿಚಾರಣೆ
"The Poshan Tracker enables real-time monitoring and tracking of all AWCs and beneficiaries on defined indicators. It is built using centralized data architecture that also aligns with the digital technology systems of other ministries and programs. The objective is to provide a 360-degree view of the activities of the Anganwadi Centre (AWC), service deliveries of Anganwadi Workers (AWWs) and complete beneficiary management for pregnant women, lactating mothers and children. The public dashboard helps to impart transparency on services delivered to beneficiaries.","ಪೋಶನ್ ಟ್ರ್ಯಾಕರ್ ಎಲ್ಲಾ AWCಗಳು ಮತ್ತು ಫಲಾನುಭವಿಗಳನ್ನು ವ್ಯಾಖ್ಯಾನಿಸಲಾದ ಸೂಚಕಗಳಲ್ಲಿ ನೈಜ-ಸಮಯದ ಮೇಲ್ವಿಚಾರಣೆ ಮತ್ತು ಟ್ರ್ಯಾಕಿಂಗ್ ಅನ್ನು ಸಕ್ರಿಯಗೊಳಿಸುತ್ತದೆ. ಇದು ಕೇಂದ್ರೀಕೃತ ಡೇಟಾ ಆರ್ಕಿಟೆಕ್ಚರ್ ಅನ್ನು ಬಳಸಿಕೊಂಡು ನಿರ್ಮಿಸಲಾಗಿದೆ, ಇದು ಇತರ ಸಚಿವಾಲಯಗಳು ಮತ್ತು ವಿನ್ಯಾಸ ಕಾರ್ಯಕ್ರಮಗಳ ಡಿಜಿಟಲ್ ತಂತ್ರಜ್ಞಾನ ವ್ಯವಸ್ಥೆಗಳೊಂದಿಗೆ ಹೊಂದಾಣಿಕೆಯಾಗುತ್ತದೆ. ಅಂಗನವಾಡಿ ಕೇಂದ್ರಗಳ (AWC), ಅಂಗನವಾಡಿ ಕಾರ್ಯಕರ್ತೆಯರ(AWW) ಸೇವಾ ವಿತರಣೆ ಮತ್ತು ಗರ್ಭಿಣಿಯರು, ಬಾಣಂತಿಯರು ಮತ್ತು ಮಕ್ಕಳ ಸಂಪೂರ್ಣ ಫಲಾನುಭವಿ ನಿರ್ವಹಣೆಯ 360-ಡಿಗ್ರಿ ವೀಕ್ಷಣೆಯನ್ನು ಒದಗಿಸುವ ಗುರಿಯನ್ನು ಇದು ಹೊಂದಿದೆ. ಸಾರ್ವಜನಿಕ ಡ್ಯಾಶ್‌ಬೋರ್ಡ್ ಫಲಾನುಭವಿಗಳಿಗೆ ನೀಡುವ ಸೇವೆಗಳಲ್ಲಿ ಪಾರದರ್ಶಕತೆಯನ್ನು ಒದಗಿಸಲು ಸಹಾಯ ಮಾಡುತ್ತದೆ."
Services Delivered,ನೀಡಲಾದ ಸೇವೆಗಳು
"Tracking of services to the end beneficiary at a click of a button. Services like Take Home Ration (THR) and Hot cooked Meal (HCM), vaccination for Infants and Pregnant Women.","ಒಂದು ಬಟನ್‌ನ ಕ್ಲಿಕ್‌ನಲ್ಲಿ ಅಂತಿಮ ಫಲಾನುಭವಿಗೆ ಸೇವೆಗಳ ಟ್ರ್ಯಾಕಿಂಗ್. ಟೇಕ್ ಹೋಮ್ ರೇಷನ್ (THR) ಮತ್ತು ಬಿಸಿ ಊಟ (HCM), ಶಿಶುಗಳು ಮತ್ತು ಗರ್ಭಿಣಿ ಮಹಿಳೆಯರಿಗೆ ವ್ಯಾಕ್ಸಿನೇಷನ್‌ನಂತಹ ಸೇವೆಗಳು."
Growth Measurement,ಬೆಳವಣಿಗೆಯ ಮಾಪನ
"Children of different age groups are monitored on monthly basis by AWWs. Health indicators like Stunting, Wasting and Underweight prevalence are measured as per WHO standards. Regular growth monitoring helps AWWs to provide relevant and timely assistance to children.","ವಿವಿಧ ವಯೋಮಾನದ ಮಕ್ಕಳನ್ನು AWW ಮಾಸಿಕವಾಗಿ ಮೇಲ್ವಿಚಾರಣೆ ಮಾಡುತ್ತಾರೆ. ಕುಂಠಿತವಾಗುವಿಕೆ, ಕ್ಷೀಣಿಸುವಿಕೆ ಮತ್ತು ಕಡಿಮೆ ತೂಕದಂತಹ ಆರೋಗ್ಯ ಸೂಚಕಗಳನ್ನು WHO ಮಾನದಂಡಗಳ ಪ್ರಕಾರ ಅಳೆಯಲಾಗುತ್ತದೆ. ನಿಯಮಿತ ಬೆಳವಣಿಗೆಯ ಮೇಲ್ವಿಚಾರಣೆಯು AWW, ಮಕ್ಕಳಿಗೆ ಸೂಕ್ತ ಮತ್ತು ಸಮಯೋಚಿತ ಸಹಾಯವನ್ನು ಒದಗಿಸಲು ಸಹಾಯ ಮಾಡುತ್ತದೆ."
Home Visit Alerts,ಮನೆ ಭೇಟಿ ಸೂಚನೆಗಳು
"The Poshan Tracker generates automated alerts to the critical last-mile beneficiaries. It also ensures efficient audit of the delivery system by documenting real time attendance of beneficiaries and duty bearers. This management information system will help the nutrition programme to scale efficiently, thereby generating and documenting positive impact.","ಪೋಶನ್ ಟ್ರ್ಯಾಕರ್ ಆ್ಯಪ್   ಫಲಾನುಭವಿಗಳಿಗೆ ಸ್ವಯಂಚಾಲಿತ ಸೂಚನೆಗಳನ್ನು ನೀಡುತ್ತದೆ. ಇದು ಫಲಾನುಭವಿಗಳು ಮತ್ತು ಕರ್ತವ್ಯ ಹೊಂದಿರುವವರ ನೈಜ ಸಮಯದ ಹಾಜರಾತಿಯನ್ನು ದಾಖಲಿಸುವ ಮೂಲಕ ವಿತರಣಾ ವ್ಯವಸ್ಥೆಯ ಸಮರ್ಥ ಲೆಕ್ಕಪರಿಶೋಧನೆಯನ್ನು ಖಚಿತಪಡಿಸುತ್ತದೆ. ಈ ನಿರ್ವಹಣಾ ಮಾಹಿತಿ ವ್ಯವಸ್ಥೆಯು ಪೌಷ್ಠಿಕಾಂಶ ಕಾರ್ಯಕ್ರಮವನ್ನು ಪರಿಣಾಮಕಾರಿಯಾಗಿ ಅಳೆಯುವಲ್ಲಿ ಸಹಾಯ ಮಾಡುತ್ತದೆ, ಇದರಿಂದ ಧನಾತ್ಮಕ ಪರಿಣಾಮವನ್ನು ಉಂಟುಮಾಡುತ್ತದೆ ಮತ್ತು ದಾಖಲಿಸುತ್ತದೆ."
Learning Videos,ಕಲಿಕಾ ವಿಡಿಯೋಗಳು
❮,❮
How to take care of weak newborn with the help of Kangaroo Mother Care,ಕಾಂಗರೂ ತಾಯಿ ಆರೈಕೆಯ ಸಹಾಯದಿಂದ ದುರ್ಬಲ ನವಜಾತ ಶಿಶುಗಳನ್ನು ಹೇಗೆ ಆರೈಕೆ ಮಾಡುವುದು
Preventing illnesses to avert Malnutrition and Death,ಅಪೌಷ್ಠಿಕತೆ ಮತ್ತು ಸಾವನ್ನು ತಡೆಯಲು ರೋಗವನ್ನು ತಡೆಗಟ್ಟುವುದು
Prevention of Anemia in children and adolescents girls,ಮಕ್ಕಳಲ್ಲಿ ಮತ್ತು ಹದಿಹರೆಯದ ಹೆಣ್ಣು ಮಕ್ಕಳಲ್ಲಿ ರಕ್ತ ಹೀನತೆ ತಡೆಗಟ್ಟುವುದು
Birth Preparedness- For Institutional and Home Delivery,ಜನನಕ್ಕಾಗಿ ಸಿದ್ದತೆ ಸಾಂಸ್ಥಿಕ ಮತ್ತು ಮನೆ ಹೆರಿಗೆಗಾಗಿ
Care of the weak newborn baby - How many weak babies are we missing?,ದುರ್ಬಲ ನವಜಾತ ಶಿಶುವಿನ ಆರೈಕೆ - ನಾವು ಎಷ್ಟು ದರ್ಬಲ ಮಕ್ಕಳನ್ನು ಕಳೆದುಕೊಳ್ಳುತ್ತಿದ್ದೇವೆ?
Feeding During Illness,ಅನಾರೋಗ್ಯದ ಸಮಯದಲ್ಲಿ ಪೋಷಣೆ
Preparation During Pregnancy - For NewBorn Care & Family Planning,ಗರ್ಭಾವಸ್ಥೆಯ ಸಮಯದಲ್ಲಿ ಸಿದ್ದತೆ - ಶಿಶುಗಳ ಆರೈಕೆಗೆ ಮತ್ತು ಕುಟುಂಬ ಯೋಜನೆ
Ensuring Exclusive Breastfeeding,ವಿಶೇಷ ಸ್ಥನಪಾನವನ್ನು ಖಾತರಿಪಡಿಸುವುದು
Assessment of growth in children,ಮಕ್ಕಳಲ್ಲಿನ ಬೆಳವಣಿಗೆಯ ಮೌಲ್ಯಮಾಪನ
Preventing anemia in women,ಹೆಂಗಸರಲ್ಲಿ ರಕ್ತಹೀನತೆಯನ್ನು ನಿಯಂತ್ರಿಸುವುದು
Complementary Feeding - Diet Diversity,ಪೂರಕ ಪೋಷಣೆ - ಆಹಾರ ವೈವಿಧ್ಯಗಳು
Identification and care of a Weak Newborn baby,ದುರ್ಬಲ ನವಜಾತ ಶಿಶುವಿನ ಗುರುತಿಸುವಿಕೆ ಮತ್ತು ಆರೈಕೆ
Observing Breastfeeding In Newborn Babies,ನವಜಾತ ಶಿಶುಗಳಲ್ಲಿ ಸ್ತನ್ಯಾಪಾನವನ್ನು ಗಮನಿಸುವುದು
Planning And Organising Community Based Events At AWC,ಏ. ಡಬ್ಲ್ಯೂ.ಸಿ. ನಲ್ಲಿ ಸಮುದಾಯ ಆಧಾರಿತ ಕಾರ್ಯಕ್ರಮಗಳನ್ನು ಯೋಜಿಸುವುದು ಮತ್ತು ಸಂಘಟಿಸುವುದು
Making or Updating Home Visit Planner and Initiating home visits,ಮನೆ ಭೇಟಿ ಯೋಜಕವನ್ನು ರಚಿಸಸುವುದು ಅಥವಾ ನವೀಕರಿಸುವುದು ಮತ್ತು ಮನೆ ಭೇಟಿಯನ್ನು ಪ್ರಾರಂಭಿಸುವುದು
Ensuring that complementary feeding improves over time,ಕಾಲಾನಂತರದಲ್ಲಿ ಪೂರಕ ಪೋಷಣೆ ಸುಧಾರಿಸುವುದನ್ನು ಖಚಿತಪಡಿಸಿಕೊಳ್ಳಿ
How to ensure timely initiation of complementary feeding,ಪೂರಕ ಆಹಾರದ  ಸಕಾಲಿಕ  ಆರಂಭವನ್ನು ಹೇಗೆ ಖಚಿತಪಡಿಸಿಕೊಳ್ಳುವುದು
Identifying and preventing Severe Acute Malnutrition,ತೀವ್ರ ಅಪೌಷ್ಟಿಕತೆಯನ್ನು ಗುರುತಿಸುವುದು ಮತ್ತು ತಡೆಗಟ್ಟುವುದು
Identification & Referral of Sick Newborn,ಅನಾರೋಗ್ಯ ನವಜಾತ ಶಿಶುವಿನ ಗುರುತಿಸುವಿಕೆ ಮತ್ತು ಉಲ್ಲೇಖ
Supporting mothers with issues in Breastfeeding,ಸ್ತನ್ಯಪಾನ ಸಮಸ್ಯೆಗಳಿರುವ ತಾಯಂದಿರಿಗೆ ಸಹಾಯ ಮಾಡುವುದು
Why this Monthly Meeting?,ಈ ಮಾಸಿಕ ಸಭೆ ಏಕೆ?
❯,❯
Awareness,ಜಾಗೃತಿಗಳು
ALL ,ಎಲ್ಲಾ 
GENERAL ,ಸಾಮಾನ್ಯ 
Pregnant Women ,ಗರ್ಭಿಣಿ ಮಹಿಳೆಯರು 
Lactating Mothers ,ಹಾಲುಣಿಸುವ ತಾಯಂದಿರು 
CHILD CARE ,ಮಗುವಿನ ಪೋಷಣೆ 
Download PDF,ಪಿಡಿಎಫ್ ಡೌನ್ಲೋಡ್ ಮಾಡಿ
General Awareness about Growth Monitoring of Children,ಮಕ್ಕಳ ಬೆಳವಣಿಗೆಯನ್ನು ಗಮನಿಸುವ ಬಗ್ಗೆ ಸಾಮಾನ್ಯ ಅರಿವು
General Awareness about preventing illness in Children,ಮಕ್ಕಳಲ್ಲಿ ರೋಗ ತಡೆಗಟ್ಟುವಿಕೆಯ ಬಗ್ಗೆ ಸಾಮಾನ್ಯ ಅರಿವು
General Awareness for Pregnancy,ಗರ್ಭಧಾರಣೆಯ ಸಾಮಾನ್ಯ ಅರಿವು
General Awareness on Module,ಮಾಡ್ಯೂಲ್‌ಗಳ ಮೇಲೆ ಸಾಮಾನ್ಯ ಅರಿವು
General Awareness on Anaemia,ರಕ್ತಹೀನತೆಯ ಬಗ್ಗೆ ಸಾಮಾನ್ಯ ಅರಿವು
General Awareness on SAM and MAM,SAM ಮತ್ತು MAM ಕುರಿತು ಸಾಮಾನ್ಯ ಅರಿವು
General Awareness on Mother Care,ತಾಯಿಯ ಆರೈಕೆಯ ಬಗ್ಗೆ ಸಾಮಾನ್ಯ ಅರಿವು
General Awareness on the Delivery of the child,ಶಿಶುವಿನ ಜನ್ಮದ ಬಗ್ಗೆ ಸಾಮಾನ್ಯ ಅರಿವು
Pregnant Women,ಗರ್ಭಿಣಿ ಮಹಿಳೆಯರು
Awareness for Pregnancy in Preventing Anemia,ರಕ್ತಹೀನತೆಯನ್ನು ತಡೆಗಟ್ಟುವಲ್ಲಿ ಗರ್ಭಾವಸ್ಥೆಯ ಬಗ್ಗೆ ಜಾಗೃತಿ
Lactating Mothers,ಹಾಲುಣಿಸುವ ತಾಯಂದಿರು
Awareness for Lactating Mother Complimentary Feeding for Children,ಶಿಶುಗಳಿಗೆ ಹಾಲುಣಿಸುವ ತಾಯಿಯ ಆಹಾರ ಪೂರಕಗಳ ಬಗ್ಗೆ ಅರಿವು
Awareness to Lactating Mother,ಹಾಲುಣಿಸುವ ತಾಯಿಗೆ ಅರಿವು ಮೂಡಿಸುವುದು
"Awareness for Children Stunting, Wasting to prevent malnutrition in children",ಮಕ್ಕಳಲ್ಲಿನ ಅಪೌಷ್ಟಿಕತೆ ತಡೆಗಟ್ಟಲು ಕುಂಠಿತ ಸ್ಥಿತಿಯ ಬಗ್ಗೆ ಜಾಗೃತಿ
Growth Monitoring Assessment Charts,ಬೆಳವಣಿಗೆಯ ಮಾನಿಟರಿಂಗ್ ಮೌಲ್ಯಮಾಪನ ಪಟ್ಟಿ
Stunted Assessment Parameters, ಕುಂಠಿತ  ಮೌಲ್ಯಮಾಪನ  ನಿಯತಾಂಕಗಳು
Wasted Assessment Parameters,ಅರ್ಥಹೀನ ಮೌಲ್ಯಮಾಪನ ನಿಯತಾಂಕಗಳು
Underweight Assessment Parameters,ಕಡಿಮೆ ತೂಕದ ಮೌಲ್ಯಮಾಪನ ನಿಯತಾಂಕಗಳು
Manuals,ಕೈಪಿಡಿಗಳು
Poshan Tracker Process Flow,ಪೋಷಣ್ ಟ್ರ್ಯಾಕರ್ ಪ್ರಕ್ರಿಯೆಯ ಹರಿವು
Circulars/Notifications,ಸುತ್ತೋಲೆಗಳು/ಅಧಿಸೂಚನೆಗಳು
Clarification regarding Cost of Smart phones,ಸ್ಮಾರ್ಟ್ ಫೋನ್ ಬೆಲೆ ಬಗ್ಗೆ ಸ್ಪಷ್ಟನೆ
Uploading of Data of Anganwadi Services Schemes in Poshan Tracker,ಪೋಶನ್ ಟ್ರ್ಯಾಕರ್‌ನಲ್ಲಿ ಅಂಗನವಾಡಿ ಸೇವಾ ಯೋಜನೆಗಳ ಡೇಟಾವನ್ನು ಅಪ್‌ಲೋಡ್ ಮಾಡಲಾಗುತ್ತಿದೆ
Data Plan for Mobile Application,ಮೊಬೈಲ್ ಅಪ್ಲಿಕೇಶನ್‌ಗಾಗಿ ಡೇಟಾ ಯೋಜನೆ
Specifications of Smart phone and Technical Compatibility Testing,ಸ್ಮಾರ್ಟ್ ಫೋನ್ ವಿವರಣೆ ಮತ್ತು ತಾಂತ್ರಿಕ ಹೊಂದಾಣಿಕೆ ಪರೀಕ್ಷೆ
Training on ICT Platform under POSHAN Abhiyaan,ಪೋಶನ್ ಅಭಿಯಾನದ ಅಡಿಯಲ್ಲಿ ಐಸಿಟಿ ವೇದಿಕೆಯಲ್ಲಿ ತರಬೇತಿ
New Poshan Tracker App - CSC-SPV Nodal Person,ಹೊಸ ಪೋಶನ್ ಟ್ರ್ಯಾಕರ್ ಅಪ್ಲಿಕೇಶನ್ - CSC-SPV ನೋಡಲ್ ವ್ಯಕ್ತಿ
New Poshan Tracker App,ಹೊಸ ಪೋಶನ್ ಟ್ರ್ಯಾಕರ್ ಅಪ್ಲಿಕೇಶನ್
Birth,ಜನನ
Bacillus Calmette Guerin (BCG),ಬ್ಯಾಸಿಲಸ್ ಕ್ಯಾಲ್ಮೆಟ್ ಗೆರಿನ್ (BCG)
Oral Polio Vaccine (OPV)-0 dose ,ಓರಲ್ ಪೋಲಿಯೊ ಲಸಿಕೆ (OPV)-0 ಡೋಸೇಜ್ 
Hepatitis B birth dose OPV-1 T,ಹೆಪಟೈಟಿಸ್ ಬಿ ಬರ್ತ್ ಡೋಸ್ OPV-1T
6 ,6 
Weeks,ವಾರಗಳು
OPV-1,OPV-1
Pentavalent-1,ಪೆಂಟಾವಲೆಂಟ್-1
Rotavirus Vaccine (RVV)-1,ರೋಟವೈರಸ್ ಲಸಿಕೆ (RVV)-1
Fractional dose of Inactivated Polio Vaccine (fIPV)-1,ನಿಷ್ಕ್ರಿಯಗೊಳಿಸಿದ ಪೋಲಿಯೊ ಲಸಿಕೆ (ಎಫ್‌ಐಪಿವಿ)-1 ರ ಭಾಗಶಃ ಪ್ರಮಾಣ
Pneumococcal Conjugate Vaccine (PCV) -1,ನ್ಯುಮೋಕೊಕಲ್ ಕಾಂಜುಗೇಟ್ ಲಸಿಕೆ (PCV)-1
OPV-2,OPV-2
Pentavalent-2,ಪೆಂಟಾವಲೆಂಟ್-2
RVV-2,RVV-2
14 ,14 
OPV-3,OPV-3
Pentavalent-3,ಪೆಂಟಾವಲೆಂಟ್-3
RVV-3,ಆರ್ವಿವಿ-3
9 - 12 ,9 - 12 
Months,ತಿಂಗಳು
Measles Containing vaccine (MCV)/Measles & Rubella (MR)-1,ದಡಾರ ಹೊಂದಿರುವ ಲಸಿಕೆ (MCV) / ದಡಾರ ಮತ್ತು ರುಬೆಲ್ಲಾ (MR)-1
Japanese Encephalitis(JE)-1**,ಜಪಾನೀಸ್ ಎನ್ಸೆಫಾಲಿಟಿಸ್ (ಜೆಇ)-1**
PCV-Booster,ಪಿಸಿವಿ-ಬೂಸ್ಟರ್
16 - 24 ,16 - 24 
Measles Containing vaccine (MCV)/MR-2,ದಡಾರ ಲಸಿಕೆ (MCV)/MR-2
Diphtheria,ಡಿಫ್ತೀರಿಯಾ
Pertussis & Tetanus (DPT)-Booster-1,ಪೆರ್ಟುಸಿಸ್ ಮತ್ತು ಟೆಟನಸ್ (DPT)-ಬೂಸ್ಟರ್-1
OPV –Booster,OPV-ಬೂಸ್ಟರ್
5 - 6 ,5 - 6 
Years,ವರ್ಷಗಳು
DPT-Booster-2,DPT-ಬೂಸ್ಟರ್-2
"Td1, 2 or Td Booster***","Td1, ಗರ್ಭಿಣಿ  ಮಹಿಳೆಯರ ಪಟ್ಟಿ ***"
Select State,ರಾಜ್ಯವನ್ನು ಆರಿಸಿ
Select District,ಜಿಲ್ಲೆಯನ್ನು ಆಯ್ಕೆಮಾಡಿ
-,-
Login to your account,ನಿಮ್ಮ ಖಾತೆಗೆ ಲಾಗಿನ್ ಆಗಿ
User Name ,ಬಳಕೆದಾರ ಹೆಸರು 
Password ,ಪಾಸ್ವರ್ಡ್ 
Login,ಲಾಗಿನ್ ಮಾಡಿ
اردو,اردو
کٲشُر,کٲشُر
OPEN A NEW TICKET,ಹೊಸ ಟಿಕೆಟ್ ತೆರೆಯಿರಿ
CHECK TICKET STATUS,ಟಿಕೆಟ್ ಸ್ಥಿತಿಯನ್ನು ಪರಿಶೀಲಿಸಿ
Create a New Ticket,ಹೊಸ ಟಿಕೆಟ್ ರಚಿಸಿ
Please fill in the form below to create a new ticket. Anganwadi Worker will reach out to you within 48 hours..,ಹೊಸ ಟಿಕೆಟ್ ರಚಿಸಲು ಕೆಳಗಿನ ಫಾರ್ಮ್ ಅನ್ನು ಭರ್ತಿ ಮಾಡಿ. AWW 48 ಗಂಟೆಗಳ ಒಳಗೆ ನಿಮ್ಮನ್ನು ಸಂಪರ್ಕಿಸುತ್ತಾರೆ..
Beneficiary Category ,ಫಲಾನುಭವಿ ವರ್ಗ 
Select a Beneficiary Category,ಫಲಾನುಭವಿ ವರ್ಗ ಆಯ್ಕೆಮಾಡಿ
Children (0-6 months),ಮಕ್ಕಳು (0-6 ತಿಂಗಳು)
Children (6 months - 3 years),ಮಕ್ಕಳು (6 ತಿಂಗಳು - 3 ವರ್ಷಗಳು)
Children (3 - 6 years),ಮಕ್ಕಳು (3-6 ವರ್ಷಗಳು)
Query Related to ,ಸಂಬಂಧಿಸಿದ ಪ್ರಶ್ನೆಗಳು 
Select Query Related to,ಸಂಬಂಧಿಸಿದ ಪ್ರಶ್ನೆಯನ್ನು ಆಯ್ಕೆಮಾಡಿ
Supervisor,ಮೇಲ್ವಿಚಾರಕ
Help Topic ,ಸಹಾಯ ವಿಷಯ 
Description ,ವಿವರಣೆ 
Select a Description,ವಿವರಣೆಯನ್ನು ಆಯ್ಕೆಮಾಡಿ
Name ,ಹೆಸರು 
Mobile Number ,ಮೊಬೈಲ್ ನಂಬರ 
Email,ಇಮೇಲ್
Having difficulty raising ticket?,ಟಿಕೆಟ್ ಪಡೆಯುವಲ್ಲಿ ಸಮಸ್ಯೆ ಉಂಟಾಗುತ್ತಿದೆಯೇ?
support-poshantrackr@gov.in,support-poshantrackr@gov.in
By District,ಜಿಲ್ಲೆ ಪ್ರಕಾರ
State ,ರಾಜ್ಯ 
District ,ಜಿಲ್ಲೆ 
Project ,ಯೋಜನೆ 
Select Project,ಪ್ರಾಜೆಕ್ಟ್ ಆಯ್ಕೆಮಾಡಿ
Sector ,ವಲಯ 
Select Sector,ಸೆಕ್ಟರ್ ಆಯ್ಕೆಮಾಡಿ
Anganwadi Center ,ಅಂಗನವಾಡಿ ಕೇಂದ್ರ 
Select An Anganwadi center,ಅಂಗನವಾಡಿ ಕೇಂದ್ರವನ್ನು ಆಯ್ಕೆಮಾಡಿ
Create Ticket,ಟಿಕೆಟ್ ರಚಿಸಿ
Reset,ಮರುಹೊಂದಿಸಿ
Can App be accessed without internet?,ಇಂಟರ್ನೆಟ್ ಇಲ್ಲದೆ ಈ ಆಪ್ಪ್ ಅನ್ನು ಪ್ರವೇಶಿಸಬಹುದೇ?
"App can be accessed offline, currently daily tracking feature is available for offline data entry. Offline mode can store latest 3 days data.","ಇಲ್ಲ, ಮಾನ್ಯವಾದ ಇಂಟರ್ನೆಟ್ ಇಲ್ಲದೆ ಈ ಆಪ್ಪ್ ಕೆಲಸ ಮಾಡುವುದಿಲ್ಲ."
Who are the target userbase of Poshan Tracker App?,ಪೋಷಣ್ ಟ್ರ್ಯಾಕರ್ ಆಪ್ಪ್ ನ ಉದ್ದೇಶಿತ ಬಳಕೆದಾರರು ಯಾರು?
"Poshan Tracker App is meant for Aanganwadi workers, Anganwadi centers to enter beneficiaries data in the forms. It is not at all developed for general public.","ಅಂಗನವಾಡಿ ಕಾರ್ಮಿಕರು, ಅಂಗನವಾಡಿ ಕೇಂದ್ರಗಳು ಫಲಾನುಭವಿಗಳ ಡೇಟಾವನ್ನು ನಮೂನೆಗಳಲ್ಲಿ ನಮೂದಿಸಲು ಪೋಶನ್ ಟ್ರ್ಯಾಕರ್ ಅಪ್ಲಿಕೇಶನ್ ಸ್ರಿಷ್ಟಿಸಲಾಗಿದೆ. ಇದು ಸಾಮಾನ್ಯ ಜನರಿಗೆ ಅಭಿವೃದ್ಧಿ ಹೊಂದಿಲ್ಲ."
How to Login in Poshan Tracker App?,ಪೋಷಣ್ ಟ್ರ್ಯಾಕರ್ ಆಪ್ಪ್ ಅನ್ನು ಪ್ರವೇಶಿಸುವುದು (ಲಾಗಿನ್) ಹೇಗೆ?
"AWWs are requested to enter their mobile numbers in the Login screen. An OTP will be sent to your registered mobile number, post which you are required too set your MPIN.","ತಮ್ಮ ಮೊಬೈಲ್ ಸಂಖ್ಯೆಯನ್ನು ಎಡಬ್ಯುಡಬ್ಲ್ಯು ಗಳು ಲಾಗಿನ್ ಪರದೆಯಲ್ಲಿ ನಮೂದಿಸಲು ವಿನಂತಿಸಲಾಗಿದೆ. ನಿಮ್ಮ ನೋಂದಾಯಿತ ಮೊಬೈಲ್ ಸಂಖ್ಯೆಗೆ ಒಟಿಪಿ ಕಳುಹಿಸಲಾಗುವುದು, ತದನಂತರ ನೀವು ನಿಮ್ಮ ಎಮ್.ಪಿನ್ ಗೊತ್ತುಪಡಿಸಬೇಕು."
What is  MPIN?,ಎಂಪಿನ್ ಅಂದರೆ ಏನು?
MPIN is a 4 digits passcode which is set by an Anganwadi worker while registering over the Poshan Tracker App.,"ಎಂಪಿನ್ ೪ ಅಂಕೆಗಳ ಪಾಸ್‌ಕೋಡ್ ಆಗಿದ್ದು, ಇದನ್ನು ಒಬ್ಬ ಅಂಗನ್ವಾಡಿ ಕಾರ್ಯಕರ್ತರು ಪೋಷಣ್ ಆಪ್ ಮೂಲಕ ನಮೂದಿಸುವಾಗ ಹೋದಿಸಿರುತ್ತಾರೆ."
How to set MPIN?,ಎಂಪಿನ್ ಅನ್ನು ಸೆಟ್ ಮಾಡುವುದು ಹೇಗೆ?
"MPIN can be set by respective Anganwadi worker by requesting an OTP against his/her mobile number. If Mobile number is already present in the database, the respective Anganwadi person will receive 4 digits OTP on registered mobile number. Post entering the OTP, AWW can easily set customized MPIN.","ಆಯಾ ಅಂಗನವಾಡಿ ಕೆಲಸಗಾರನು ಅವನ / ಅವಳ ಮೊಬೈಲ್ ಸಂಖ್ಯೆಯ ವಿರುದ್ಧ ಒಟಿಪಿಯನ್ನು ವಿನಂತಿಸುವ ಮೂಲಕ ಎಂಪಿನ್ ಅನ್ನು ಹೊಂದಿಸಬಹುದು. ಮೊಬೈಲ್ ಸಂಖ್ಯೆ ಈಗಾಗಲೇ ಡೇಟಾಬೇಸ್‌ನಲ್ಲಿ ಇದ್ದರೆ, ಆಯಾ ಅಂಗನವಾಡಿ ವ್ಯಕ್ತಿಯು ನೋಂದಾಯಿತ ಮೊಬೈಲ್ ಸಂಖ್ಯೆಯಲ್ಲಿ ೪ ಅಂಕೆಗಳ ಒಟಿಪಿ ಸ್ವೀಕರಿಸುತ್ತಾರೆ. OTP ಯನ್ನು ನಮೂದಿಸಿದ ನಂತರ,ಎಡಬ್ಲ್ಯುಡಬ್ಲ್ಯು ಕಸ್ಟಮೈಸ್ ಮಾಡಿದ ಎಂಪಿನ್ ಅನ್ನು ಸುಲಭವಾಗಿ ಹೊಂದಿಸಬಹುದು."
When and how to use MPIN?,ಯಾವಾಗ ಮತ್ತು ಹೇಗೆ ಎಂಪಿನ್ ಬಳಸಬಹುದು?
"While login to the Poshan Tracker App, AWWs are required to enter the MPIN set by them. This MPIN will act as a passcode to run the Poshan Tracker App and entering the information in the beneficiaries forms.","ಪೋಷಣ್ ಟ್ರ್ಯಾಕರ್ ಅಪ್ಲಿಕೇಶನ್‌ಗೆ ಲಾಗಿನ್ ಆಗುವಾಗ, ಎಡಬ್ಲ್ಯೂಡಬ್ಲ್ಯೂಗಳು ಅವರು ಹೊಂದಿಸಿದ ಎಂ.ಪಿಇನ್ ಅನ್ನು ನಮೂದಿಸಬೇಕಾಗುತ್ತದೆ. ಈ ಎಂಪಿಐಎನ್ ಪೋಷಣ್ ಟ್ರ್ಯಾಕರ್ ಅಪ್ಲಿಕೇಶನ್ ಅನ್ನು ಚಲಾಯಿಸಲು ಪಾಸ್ಕೋಡ್ ಆಗಿ ಕಾರ್ಯನಿರ್ವಹಿಸುತ್ತದೆ ಮತ್ತು ಫಲಾನುಭವಿಗಳ ಫಾರ್ಮ್ಗಳಲ್ಲಿ ಮಾಹಿತಿಯನ್ನು ನಮೂದಿಸುತ್ತದೆ"
How to Reset MPIN?,ಎಂಪಿನ್ ಮರು ರಚಿಸುವುದು ಹೇಗೆ?
"MPIN can be easily reset by any AWW/AWC user. You are required to click on Forgot MPIN, and enter your registered mobile number. You will receive and OTP on your registered mobile number and you can ealily reset your MPIN","ಯಾವುದೇ ಎಡಬ್ಲ್ಯುಡಬ್ಲ್ಯು / ಎಡಬ್ಲ್ಯೂಸಿ ಬಳಕೆದಾರರಿಂದ ಎಂಪಿಐಎನ್ ಅನ್ನು ಸುಲಭವಾಗಿ ಮರುರಚಿಸಬಹುದು. ನೀವು ಮರೆತುಹೋದ ಎಂಪಿನ್ ಕ್ಲಿಕ್ ಮಾಡಬೇಕಾಗುತ್ತದೆ, ಮತ್ತು ನಿಮ್ಮ ನೋಂದಾಯಿತ ಮೊಬೈಲ್ ಸಂಖ್ಯೆಯನ್ನು ನಮೂದಿಸಿ. ನಿಮ್ಮ ನೋಂದಾಯಿತ ಮೊಬೈಲ್ ಸಂಖ್ಯೆಯಲ್ಲಿ ನೀವು ಒಟಿಪಿ ಸ್ವೀಕರಿಸುತ್ತೀರಿ ಮತ್ತು ನಿಮ್ಮ ಎಂಪಿನ್ ಅನ್ನು ನೀವು ಸುಲಭವಾಗಿ ಮರುರಚಿಸಬಹುದು."
In How many languages the Poshan Tracker App is available?,ಪೋಷಣ್ ಟ್ರ್ಯಾಕರ್ ಅಪ್ಲಿಕೇಶನ್ ಎಷ್ಟು ಭಾಷೆಗಳಲ್ಲಿ ಲಭ್ಯವಿದೆ?
Poshan Tracker App is available in 22 different languages,ಪೋಶನ್ ಟ್ರ್ಯಾಕರ್ ಅಪ್ಲಿಕೇಶನ್ ೨೨ ವಿವಿಧ ಭಾಷೆಗಳಲ್ಲಿ ಲಭ್ಯವಿದೆ
The various languages available are:,ಲಭ್ಯವಿರುವ ವಿವಿಧ ಭಾಷೆಗಳು:
English,ಇಂಗ್ಲಿಷ್
Hindi,ಹಿಂದಿ
Gujarati,ಗುಜರಾತಿ
Punjabi,ಪಂಜಾಬಿ
Marathi,ಮರಾಠಿ
Bangla,ಬಾಂಗ್ಲಾ
Kannada,ಕನ್ನಡ
Tamil,ತಮಿಳು
Telugu,ತೆಲುಗು
Malyalam,ಮಳ್ಯಾಳಮ್
Odia,ಒಡಿಯಾ
Assamese,ಅಸ್ಸಾಮೀಸ್
In how many languages AWW can enter the data while filling up the form?,ಫಾರ್ಮ್ ಅನ್ನು ಭರ್ತಿ ಮಾಡುವಾಗ ಎಡಬ್ಲ್ಯುಡಬ್ಲ್ಯು ಅಥವಾ ಎಡಬ್ಲ್ಯೂಸಿ ಎಷ್ಟು ಭಾಷೆಗಳಲ್ಲಿ ಡೇಟಾವನ್ನು ನಮೂದಿಸಬಹುದು?
There are limited fields for data entry. Name is required to be entered in English language and for other fields numeric values are required. Most of the features are provided in check boxes or with drop down selection menu. Reports to be updated.,ಎಡಬ್ಲ್ಯುಡಬ್ಲ್ಯುಇಂಗ್ಲಿಷ್ ಭಾಷೆಯಲ್ಲಿ ಮಾತ್ರ ಫಾರ್ಮ್ ಭರ್ತಿ ಮಾಡಬಹುದು
How many different forms are there in Poshan Tracker App?,ಪೋಷಣ್ ಟ್ರ್ಯಾಕರ್ ಅಪ್ಲಿಕೇಶನ್‌ನಲ್ಲಿ ಎಷ್ಟು ವಿಭಿನ್ನ ರೂಪಗಳಿವೆ?
There are 7 different types of forms for beneficiaries. This includes:,ಫಲಾನುಭವಿಗಳಿಗೆ ೭ ವಿವಿಧ ಪ್ರಕಾರಗಳಿವೆ. ಇದು ಒಳಗೊಂಡಿದೆ:
Lactating mother, ಹಾಲುಣಿಸುವ ತಾಯಿ
Pregnant women, ಗರ್ಭಿಣಿಯರು
Child 0-6 Months,(೦-೬) ತಿಂಗಳ ಮಗು
Child 6 Months to 3 Years,(೬ ತಿಂಗಳು-೩ ವರ್ಷದ) ಮಗು
Child  3 Years to 6 Years,(೩-೬ ವರ್ಷದ) ಮಗು
Adolescent Girls (11 Years-19 Years), ಕಿಶೋರರು(೧೧-೧೯ ವರ್ಷ)
What information to be added in AWC forms?,ಎಡಬ್ಲ್ಯೂಸಿ ನಮೂನೆಗಳಲ್ಲಿ ಯಾವ ಮಾಹಿತಿಯನ್ನು ಸೇರಿಸಬೇಕು?
"AWW are required to enter details related to infrastructure present in a particular Anganwadi centre. This includes structure, basic amenities, facilities, sanitization, drinking water etc.","ಎಡಬ್ಲ್ಯುಡಬ್ಲ್ಯು ಗಳು ನಿರ್ದಿಷ್ಟ ಅಂಗನವಾಡಿ ಕೇಂದ್ರದಲ್ಲಿ ಇರುವ ಮೂಲಸೌಕರ್ಯಕ್ಕೆ ಸಂಬಂಧಿಸಿದ ವಿವರಗಳನ್ನು ನಮೂದಿಸ ಬೇಕು. ಇದರಲ್ಲಿ ರಚನೆ, ಮೂಲ ಸೌಕರ್ಯಗಳು, ಸೌಲಭ್ಯಗಳು, ನೈರ್ಮಲ್ಯೀಕರಣ, ಕುಡಿಯುವ ನೀರು ಇತ್ಯಾದಿಗಳು ಸೇರಿವೆ."
How AWWS can sign up on the app if they are unable to register via their mobile numbers?,ತಮ್ಮ ಮೊಬೈಲ್ ಸಂಖ್ಯೆಗಳ ಮೂಲಕ ನೋಂದಾಯಿಸಲು ಸಾಧ್ಯವಾಗದಿದ್ದರೆ ಎಡಬ್ಲ್ಯುಡಬ್ಲ್ಯುಗಳು ಅಪ್ಲಿಕೇಶನ್‌ನಲ್ಲಿ ಹೇಗೆ ಸೈನ್ ಅಪ್ ಮಾಡಬಹುದು?
In case AWW is unsuccessful in registering themselves there might be 2 possibilities:,ಒಂದು ವೇಳೆ ಎಡಬ್ಲ್ಯುಡಬ್ಲ್ಯು ತಮ್ಮನ್ನು ನೋಂದಾಯಿಸಿಕೊಳ್ಳುವಲ್ಲಿ ವಿಫಲವಾದರೆ ೨ ಸಾಧ್ಯತೆಗಳಿವೆ
Their mobile number is not present in the data provided by the states to the MoWCD,ಎಮೊ.ಡಬ್ಲ್ಯು.ಸಿ.ಡಿ ಗೆ ರಾಜ್ಯಗಳು ಒದಗಿಸಿದ ಡೆಟಾದಲ್ಲಿ ಅವರ ಮೊಬೈಲ್ ಸಂಖ್ಯೆ ಇರುವುದಿಲ್ಲ
They are newly added to the system and their mobile number is not yet provided by the state cell to the MoWCD., ಅವುಗಳನ್ನು ವ್ಯವಸ್ಥೆಗೆ ಹೊಸದಾಗಿ ಸೇರಿಸಲಾಗಿದೆ ಮತ್ತು ಅವರ ಮೊಬೈಲ್ ಸಂಖ್ಯೆಯನ್ನು ರಾಜ್ಯಕೋಶಕ್ಕೆ ಇನ್ನೂ ಎಮೊ.ಡಬ್ಲ್ಯು.ಸಿ.ಡಿ ಗೆ ಒದಗಿಸಿಲ್ಲ
In both the above cases state nodal officers are empowered to add/ edit/Activate/Deactivate any of the AWW., ಮೇಲಿನ ಎರಡೂ ಸಂದರ್ಭ್ಹಗಳಲ್ಲಿ ಯಾವುದೇ ಅಡಬ್ಲ್ಯುಡಬ್ಲ್ಯು ಅನ್ನು ಸೇರಿಸಲು/ಸಂಪಾದಿಸಲು/ಸಕ್ರಿಯಗೊಳಿಸಲು/ನಿಷ್ಕ್ರಿಯಗೊಳಿಸಲು ರಾಜ್ಯ ನೋಡಲ್ ಅಧಿಕಾರಿಗಳಿಗೆ ಅಧಿಕಾರವಿದೆ.
How can one access Poshan Tracker Dashboard?,ಪೋಷಣ್ ಟ್ರ್ಯಾಕರ್ ಡ್ಯಾಶ್ ಬೋರ್ಡ್ ಅನ್ನು ಹೇಗೆ ಪ್ರವೇಶಿಸಬಹುದು?
Poshan Tracker Dashboard can be accessed by signing onto the dashboard. Dashboard can be accessed by clicking the link ,ಡ್ಯಾಶ್‌ಬೋರ್ಡ್‌ಗೆ ಸೈನ್ ಇನ್ ಮಾಡುವ ಮೂಲಕ ಪೋಶನ್ ಟ್ರ್ಯಾಕರ್ ಡ್ಯಾಶ್‌ಬೋರ್ಡ್ ಅನ್ನು ಪ್ರವೇಶಿಸಬಹುದು. 
" Only nominated Nodal level officials at National, State, District, Project and Sector level are provided with a unique credentials to access the dashboard."," ಲಿಂಕ್ ಅನ್ನು ಕ್ಲಿಕ್ ಮಾಡುವುದರ ಮೂಲಕ ಡ್ಯಾಶ್‌ಬೋರ್ಡ್ ಅನ್ನು ಪ್ರವೇಶಿಸಬಹುದು. ರಾಷ್ಟ್ರೀಯ, ರಾಜ್ಯ, ಜಿಲ್ಲೆ, ಯೋಜನೆ ಮತ್ತು ವಲಯ ಮಟ್ಟದಲ್ಲಿ ನಾಮನಿರ್ದೇಶಿತ ನೋಡಲ್ ಮಟ್ಟದ ಅಧಿಕಾರಿಗಳಿಗೆ ಮಾತ್ರ ಡ್ಯಾಶ್‌ಬೋರ್ಡ್ ಪ್ರವೇಶಿಸಲು ಅನನ್ಯ ರುಜುವಾತುಗಳನ್ನು ನೀಡಲಾಗುತ್ತದೆ."
How one can add AWW/AWCs?,ಎಡಬ್ಲ್ಯುಡಬ್ಲ್ಯು / ಎಡಬ್ಲ್ಯುಸಿ ಅನ್ನು ಹೇಗೆ ಸೇರಿಸಬಹುದು?
AWW/AWCs can only be added by nodal level official. Anybody in the above rank in the hierarchy.,"ಎಡಬ್ಲ್ಯುಡಬ್ಲ್ಯು / ಎಡಬ್ಲ್ಯೂಸಿ ಗಳನ್ನು ನೋಡಲ್ ಮಟ್ಟದ ಅಧಿಕಾರಿ ಮಾತ್ರ ಸೇರಿಸಬಹುದು. ಕ್ರಮಾನುಗತದಲ್ಲಿ ಮೇಲಿನ ಯಾರಾದರೂ ರಾಷ್ಟ್ರಮಟ್ಟದ ಬಳಕೆದಾರರು ರಾಜ್ಯ, ಜಿಲ್ಲೆ, ಯೋಜನೆ ಮತ್ತು ವಲಯ ಮಟ್ಟದ ಬಳಕೆದಾರರನ್ನು ರಚಿಸಬಹುದು. ರಾಜ್ಯ ಮಟ್ಟದ ಬಳಕೆದಾರರು ಜಿಲ್ಲೆ, ಯೋಜನೆ ಮತ್ತು ವಲಯ ಮಟ್ಟದ ಬಳಕೆದಾರರನ್ನು ರಚಿಸಬಹುದು, ಜಿಲ್ಲಾ ಮಟ್ಟದ ಬಳಕೆದಾರರು ಯೋಜನೆ ಮತ್ತು ವಲಯ ಮಟ್ಟದ ಬಳಕೆದಾರರನ್ನು ರಚಿಸಬಹುದು, ಪ್ರಾಜೆಕ್ಟ್ ಮಟ್ಟದ ಬಳಕೆದಾರರು ವಲಯ ಮಟ್ಟದ ಬಳಕೆದಾರರನ್ನು ರಚಿಸಬಹುದು."
How many different types of reports can be generated over Poshan Tracker Dashboard?,ಪೋಷಣ್ ಟ್ರ್ಯಾಕರ್ ಡ್ಯಾಶ್‌ಬೋರ್ಡ್‌ನಲ್ಲಿ ಎಷ್ಟು ವಿಭಿನ್ನ ರೀತಿಯ ವರದಿಗಳನ್ನು ಉತ್ಪಾದಿಸಬಹುದು?
There are various reports that can be generated from,ಹಲವು ವರದಿಗಳನ್ನು ಇದರಿಂದ ಉತ್ಪಾದಿಸಬಹುದು.
General Reports:,ಸಾಮಾನ್ಯ ವರದಿಗಳು:
Number of app  downloads,ಆಪ್ಪ್ ಡೌನ್ಲೋಡ್ಗಳ ಸಂಖ್ಯೆ
Total number of Anganwadi centers registered,ನೋಂದಾಯಿತ ಅಂಗನವಾಡಿ ಕೇಂದ್ರಗಳ ಒಟ್ಟು ಸಂಖ್ಯೆ
Total number of beneficiaries registered (National/state/district/block wise),ನೋಂದಾಯಿತ ಫಲಾನುಭವಿಗಳ ಒಟ್ಟು ಸಂಖ್ಯೆ(ರಾಷ್ಟ್ರ/ರಾಜ್ಯ/ಜಿಲ್ಲಾ/ಬ್ಲಾಕ್ವಾರು)
Total Number of pregnant women registered(National/state/district/block wise),ನೋಂದಾಯಿತ ಗರ್ಭಿಣಿಯರ ಒಟ್ಟು ಸಂಖ್ಯೆ(ರಾಷ್ಟ್ರ/ರಾಜ್ಯ/ಜಿಲ್ಲಾ/ಬ್ಲಾಕ್ವಾರು)
Total Number of  lactating mothers registered(National/state/district/block wise),ನೋಂದಾಯಿತ ಹಾಲುಣಿಸುವ ತಾಯಂದಿರ ಒಟ್ಟು ಸಂಖ್ಯೆ(ರಾಷ್ಟ್ರ/ರಾಜ್ಯ/ಜಿಲ್ಲಾ/ಬ್ಲಾಕ್ವಾರು)
Total Number of children (0-6months) registered(National/state/district/block wise),ನೋಂದಾಯಿತ ಮಕ್ಕಳ(೦ -೬ ತಿಂಗಳು)ಒಟ್ಟು ಸಂಖ್ಯೆ(ರಾಷ್ಟ್ರ/ರಾಜ್ಯ/ಜಿಲ್ಲಾ/ಬ್ಲಾಕ್ವಾರು)
Total Number of children (6months-3years) registered(National/state/district/ block wise),ನೋಂದಾಯಿತ ಮಕ್ಕಳ(೬ ತಿಂಗಳು-೩ ವರ್ಷ) ಒಟ್ಟು ಸಂಖ್ಹ್ಯೆ(ರಾಷ್ಟ್ರ/ರಾಜ್ಯ/ಜಿಲ್ಲಾ/ಬ್ಲಾಕ್ವಾರು)
Total Number of children (3-6years) registered(National/state/district/ block wise),మొత్తం పిల్లల సంఖ్య (೩-೬ సంవత్సరాలు) నమోదు (జాతీయ / రాష్ట్రం / జిల్లా / బ్లాక్ వారీగా)
Maternal and child nutrition:,ತಾಯಿ ಹಾಗು ಮಗುವಿನ ಪೋಷಣೆ:
How many beneficiaries got THR in 21 days, ೨೧ದಿನ ಗಳಲ್ಲ ಟಿ.ಎಚ್.ಆರ್ ಪಡೆದ ಫ಼ಲಾನು್ಭವಿ ಗಳ ಸಂಖ್ಯೆ
How many children breastfed exclusively in the first hour after delivery,ಜನನದ ಮೊದಲ ತಾಸಿನಲ್ಲಿ ಕೇವಲ ತಾಯಿಯ ಹಾಲುಂಡ ಮಕ್ಕಳ ಸಂಖ್ಯೆ
How many lactating mothers are given HCM,ಎಚ್.ಸಿ.ಎಮ್ ಪಡೆದ ಹಾಲುಣಿಸುವ ತಾಯಂದಿರ ಸಂಖ್ಯೆ
Average level of calcium in children aged 3-6 years, ೩-೬ ವಯಸ್ಸಿನ ಮಕ್ಕಳಲ್ಲ ಕ್ಯಾಲ್ಸಿಯಮ್ ಸರಾಸರಿ ಅಂಶ
Average level of iron in children aged 3-6years,೩-೬ ವಯಸ್ಸಿನ ಮಕ್ಕಳಲ್ಲಿ ಕಬ್ಬಿಣದ ಸರಾಸರಿ ಅಂಶ
"Total number of vaccinations administered per month (block, district, state, national level)",ಪ್ರತಿ ತಿಂಗಳು ನೀಡಿದ ವ್ಯಾಕ್ಸಿನೇಶನ್ ನ ಸಂಖ್ಯೆ (ರಾಷ್ಟ್ರ/ರಾಜ್ಯ.ಜಿಲ್ಲಾ/ಬ್ಲಾಕ್ವಾ್ರು)
Vaccinations specific report administered per month (BCG/OPV/Hepatitis B/Rotavirus/Polio/Pneumococcal/Pentavalent," ಪ್ರತಿ ತಿಂಗಳು ನೀಡಿದ ವ್ಯಾಕ್ಸಿನೇಶನ್ ವಿಶಿಶ್ಟ ರಿಪೋರ್ಟ್(ಬಿ.ಸಿ.ಜಿ, ಒ.ಪಿ.ವಿ, ಹಪಟೈಟಿಸ್ ಬಿ,ರೋಟಾವೈರಸ್/ಪೋ್ಲಿಯೋ/ನ್ಯೂಮೋಕಾಕಲ್/ಪೆಂಟಾವೆಲೆಂಟ್)"
AWC infrastructure:, ಎ.ಡಬ್ಲ್ ಮೂಲಸೌಕರ್ಯ:
"Number of AWCs (block, district, state, national level)"," ಎಡಬ್ಲ್ಯುಸಿ ಗಳ ಸಂಖ್ಯೆ(ಬ್ಲಾಕ್, ಜಿಲ್ಲಾ,ರಾಜ್ಯ,ರಾಷ್ಟ್ರಮಟ್ಟ)"
"Total number of Balvatikas (block district, state, national level)"," ಬಾಲವಾಟಿಕೆಗಳ ಒಟ್ಟು ಸಂಖ್ಯೆ(ಬ್ಲಾಕ್,ಜಿಲ್ಲಾ,ರಾಜ್ಯ,ರಾಷ್ಟ್ರಮಟ್ಟ)"
"Total number of AWCs (block, district, state, national level) with clean drinking water","ಶುದ್ಧ ಕುಡಿಯುವ ನೀರಿರುವ ಒಟ್ಟು ಎಡಬ್ಲ್ಯೂಸಿ ಗಳ ಸಂಖ್ಯೆ (ಬ್ಲಾಕ್, ಜಿಲ್ಲೆ, ರಾಜ್ಯ, ರಾಷ್ಟ್ರಮಟ್ಟ)"
"Total number of AWCs (block, district, state, national level) with working weighing scale","ಕೆಲಸ ಮಾಡುವ ತೂಕದ ಅಳತೆ ತಕ್ಕಡಿ ಇರುವ ಒಟ್ಟು ಎಡಬ್ಲ್ಯೂಸಿ ಗಳ ಸಂಖ್ಯೆ (ಬ್ಲಾಕ್, ಜಿಲ್ಲೆ, ರಾಜ್ಯ, ರಾಷ್ಟ್ರಮಟ್ಟ)"
"Total number of AWCs (block, district, state, national level) with electricity","ವಿದ್ಯುತ್ ಶಕ್ತಿ ಹೊಂದಿರುವ ಒಟ್ಟು ಎಡಬ್ಲ್ಯೂಸಿ ಗಳ ಸಂಖ್ಯೆ (ಬ್ಲಾಕ್, ಜಿಲ್ಲೆ, ರಾಜ್ಯ, ರಾಷ್ಟ್ರಮಟ್ಟ)"
Total number of AWCs that are government owned,ಖಾಸಗಿ ಒಡೆತನದ ಎಡಬ್ಲ್ಯೂಸಿ ಗಳ ಒಟ್ಟು ಸಂಖ್ಯೆ
Total number of AWCs that are privately owned,ಖಾಸಗಿ ಒಡೆತನದ ಎಡಬ್ಲ್ಯೂಸಿ ಗಳ ಒಟ್ಟು ಸಂಖ್ಯೆ
Poshan Tracker Team can be contacted by sending emails at support-poshantrackr@gov.in. For handholding and support we are also available over Video Conference each day 4:15 PM to 5:15 PM.,support-poshantrackr@gov.in ನಲ್ಲಿ ಇಮೇಲ್‌ಗಳನ್ನು ಕಳುಹಿಸುವ ಮೂಲಕ ಪೋಶನ್ ಟ್ರ್ಯಾಕರ್ ತಂಡವನ್ನು ಸಂಪರ್ಕಿಸಬಹುದು. ಹ್ಯಾಂಡ್ ಹೋಲ್ಡಿಂಗ್ ಮತ್ತು ಬೆಂಬಲಕ್ಕಾಗಿ ನಾವು ಪ್ರತಿದಿನ ಮಧ್ಯಾಹ್ನ ೩ ರಿಂದ ೫ ರವರೆಗೆ ವಿಡಿಯೋ ಕಾನ್ಫರೆನ್ಸ್ ಮೂಲಕ ಲಭ್ಯವಿದೆ.
What is Poshan Calculator,ಪೌಷ್ಟಿಕಾಂಶ ಕ್ಯಾಲ್ಕುಲೇಟರ್ ಎಂದರೇನು
Poshan Calculator helps to identify various health conditions of the child as per World Health Organization (WHO) standards.,ವಿಶ್ವ ಆರೋಗ್ಯ ಸಂಸ್ಥೆ (WHO) ಮಾನದಂಡಗಳ ಪ್ರಕಾರ ಮಗುವಿನ ವಿವಿಧ ಆರೋಗ್ಯ ಪರಿಸ್ಥಿತಿಗಳನ್ನು ಗುರುತಿಸಲು ನ್ಯೂಟ್ರಿಷನ್ ಕ್ಯಾಲ್ಕುಲೇಟರ್ ಸಹಾಯ ಮಾಡುತ್ತದೆ.
WHO standards are :,WHO ಮಾನದಂಡಗಳು :
Stunting ( Height for Age)- ,ಕುಂಠಿತ (ವಯಸ್ಸಿಗೆ ತಕ್ಕಂತೆ ಎತ್ತರ)- 
0 months to 6 years,0 ತಿಂಗಳಿಂದ 6 ವರ್ಷಗಳವರೆಗೆ
Severely Stunted,ತೀವ್ರವಾಗಿ ಕುಗ್ಗುತ್ತಿದೆ
Moderately stunted,ಸಾಧರಣ ಅಭಿವೃದ್ಧಿ ಹೊಂದಿಲ್ಲ
Normal,ಸಾಮಾನ್ಯ
Underweight (Weight for Age)- ,ಕಡಿಮೆ ತೂಕ (ವಯಸ್ಸಿಗೆ ತಕ್ಕಂತೆ  ತೂಕ) - 
Severely Underweight,ತೀವ್ರವಾಗಿ ಕಡಿಮೆ ತೂಕ
Moderately Underweight,ಸಾಧಾರಣವಾಗಿ ಕಡಿಮೆ ತೂಕ
Wasting (Weight for Height)- ,ವೆಸ್ಟಿಂಗ್ (ಎತ್ತರಕ್ಕೆ ತಕ್ಕಂತೆ  ತೂಕ)- 
0 months to 5 years,0 ತಿಂಗಳಿಂದ 5 ವರ್ಷಗಳವರೆಗೆ
Severely Wasted (SAM),ತೀವ್ರ ಅಪೌಷ್ಠಿಕತೆ (SAM)
Moderately Wasted (MAM),ಸಾಧಾರಣ  ಅಪೌಷ್ಠಿಕತೆ (MAM)
Overweight,ಅಧಿಕ ತೂಕ
Obese,ಬೊಜ್ಜು
Above standards are defined as per given above mentioned age brackets,ಮೇಲಿನ ಮಾನದಂಡಗಳನ್ನು ಮೇಲೆ ನೀಡಲಾದ ವಯಸ್ಸಿನ ಪ್ರಕಾರವಾಗಿ ವ್ಯಾಖ್ಯಾನಿಸಲಾಗಿದೆ
About Reference tables,ಉಲ್ಲೇಖ ಕೋಷ್ಟಕಗಳ ಬಗ್ಗೆ
The WHO Multicentre Growth Reference Study (MGRS) was undertakenbetween 1997 and 2003 to generate new growth curves for assessing the growth and development of infants and young children around the world.,WHO ಮಲ್ಟಿಸೆಂಟರ್ ಗ್ರೋತ್ ರೆಫರೆನ್ಸ್ ಸ್ಟಡಿ (MGRS) ಅನ್ನು 1997 ಮತ್ತು 2003 ರ ನಡುವೆ ವಿಶ್ವದಾದ್ಯಂತ ಶಿಶುಗಳು ಮತ್ತು ಚಿಕ್ಕ ಮಕ್ಕಳ ಬೆಳವಣಿಗೆ ಮತ್ತು ಬೆಳವಣಿಗೆಯನ್ನು ನಿರ್ಣಯಿಸಲು ಹೊಸ ಬೆಳವಣಿಗೆಯ ವಕ್ರಾಕೃತಿಗಳನ್ನು ಉತ್ಪಾದಿಸಲು ನಡೆಸಲಾಯಿತು.
"The MGRS collected primary growth data and related information from approximately 8500 children from widely different ethnic backgrounds and cultural settings (Brazil, Ghana, India, Norway, Oman and the USA).","MGRS ವಿವಿಧ ಜನಾಂಗೀಯ ಹಿನ್ನೆಲೆಗಳು ಮತ್ತು ಸಾಂಸ್ಕೃತಿಕ ಸೆಟ್ಟಿಂಗ್‌ಗಳಿಂದ (ಬ್ರೆಜಿಲ್, ಘಾನಾ, ಭಾರತ, ನಾರ್ವೆ, ಓಮನ್ ಮತ್ತು USA) ಸುಮಾರು 8500 ಮಕ್ಕಳಿಂದ ಪ್ರಾಥಮಿಕ ಬೆಳವಣಿಗೆಯ ಡೇಟಾ ಮತ್ತು ಸಂಬಂಧಿತ ಮಾಹಿತಿಯನ್ನು ಸಂಗ್ರಹಿಸಿದೆ."
The new growth curves are expected to provide a single international standard that represents the best description of physiological growth for all children from birth to five years of age and to establish the breastfed infant as the normative model for growth and development.,"ಹೊಸ ಬೆಳವಣಿಗೆಯ ವಕ್ರಾಕೃತಿಗಳು ಒಂದೇ ಅಂತರಾಷ್ಟ್ರೀಯ ಮಾನದಂಡವನ್ನು ಒದಗಿಸುವ ನಿರೀಕ್ಷೆಯಿದೆ, ಅದು ಹುಟ್ಟಿನಿಂದ ಐದು ವರ್ಷಗಳವರೆಗೆ ಎಲ್ಲಾ ಮಕ್ಕಳಿಗೆ ದೈಹಿಕ ಬೆಳವಣಿಗೆಯ ಅತ್ಯುತ್ತಮ ವಿವರಣೆಯನ್ನು ಪ್ರತಿನಿಧಿಸುತ್ತದೆ ಮತ್ತು ಬೆಳವಣಿಗೆ ಮತ್ತು ಅಭಿವೃದ್ಧಿಗೆ ರೋಲ್ ಮಾಡೆಲ್ ಆಗಿ ಎದೆಹಾಲು ಸೇವಿಸುವ  ಶಿಶುವನ್ನು ಪ್ರತಿನಿಧಿಸುತ್ತದೆ."
How to revive your Health?,ನಿಮ್ಮ ಆರೋಗ್ಯವನ್ನು ಪುನರುಜ್ಜೀವನಗೊಳಿಸುವುದು ಹೇಗೆ?
How to revive your health if you are Severely Wasted (SAM),ನೀವು ತೀವ್ರ ಕಡಿಮೆ ತೂಕ ಹೊಂದಿದ್ದರೆ ನಿಮ್ಮ ಆರೋಗ್ಯವನ್ನು ಹೇಗೆ ಪುನರುತ್ಪಾದಿಸುವುದು (SAM)
How to revive your health if you are Moderately Wasted (MAM),ನೀವು ಮಧ್ಯಮವಾಗಿ ತೂಕ ಹೊಂದಿದ್ದರೆ ನಿಮ್ಮ ಆರೋಗ್ಯವನ್ನು ಹೇಗೆ ಪುನರುತ್ಪಾದಿಸುವುದು (MAM)
How to revive your health if you are Underweight,ನೀವು ಕಡಿಮೆ ತೂಕ ಹೊಂದಿದ್ದರೆ ನಿಮ್ಮ ಆರೋಗ್ಯವನ್ನು ಹೇಗೆ ಪುನರುಜ್ಜೀವನಗೊಳಿಸುವುದು
Check Ticket Status,ಟಿಕೆಟ್ ಸ್ಥಿತಿಯನ್ನು ಪರಿಶೀಲಿಸಿ
Please provide your mobile number and a ticket number.,ದಯವಿಟ್ಟು ನಿಮ್ಮ ಮೊಬೈಲ್ ಸಂಖ್ಯೆ ಮತ್ತು ಟಿಕೆಟ್ ಸಂಖ್ಯೆಯನ್ನು ಒದಗಿಸಿ.
Mobile ,ಮೊಬೈಲ್ 
Ticket Number ,ಟಿಕೆಟ್ ಸಂಖ್ಯೆ 
"If this is your first time contacting us or you've lost the ticket number, please ","ನೀವು ಮೊದಲ ಬಾರಿಗೆ ನಮ್ಮನ್ನು ಸಂಪರ್ಕಿಸುತ್ತಿದ್ದರೆ ಅಥವಾ ನೀವು ಟಿಕೆಟ್ ಸಂಖ್ಯೆಯನ್ನು ಕಳೆದುಕೊಂಡಿದ್ದರೆ, ದಯವಿಟ್ಟು "
open a new ticket,ಹೊಸ ಟಿಕೆಟ್ ತೆರೆಯಿರಿ
How to contact Poshan Tracker Team?,ಪೋಷಣ್ ಟ್ರ್ಯಾಕರ್ ತಂಡವನ್ನು ಹೇಗೆ ಸಂಪರ್ಕಿಸುವುದು?
Welcome! The following are the Terms of Service (“Terms”) that govern your use of the Poshan Tracker Platform hosted at ,ಸ್ವಾಗತ! ಕೆಳಗೆ ನೀಡಲಾದ ಲಿಂಕ್ 
", and all associated sites linked to it, its subsidiaries, and affiliates (collectively, the “Site”)."," ಮತ್ತು ಇದಕ್ಕೆ ಸಂಬಂಧಿಸಿದ ಎಲ್ಲ ಸೈಟ್ಗಳು, ಅವುಗಳ ಅಂಗಸಂಸ್ಥೆಗಳಲ್ಲಿ ನಿಮ್ಮ ಪೋಷನ್ ಟ್ರಾಕರ್ ಸಿಸ್ಟಮ್ ಕೆಳಕಂಡ ಸೇವಾ ನಿಯಮಗಳಿಗೆ ಒಳಪಟ್ಟಿರುತ್ತದೆ (ಒಟ್ಟಾರೆಯಾಗಿ, ""ಸೈಟ್"")."
I. OWNERSHIP,I. ಮಾಲೀಕತ್ವ
"The Site and all data, text, designs, pages, print screens, images, artwork, photographs, audio and video clips, HTML code, source code, or software that reside or are viewable or otherwise discoverable on the Site, and all participants booked from the Site, (collectively, termed as the “Content”) are owned by Ministry of Women and Child Development and their authorised service providers.","ಸೈಟ್ ಮತ್ತು ಎಲ್ಲಾ ಡೇಟಾ, ಪಠ್ಯ, ವಿನ್ಯಾಸಗಳು, ಪುಟಗಳು, ಮುದ್ರಣ ಪರದೆಗಳು, ಚಿತ್ರಗಳು, ಕಲಾಕೃತಿಗಳು, ಛಾಯಾಚಿತ್ರಗಳು, ಆಡಿಯೊ ಮತ್ತು ವೀಡಿಯೊ ಕ್ಲಿಪ್‌ಗಳು, HTML ಕೋಡ್, ಮೂಲ ಕೋಡ್, ಅಥವಾ ಸೈಟ್‌ನಲ್ಲಿ ಇರುವ ಅಥವಾ ವೀಕ್ಷಿಸಬಹುದಾದ ಅಥವಾ ಹುಡುಕಬಹುದಾದ ಸಾಫ್ಟ್‌ವೇರ್, ಮತ್ತು ಸೈಟ್ ಮೂಲಕ ಬುಕ್ ಮಾಡಲಾದ ಎಲ್ಲಾ ಭಾಗಿದಾರರು (ಒಟ್ಟಾರೆಯಾಗಿ, ""ಪರಿವಿಡಿ"" ಎಂದು ಉಲ್ಲೇಖಿಸಲಾಗಿದೆ) ಮಹಿಳಾ ಮತ್ತು ಮಕ್ಕಳ ಅಭಿವೃದ್ಧಿ ಸಚಿವಾಲಯ ಮತ್ತು ಅವರ ಅಧಿಕೃತ ಸೇವಾ ಪೂರೈಕೆದಾರರ ಒಡೆತನದಲ್ಲಿದೆ."
II. CONSENT,II. ಒಪ್ಪಿಗೆ
"Our Privacy Policy, Open API Policy and any other policies, rules or guidelines that may be applicable to particular offers or features on the Site are incorporated in these Terms. By visiting or using the Site, you expressly agree to these Terms, as updated from time to time.","ಈ ನಿಯಮಗಳು ನಮ್ಮ ಗೌಪ್ಯತಾ ನೀತಿ, ಓಪನ್ API ನೀತಿ ಮತ್ತು ಸೈಟ್‌ನಲ್ಲಿನ ವಿಶೇಷ ಕೊಡುಗೆಗಳು ಅಥವಾ ವೈಶಿಷ್ಟ್ಯಗಳಿಗೆ ಅನ್ವಯಿಸಬಹುದಾದ ಯಾವುದೇ ಇತರ ನೀತಿಗಳು, ನಿಯಮಗಳು ಅಥವಾ ಮಾರ್ಗಸೂಚಿಗಳನ್ನು ಒಳಗೊಂಡಿವೆ. ಸೈಟ್‌ಗೆ ಭೇಟಿ ನೀಡುವ ಮೂಲಕ ಅಥವಾ ಬಳಸುವ ಮೂಲಕ, ಕಾಲಕಾಲಕ್ಕೆ ನವೀಕರಿಸಿದ ಈ ನಿಯಮಗಳನ್ನು ನೀವು ಸ್ಪಷ್ಟವಾಗಿ ಒಪ್ಪುತ್ತೀರಿ."
"If you do not agree with any part of these terms, do not use the site. You may not use the Site in any manner and may not accept the Terms if you are not of legal age to form a binding contract.","ಈ ನಿಯಮಗಳ ಯಾವುದೇ ಭಾಗವನ್ನು ನೀವು ಒಪ್ಪದಿದ್ದರೆ, ಸೈಟ್ ಅನ್ನು ಬಳಸಬೇಡಿ. ಬೈಂಡಿಂಗ್ ಒಪ್ಪಂದವನ್ನು ರೂಪಿಸಲು ನೀವು ಕಾನೂನುಬದ್ಧ ವಯಸ್ಸನ್ನು ಹೊಂದಿಲ್ಲದಿದ್ದರೆ, ನೀವು ಯಾವುದೇ ರೀತಿಯಲ್ಲಿ ಸೈಟ್ ಅನ್ನು ಬಳಸಬಾರದು ಮತ್ತು ನಿಯಮಗಳನ್ನು ಒಪ್ಪಿಕೊಳ್ಳಬಾರದು."
III. NOTICE REGARDING FUTURE CHANGES TO TERMS:,III. ನಿಯಮಗಳ ಭವಿಷ್ಯದ ಬದಲಾವಣೆಗಳ ಬಗ್ಗೆ ಮಾಹಿತಿ:
"We reserve the unconditional right to change, modify, add, or remove any part of these Terms at any time, without specifically notifying you of such changes. Any changes or updates will be effective immediately. You take the responsibility to check these Terms of Use periodically for changes. Your continued use of the platform post such revision shall constitute acceptance of the modified Terms.","ನಿಮಗೆ ನಿರ್ದಿಷ್ಟವಾಗಿ ಸೂಚಿಸದೆ ಯಾವುದೇ ಸಮಯದಲ್ಲಿ ಈ ನಿಯಮಗಳ ಯಾವುದೇ ಭಾಗವನ್ನು ಬದಲಾಯಿಸಲು, ಮಾರ್ಪಡಿಸಲು, ಸೇರಿಸಲು ಅಥವಾ ತೆಗೆದುಹಾಕಲು ನಾವು ಬೇಷರತ್ತಾದ ಹಕ್ಕನ್ನು ನಾವು ಕಾಯ್ದಿರಿಸಿದ್ದೇವೆ. ಯಾವುದೇ ಬದಲಾವಣೆಗಳು ಅಥವಾ ನವೀಕರಣಗಳು ತಕ್ಷಣವೇ ಜಾರಿಗೆ ಬರುತ್ತವೆ. ಬದಲಾವಣೆಗಳಿಗಾಗಿ ನಿಯತಕಾಲಿಕವಾಗಿ ಈ ಬಳಕೆಯ ನಿಯಮಗಳನ್ನು ಪರಿಶೀಲಿಸುವ ಜವಾಬ್ದಾರಿಯನ್ನು ನೀವು ಕೈಗೊಳ್ಳುತ್ತೀರಿ. ಮಾರ್ಪಾಡಿನ ನಂತರ ಪ್ಲಾಟ್‌ಫಾರ್ಮ್‌ನ ನಿಮ್ಮ ಮುಂದುವರಿದ ಬಳಕೆಯು ತಿದ್ದುಪಡಿ ಮಾಡಿದ ನಿಯಮಗಳ ಒಪ್ಪಿಗೆಯನ್ನು ಸೂಚಿಸುತ್ತದೆ."
IV. ACCOUNT REGISTRATION,IV. ಖಾತೆ ನೋಂದಣಿ
"You may browse the Site without registering for an account. You will be required to register for an account with your mobile number, if you intent to use certain features or services offered by the Site.","ಖಾತೆಗಾಗಿ ನೋಂದಾಯಿಸದೆಯೇ ನೀವು ಸೈಟ್ ಅನ್ನು ಬ್ರೌಸ್ ಮಾಡಬಹುದು. ಸೈಟ್ ಒದಗಿಸಿದ ಕೆಲವು ವೈಶಿಷ್ಟ್ಯಗಳು ಅಥವಾ ಸೇವೆಗಳನ್ನು ಬಳಸಲು ನೀವು ಬಯಸಿದರೆ, ನಿಮ್ಮ ಮೊಬೈಲ್ ಸಂಖ್ಯೆಯೊಂದಿಗೆ ಖಾತೆಗಾಗಿ ನೀವು ನೋಂದಾಯಿಸಿಕೊಳ್ಳಬೇಕು."
"By acceptance of these Terms, you expressly agree to authorize us to use your identity information (including Aadhaar details) and also of all the other members registered in your account.","ಈ ನಿಯಮಗಳನ್ನು ಒಪ್ಪಿಕೊಳ್ಳುವ ಮೂಲಕ, ನಿಮ್ಮ ಗುರುತಿನ ಮಾಹಿತಿಯನ್ನು (ಆಧಾರ್ ವಿವರಗಳನ್ನು ಒಳಗೊಂಡಂತೆ) ಮತ್ತು ನಿಮ್ಮ ಖಾತೆಯೊಂದಿಗೆ ನೋಂದಾಯಿಸಲಾದ ಇತರ ಎಲ್ಲ ಸದಸ್ಯರನ್ನು ಪ್ರವೇಶಿಸಲು ನಮಗೆ ಅಧಿಕಾರ ನೀಡಲು ನೀವು ಸ್ಪಷ್ಟವಾಗಿ ಒಪ್ಪುತ್ತೀರಿ."
You are solely responsible for maintaining the confidentiality of your personal information and registration and all activities that might result from you failing from keeping this information secure. Your registration or mobile number shall be kept confidential,ನಿಮ್ಮ ವೈಯಕ್ತಿಕ ಮಾಹಿತಿಯ ಮತ್ತು ಈ ಈವೆಂಟ್‌ಗಾಗಿ ರಚಿಸಿರುವ ನೋಂದಣಿ ವಿವರಗಳ ಗೌಪ್ಯತೆಯನ್ನು ಕಾಯ್ದುಕೊಳ್ಳಲು ಮತ್ತು ಈ ಮಾಹಿತಿಯನ್ನು ಸುರಕ್ಷಿತವಾಗಿ ಇರಿಸಿಕೊಳ್ಳಲು ವಿಫಲವಾಗುವುದರಿಂದ ಉದ್ಭವಿಸಬಹುದಾದ ಎಲ್ಲ ಚಟುವಟಿಕೆಗಳಿಗೆ ನೀವೇ ಹೊಣೆಗಾರರಾಗಿರುತ್ತೀರಿ. ನಿಮ್ಮ ನೋಂದಣಿ ಅಥವಾ ಮೊಬೈಲ್ ಸಂಖ್ಯೆಯನ್ನು ಗೌಪ್ಯವಾಗಿ ಇರಿಸಲಾಗುತ್ತದೆ
You undertake that:,ನೀವು ಕೆಳಕಂಡ ವ್ಯಾಖ್ಯಾನಗಳಿಗೆ ಭರವಸೆ ನೀಡುತ್ತಿರಿ:
You have obtained consent from the concerned individuals for creating their records through your account.,ನಿಮ್ಮ ಖಾತೆಯ ಮೂಲಕ ಇನ್ನೊಬ್ಬರ ದಾಖಲೆಗಳನ್ನು ರಚಿಸಲು ಸಂಬಂಧಿಸಿದ ವ್ಯಕ್ತಿಗಳಿಂದ ನೀವು ಒಪ್ಪಿಗೆಯನ್ನು ಪಡೆದಿದ್ದೀರಿ.
Your account or mobile number shall not include the name of another person with the intent to impersonate that person.,ನಿಮ್ಮ ಖಾತೆ ಅಥವಾ ಮೊಬೈಲ್ ಸಂಖ್ಯೆ ಇನ್ನೊಬ್ಬ ವ್ಯಕ್ತಿಯ ಎಂದು ನಟಿಸುವ ಉದ್ದೇಶದಿಂದ ಬೇರೆ ಯಾವುದೇ ವ್ಯಕ್ತಿಯ ಹೆಸರನ್ನು ಹೊಂದಿರಬಾರದು.
You shall not use another user's account without their permission.,ನೀವು ಇನ್ನೊಬ್ಬ ಬಳಕೆದಾರರ ಖಾತೆಯನ್ನು ಅವರ ಅನುಮತಿಯಿಲ್ಲದೆ ಬಳಸುವುದಿಲ್ಲ.
"You shall immediately notify us in writing, if you discover any unauthorized use of your account or other account-related security breach. If we receive a complaint that your account violates someone else's rights, or violates our policies we may cancel or block your account.","ನಿಮ್ಮ ಖಾತೆಯ ಯಾವುದೇ ಅನಧಿಕೃತ ಬಳಕೆ ಅಥವಾ ಇತರ ಖಾತೆ-ಸಂಬಂಧಿತ ಭದ್ರತಾ ಉಲ್ಲಂಘನೆಯನ್ನು ನೀವು ಕಂಡುಕೊಂಡರೆ, ನೀವು ತಕ್ಷಣ ನಮಗೆ ಲಿಖಿತವಾಗಿ ತಿಳಿಸುವಿರಿ. ನಿಮ್ಮ ಖಾತೆ ಬೇರೆಯವರ ಹಕ್ಕುಗಳನ್ನು ಉಲ್ಲಂಘಿಸುತ್ತಿದೆ ಅಥವಾ ನಮ್ಮ ನೀತಿಗಳನ್ನು ಉಲ್ಲಂಘಿಸುತ್ತಿದೆ ಎಂಬ ದೂರನ್ನು ನಾವು ಸ್ವೀಕರಿಸಿದರೆ, ನಾವು ನಿಮ್ಮ ಖಾತೆಯನ್ನು ರದ್ದುಗೊಳಿಸಬಹುದು ಅಥವಾ ನಿರ್ಬಂಧಿಸಬಹುದು."
"You shall not attempt to conceal your identity by using multiple Internet Protocol addresses or mobile no, or by any other means, to register participants on the Site",ಬಹು ಇಂಟರ್ನೆಟ್ ಪ್ರೋಟೋಕಾಲ್ ವಿಳಾಸಗಳು ಅಥವಾ ಮೊಬೈಲ್ ಸಂಖ್ಯೆಗಳನ್ನು ಬಳಸುವ ಮೂಲಕ ಅಥವಾ ಸೈಟ್‌ನಲ್ಲಿ ಭಾಗವಹಿಸುವವರನ್ನು ನೋಂದಾಯಿಸಲು ಯಾವುದೇ ಇತರ ವಿಧಾನಗಳ ಮೂಲಕ ನಿಮ್ಮ ಗುರುತನ್ನು ಮರೆಮಾಡಲು ನೀವು ಪ್ರಯತ್ನಿಸುವುದಿಲ್ಲ
V. ACCESS PERMISSIONS,V. ಪ್ರವೇಶದ ಅನುಮತಿಗಳು
You will only access (or attempt to access) the Site by the means described in the Documentation and will comply with the terms and conditions of this Agreement.,ನೀವು ದಾಖಲೆಯಲ್ಲಿ ವಿವರಿಸಿದ ವಿಧಾನಗಳ ಮೂಲಕ ಮಾತ್ರ ಸೈಟ್ ಅನ್ನು ಪ್ರವೇಶಿಸುತ್ತೀರಿ (ಅಥವಾ ಪ್ರವೇಶಿಸಲು ಪ್ರಯತ್ನಿಸುತ್ತೀರಿ) ಮತ್ತು ಈ ಒಪ್ಪಂದದ ನಿಯಮಗಳು ಮತ್ತು ಷರತ್ತುಗಳನ್ನು ಅನುಸರಿಸುತ್ತೀರಿ.
"You will comply with all Central and State laws, rules and regulations applicable to you and your use of the Site and affecting any third-party rights.","ನಿಮಗೆ ಮತ್ತು ನಿಮ್ಮ ಸೈಟ್‌ನ ಬಳಕೆಗೆ ಅನ್ವಯಿಸುವ ಮತ್ತು ಯಾವುದೇ ಥರ್ಡ್ ಪಾರ್ಟಿ ಹಕ್ಕುಗಳ ಮೇಲೆ ಪರಿಣಾಮ ಬೀರುವ ಎಲ್ಲಾ ಕೇಂದ್ರ ಮತ್ತು ರಾಜ್ಯ ಕಾನೂನುಗಳು, ನಿಯಮಗಳು ಮತ್ತು ನಿಬಂಧನೆಗಳನ್ನು ನೀವು ಅನುಸರಿಸುತ್ತೀರಿ."
VI. ACCESS RESTRICTIONS,VI. ಪ್ರವೇಶ ನಿರ್ಬಂಧಗಳು
"You shall not, either on your own or through any other person:",ನೀವೇ ಅಥವಾ ಬೇರೆ ಯಾವುದೇ ವ್ಯಕ್ತಿಯ ಮೂಲಕ ನೀವು ಮಾಡಬಾರದು:
Restrict or inhibit any other person from using the Site,ಸೈಟ್ ಅನ್ನು ಬಳಸದಂತೆ ಬೇರೊಬ್ಬರನ್ನು ನಿರ್ಬಂಧಿಸಬಾರದು ಅಥವಾ ತಡೆಯಬಾರದು
Use the Site for any unlawful purpose,ಯಾವುದೇ ಅಕ್ರಮ ಉದ್ದೇಶಕ್ಕಾಗಿ ಸೈಟ್ ಅನ್ನು ಬಳಸಬಾರದು
"Express or imply that any statements you make are endorsed by us, without our prior written consent",ನಮ್ಮ ಪೂರ್ವ ಲಿಖಿತ ಒಪ್ಪಿಗೆಯಿಲ್ಲದೆ ನೀವು ಮಾಡಿದ ಯಾವುದೇ ಹೇಳಿಕೆಯನ್ನು ನಾವು ಬೆಂಬಲಿಸುತ್ತೇವೆ ಎಂದು ವ್ಯಕ್ತಪಡಿಸಬೇಕು ಅಥವಾ ಸೂಚಿಸಬೇಕು
"Impersonate any person or entity, whether actual or fictitious",ನೈಜ ಅಥವಾ ಕಾಲ್ಪನಿಕವಾದ ಯಾವುದೇ ವ್ಯಕ್ತಿ ಅಥವಾ ಅಸ್ತಿತ್ವದ ಗುರುತು ಪಡೆಯಬಾರದು
Engage in spamming or flooding,ಸ್ಪ್ಯಾಮಿಂಗ್ ಅಥವಾ ಫ್ಲಡಿಂಗ್ ನಲ್ಲಿ ತೊಡಗಿಸಿಕೊಳ್ಳಬಾರದು
Harvest or collect information about Site users,ಸೈಟ್ ಬಳಕೆದಾರರ ಬಗ್ಗೆ ಮಾಹಿತಿಯನ್ನು ಸ್ವೀಕರಿಸಬಾರದು ಅಥವಾ ಸಂಗ್ರಹಿಸಬಾರದು
Open multiple accounts for yourself or any other individual using multiple mobile numbers,ಬಹು ಮೊಬೈಲ್ ಸಂಖ್ಯೆಗಳನ್ನು ಬಳಸಿಕೊಂಡು ನಿಮಗಾಗಿ ಅಥವಾ ಬೇರೆಯವರಿಗೆ ಬಹು ಖಾತೆಗಳನ್ನು ತೆರೆಯಬಾರದು
"Submit any software or other materials that contain any viruses, worms, Trojan horses, defects, date bombs, time bombs or other items of destructive nature","ಯಾವುದೇ ವೈರಸ್‌ಗಳು, ವರ್ಮ್‌ಗಳು, ಟ್ರೋಜನ್ ಹಾರ್ಸ್‌ಗಳು, ದೋಷಗಳು, ಡೇಟ್ ಬಾಂಬ್‌ಗಳು, ಟೈಮ್ ಬಾಂಬ್‌ಗಳು ಅಥವಾ ವಿನಾಶಕಾರಿ ಸ್ವಭಾವದ ಇತರ ವಸ್ತುಗಳನ್ನು ಒಳಗೊಂಡಿರುವ ಯಾವುದೇ ಸಾಫ್ಟ್‌ವೇರ್ ಅಥವಾ ಇತರ ವಸ್ತುಗಳನ್ನು ಸಲ್ಲಿಸಬಾರದು"
"Manipulate identifiers, including by forging headers, in order to disguise the origin of any posting that you submit",ನೀವು ಸಲ್ಲಿಸುವ ಯಾವುದೇ ಪೋಸ್ಟಿಂಗ್‌ಗಳ ಮೂಲವನ್ನು ಮರೆಮಾಡಲು ಹೆಡರ್‌ಗಳನ್ನು ನಕಲಿಸುವುದು ಸೇರಿದಂತೆ ಗುರುತಿಸುವಿಕೆಗಳನ್ನು ಮ್ಯಾನಿಪುಲೇಟ್ ಮಾಡಬಾರದು
Link to any portion of the Site other than the URL assigned to the home page of the Site,ನಿರ್ದಿಷ್ಟಪಡಿಸಿದ URL ಹೊರತುಪಡಿಸಿ ಸೈಟ್‌ನ ಯಾವುದೇ ಭಾಗಕ್ಕೆ ಸೈಟ್‌ನ ಮುಖಪುಟವನ್ನು ಲಿಂಕ್ ಮಾಡಬಾರದು
“Frame” or “Mirror” any part of the Site,ಸೈಟ್‌ನ ಯಾವುದೇ ಭಾಗವನ್ನು ನಕಲಿ ಮಾಡಬಾರದು
"Modify, adapt, sub-license, translate, sell, reverse engineer, decompile or disassemble any portion of the Site, or otherwise attempt to derive any source code or underlying ideas or algorithms of any part of the Content","ಸೈಟ್‌ನ ಯಾವುದೇ ಭಾಗದ ಆಧಾರವಾಗಿರುವ ವಿಚಾರಗಳು ಅಥವಾ ವಿಷಯದ ಯಾವುದೇ ಭಾಗದಿಂದ ಯಾವುದೇ ಮೂಲ ಕೋಡ್ ಅಥವಾ ಅಲ್ಗಾರಿದಮ್‌ಗಳನ್ನು ಮಾರ್ಪಡಿಸಲು, ಹೊಂದಿಕೊಳ್ಳಲು, ಉಪ-ಪರವಾನಗಿ, ಅನುವಾದಿಸಲು, ಮಾರಾಟ ಮಾಡಲು, ರಿವರ್ಸ್ ಎಂಜಿನಿಯರ್ ಮಾಡಲು, ಡಿಕಂಪೈಲ್ ಮಾಡಲು ಅಥವಾ ಡಿಸ್ಅಸೆಂಬಲ್ ಮಾಡಲು ಪ್ರಯತ್ನಿಸಬಾರದು"
"Remove any copyright, trademark or other proprietary rights notices contained on the Site","ಸೈಟ್‌ನಲ್ಲಿರುವ ಯಾವುದೇ ಹಕ್ಕುಸ್ವಾಮ್ಯ, ಟ್ರೇಡ್‌ಮಾರ್ಕ್ ಅಥವಾ ಇತರ ಸ್ವಾಮ್ಯದ ಹಕ್ಕುಗಳ ಸೂಚನೆಗಳನ್ನು ತೆಗೆದುಹಾಕಬಾರದು"
"Use any computer program, bot, robot, spider, offline reader, site search/retrieval application or other manual or automatic device, tool, or process to retrieve, index, data mine, or in any way reproduce or circumvent the security structure, navigational structure, or presentation of the Content or the Site, including with respect to any CAPTCHA displayed on the Site.","ಯಾವುದೇ ಕಂಪ್ಯೂಟರ್ ಪ್ರೋಗ್ರಾಂ, ಬೋಟ್, ರೋಬೋಟ್, ಸ್ಪೈಡರ್, ಆಫ್‌ಲೈನ್ ರೀಡರ್, ಸೈಟ್ ಹುಡುಕಾಟ/ಮರುಪಡೆಯುವಿಕೆ ಅಪ್ಲಿಕೇಶನ್ ಅಥವಾ ಇತರ ಕೈಪಿಡಿ ಅಥವಾ ಸ್ವಯಂಚಾಲಿತ ಸಾಧನ, ಸಾಧನ, ಅಥವಾ ಪ್ರಕ್ರಿಯೆ ಹಿಂಪಡೆಯಲು, ಸೂಚ್ಯಂಕ, ಗಣಿ ಡೇಟಾ, ಅಥವಾ ಯಾವುದೇ ರೀತಿಯಲ್ಲಿ ಭದ್ರತಾ ಮೂಲಸೌಕರ್ಯವನ್ನು ಹಿಂಪಡೆಯಲು, ನ್ಯಾವಿಗೇಷನಲ್: ಬಳಸಿ ಸೈಟ್‌ನಲ್ಲಿ ಪ್ರದರ್ಶಿಸಲಾದ ಯಾವುದೇ CAPTCHA ಗೆ ಸಂಬಂಧಿಸಿದಂತೆ ಸೈಟ್‌ನ ವಿಷಯ ಅಥವಾ ರಚನೆಯನ್ನು ಅಥವಾ ಪ್ರಸ್ತುತಿಯನ್ನು ರಚಿಸಬಾರದು ಅಥವಾ ಅಡ್ಡಿಪಡಿಸಬಾರದು."
Use any automated software or computer system to search for or book appointment including sending information from your computer to another computer where such software or system is active,ಅಂತಹ ಸಾಫ್ಟ್‌ವೇರ್ ಅಥವಾ ಸಿಸ್ಟಮ್ ಸಕ್ರಿಯವಾಗಿರುವ ನಿಮ್ಮ ಕಂಪ್ಯೂಟರ್‌ನಿಂದ ಮಾಹಿತಿಯನ್ನು ಕಳುಹಿಸುವುದು ಸೇರಿದಂತೆ ಹುಡುಕಲು ಅಥವಾ ಬುಕ್ ಮಾಡಲು ಯಾವುದೇ ಸ್ವಯಂಚಾಲಿತ ಸಾಫ್ಟ್‌ವೇರ್ ಅಥವಾ ಕಂಪ್ಯೂಟರ್ ಸಿಸ್ಟಮ್ ಅನ್ನು ಬಳಸಬಾರದು
Take any action that imposes or may impose (in our sole discretion) an unreasonable or disproportionately large load on our infrastructure.,ನಮ್ಮ ಮೂಲಸೌಕರ್ಯದ ಮೇಲೆ ಅಸಮಂಜಸವಾದ ಅಥವಾ ಅಸಮಾನವಾಗಿ ದೊಡ್ಡ ಹೊರೆ (ನಮ್ಮ ಸ್ವಂತ ವಿವೇಚನೆಯಲ್ಲಿ) ಹೇರುವ ಅಥವಾ ಹೇರುವ ಯಾವುದೇ ಕ್ರಮವನ್ನು ತೆಗೆದುಕೊಳ್ಳಬಾರದು.
"Use the Site or Reproduce, modify, display, publicly perform, distribute or create derivative works of the Site or the Content","ಸೈಟ್ ಅನ್ನು ಬಳಸಬಾರದು ಅಥವಾ ಸೈಟ್ ಅಥವಾ ವಿಷಯದ ಪುನರುತ್ಪಾದನೆ, ಮಾರ್ಪಡಿಸುವಿಕೆ, ಪ್ರದರ್ಶನ, ಸಾರ್ವಜನಿಕವಾಗಿ ನಿರ್ವಹಣೆ, ವಿತರಣೆ ಅಥವಾ ರಚನೆ ಮಾಡಬಾರದು"
"The Content in an attempt to, or in conjunction with, any device, program or service designed to circumvent any technological measure that effectively controls access to, or the rights in, the Site and/or Content in any way including, without limitation, by manual Decode, decrypt, modify, or reverse engineer certificate or underlying algorithms or automatic device or process, for any purpose","ಯಾವುದೇ ಸಾಧನ, ಪ್ರೋಗ್ರಾಂ ಅಥವಾ ಸೇವೆಯನ್ನು ತಡೆಯಲು ಅಥವಾ ಅದರೊಂದಿಗೆ ಸಂಯೋಜಿತವಾಗಿ, ಯಾವುದೇ ರೀತಿಯಲ್ಲಿ ಮಿತಿಯಿಲ್ಲದೆ, ಪ್ರವೇಶ, ಅಥವಾ ಹಕ್ಕುಗಳು, ಸೈಟ್ ಮತ್ತು/ಅಥವಾ ವಿಷಯವನ್ನು ಪರಿಣಾಮಕಾರಿಯಾಗಿ ನಿಯಂತ್ರಿಸುತ್ತದೆ. ಹಸ್ತಚಾಲಿತವಾಗಿ ಡೀಕೋಡ್ ಮಾಡಿ, ಡೀಕ್ರಿಪ್ಟ್ ಮಾಡಿ, ಮಾರ್ಪಡಿಸಿ ಅಥವಾ ರಿವರ್ಸ್ ಎಂಜಿನಿಯರ್ ಪ್ರಮಾಣಪತ್ರಗಳು ಅಥವಾ ಆಧಾರವಾಗಿರುವ ಅಲ್ಗಾರಿದಮ್‌ಗಳು ಅಥವಾ ಸ್ವಯಂಚಾಲಿತ ಸಾಧನಗಳು ಅಥವಾ ಪ್ರಕ್ರಿಯೆಗಳನ್ನು ಯಾವುದೇ ಉದ್ದೇಶಕ್ಕಾಗಿ ಮಾಡಬಾರದು"
"You will not use bot technology to search for registering participants through the Site; for the avoidance of doubt, this specifically prohibits you from using automated script based or automated software on the Site, and prohibits you from circumventing any security measure, access control system, or other technological control or measure on the Site that is used to enforce participation limits or to maintain the integrity of registering participants rules associated with one mobile number","ಸೈಟ್ ಮೂಲಕ ನೊಂದಾಯಿತ ಭಾಗಿದಾರ ಹುಡುಕಾಟಗಳನ್ನು ಮಾಡಲು ನೀವು ಬೋಟ್ ತಂತ್ರಜ್ಞಾನವನ್ನು ಬಳಸುವುದಿಲ್ಲ; ಸಂದೇಹವನ್ನು ತಪ್ಪಿಸಲು, ಸೈಟ್‌ನಲ್ಲಿ ಸ್ವಯಂಚಾಲಿತ ಸ್ಕ್ರಿಪ್ಟ್ ಆಧಾರಿತ ಅಥವಾ ಸ್ವಯಂಚಾಲಿತ ಸಾಫ್ಟ್‌ವೇರ್ ಅನ್ನು ಬಳಸುವುದನ್ನು ಇದು ನಿರ್ದಿಷ್ಟವಾಗಿ ನಿಷೇಧಿಸುತ್ತದೆ, ಮತ್ತು ಭಾಗವಹಿಸುವಿಕೆಯ ಮಿತಿಗಳನ್ನು ಜಾರಿಗೊಳಿಸಲು ಅಥವಾ ಒಂದು ಮೊಬೈಲ್ ಸಂಖ್ಯೆಗೆ ಸಂಬಂಧಿಸಿದ ಭಾಗವಹಿಸುವವರ ನೋಂದಣಿ ನಿಯಮಗಳ ಸಮಗ್ರತೆಯನ್ನು ಕಾಪಾಡಿಕೊಳ್ಳಲು ಇದು ಯಾವುದೇ ಭದ್ರತಾ ಕ್ರಮಗಳು, ಪ್ರವೇಶ ನಿಯಂತ್ರಣ ವ್ಯವಸ್ಥೆಗಳು ಅಥವಾ ಇತರ ತಾಂತ್ರಿಕ ನಿಯಂತ್ರಣಗಳು ಅಥವಾ ಮಾಪನಗಳ ಬಳಕೆಯನ್ನು ನಿಷೇಧಿಸಿದೆ"
VII. INTELLECTUAL PROPERTY RIGHTS,VII. ಬೌದ್ಧಿಕ ಆಸ್ತಿ ಹಕ್ಕುಗಳು
We own the intellectual property rights in the Site and Content. We may change the Content and features of the Site at any time.,ನಾವು ಸೈಟ್ ಮತ್ತು ಪರಿವಿಡಿಯಲ್ಲಿ ಬೌದ್ಧಿಕ ಆಸ್ತಿ ಹಕ್ಕುಗಳನ್ನು ಹೊಂದಿದ್ದೇವೆ. ನಾವು ಯಾವುದೇ ಸಮಯದಲ್ಲಿ ಸೈಟ್‌ನ ವಿಷಯ ಮತ್ತು ವೈಶಿಷ್ಟ್ಯಗಳನ್ನು ಬದಲಾಯಿಸಬಹುದು.
"The registered and unregistered trademarks, logos, and service marks displayed on the Site are owned by us or our licensors. You may not use our trademarks, logos, and service marks in any way without our prior written permission.","ಸೈಟ್‌ನಲ್ಲಿ ಪ್ರದರ್ಶಿಸಲಾದ ನೋಂದಾಯಿತ ಮತ್ತು ನೋಂದಾಯಿಸದ ಟ್ರೇಡ್‌ಮಾರ್ಕ್‌ಗಳು, ಲೋಗೊಗಳು ಮತ್ತು ಸೇವಾ ಗುರುತುಗಳು ನಮ್ಮ ಅಥವಾ ನಮ್ಮ ಪರವಾನಗಿದಾರರ ಒಡೆತನದಲ್ಲಿದೆ. ನಮ್ಮ ಪೂರ್ವ ಲಿಖಿತ ಅನುಮತಿಯಿಲ್ಲದೆ ನೀವು ನಮ್ಮ ಟ್ರೇಡ್‌ಮಾರ್ಕ್‌ಗಳು, ಲೋಗೋಗಳು ಮತ್ತು ಸೇವಾ ಗುರುತುಗಳನ್ನು ಯಾವುದೇ ರೀತಿಯಲ್ಲಿ ಬಳಸುವಂತಿಲ್ಲ."
"Material featured on this website may be reproduced free of charge. However, no part of the Site and no Content may be copied, republished, reproduced, uploaded, posted, displayed publicly, encoded, translated, transmitted or distributed in any way to any other computer, server, Web site or other medium for publication in a derogatory manner or in a misleading context.","ಈ ವೆಬ್‌ಸೈಟ್‌ನಲ್ಲಿ ಪ್ರದರ್ಶಿಸಲಾದ ವಿಷಯವನ್ನು ಉಚಿತವಾಗಿ ಮರು ಉತ್ಪಾದಿಸಬಹುದು. ಆದಾಗ್ಯೂ, ಸೈಟ್‌ನ ಯಾವುದೇ ಭಾಗ ಮತ್ತು ಯಾವುದೇ ವಿಷಯವನ್ನು ನಕಲಿಸಬಾರದು, ಮರುಪ್ರಕಟಿಸಬಾರದು, ಮರುಉತ್ಪಾದಿಸಬಾರದು, ಅಪ್‌ಲೋಡ್ ಮಾಡಬಾರದು, ಪೋಸ್ಟ್ ಮಾಡಬಾರದು, ಸಾರ್ವಜನಿಕವಾಗಿ ಪ್ರದರ್ಶಿಸಬಾರದು, ಎನ್‌ಕೋಡ್ ಮಾಡಬಾರದು, ಅನುವಾದಿಸಬಾರದು, ರವಾನಿಸಬಾರದು ಅಥವಾ ಯಾವುದೇ ಇತರ ಕಂಪ್ಯೂಟರ್, ಸರ್ವರ್, ವೆಬ್‌ಸೈಟ್ ಅಥವಾ ಇತರ ಮಾಧ್ಯಮದಲ್ಲಿ ಪ್ರಕಟಣೆಗಾಗಿ ಅವಹೇಳನಕಾರಿ ರೀತಿಯಲ್ಲಿ ಅಥವಾ ತಪ್ಪುದಾರಿಗೆಳೆಯುವ ರೀತಿಯಲ್ಲಿ ಬಳಸಲಾಗುವುದಿಲ್ಲ."
"You may use information available on the Site, provided that you will (1) use such information only for your personal, non-commercial informational purpose and do not copy or post such information on any networked computer or broadcast it in any media, (2) not make any modifications to any such information and any additional representations or warranties relating to such documents and Content.","ಸೈಟ್‌ನಲ್ಲಿ ಲಭ್ಯವಿರುವ ಮಾಹಿತಿಯನ್ನು ನೀವು ಬಳಸಬಹುದು, ನೀವು (1) ಅಂತಹ ಮಾಹಿತಿಯನ್ನು ನಿಮ್ಮ ವೈಯಕ್ತಿಕ, ವಾಣಿಜ್ಯೇತರ ಮಾಹಿತಿ ಉದ್ದೇಶಕ್ಕಾಗಿ ಮಾತ್ರ ಬಳಸಬೇಕು ಮತ್ತು ಅಂತಹ ಮಾಹಿತಿಯನ್ನು ಯಾವುದೇ ನೆಟ್‌ವರ್ಕ್ ಮಾಡಿದ ಕಂಪ್ಯೂಟರ್‌ಗೆ ನಕಲಿಸಬಾರದು ಅಥವಾ ಪೋಸ್ಟ್ ಮಾಡಬಾರದು ಅಥವಾ ಯಾವುದೇ (2) ಗೆ ರವಾನಿಸಬಾರದು ) ಅಂತಹ ದಾಖಲೆಗಳು ಮತ್ತು ವಸ್ತುಗಳಿಗೆ ಸಂಬಂಧಿಸಿದ ಯಾವುದೇ ಮಾಹಿತಿ ಮತ್ತು ಯಾವುದೇ ಹೆಚ್ಚುವರಿ ಪ್ರಾತಿನಿಧ್ಯಗಳು ಅಥವಾ ವಾರಂಟಿಗಳನ್ನು ತಿದ್ದುಪಡಿ ಮಾಡಬೇಡಿ."
"Wherever the material is being published or issued to others, the source must be prominently acknowledged. However, the permission to reproduce this material shall not extend to any material which is identified as being copyright of a third party.","ಎಲ್ಲೆಲ್ಲಿ ವಿಷಯವನ್ನು ಪ್ರಕಟಿಸಲಾಗುತ್ತಿದೆ ಅಥವಾ ಇತರರಿಗೆ ಬಿಡುಗಡೆ ಮಾಡಲಾಗುತ್ತಿದೆ, ಮೂಲವನ್ನು ಪ್ರಮುಖವಾಗಿ ಒಪ್ಪಿಕೊಳ್ಳಬೇಕು. ಆದಾಗ್ಯೂ, ಈ ವಸ್ತುವನ್ನು ಪುನರುತ್ಪಾದಿಸುವ ಅನುಮತಿಯು ಥರ್ಡ್ ಪಾರ್ಟಿ ಹಕ್ಕುಸ್ವಾಮ್ಯ ಎಂದು ಗುರುತಿಸಲಾದ ಯಾವುದೇ ವಸ್ತುಗಳಿಗೆ ವಿಸ್ತರಿಸುವುದಿಲ್ಲ."
VIII. LIMITATIONS OF MULTI- LINGUAL INTERFACE,VIII. ಬಹುಭಾಷಾ ಇಂಟರ್‌ಫೇಸ್‌ಗಳ ಮಿತಿಗಳು
"Translations on the Poshan Tracker Portal & App Chabot are done by third party translators. While the translations are done on a best effort basis, some of the parts may be incorrect. Certain files and other items on the website cannot be translated. In addition, on translation, some applications and/or services may not function as expected, due to language barriers. We are working constantly to rectify any errors, omissions, or ambiguities in the translations provided on this portal.","ಪೋಷನ್ ಟ್ರ್ಯಾಕರ್ ಪೋರ್ಟಲ್ ಮತ್ತು ಚಾಬೊಟ್ ಅಪ್ಲಿಕೇಶನ್ ಅನ್ನು ಥರ್ಡ್ ಪಾರ್ಟಿ ಅನುವಾದಕರು ಅನುವಾದಿಸಿದ್ದಾರೆ. ಅನುವಾದಗಳನ್ನು ಅತ್ಯುತ್ತಮ ಪ್ರಯತ್ನದ ಆಧಾರದ ಮೇಲೆ ಮಾಡಲಾಗಿದ್ದರೂ, ಕೆಲವು ಭಾಗಗಳು ತಪ್ಪಾಗಿರಬಹುದು. ವೆಬ್‌ಸೈಟ್‌ನಲ್ಲಿರುವ ಕೆಲವು ಫೈಲ್‌ಗಳು ಮತ್ತು ಇತರ ಐಟಂಗಳನ್ನು ಅನುವಾದಿಸಲಾಗುವುದಿಲ್ಲ. ಹೆಚ್ಚುವರಿಯಾಗಿ, ಅನುವಾದದ ನಂತರ, ಭಾಷೆಯ ನಿರ್ಬಂಧಗಳ ಕಾರಣದಿಂದಾಗಿ ಕೆಲವು ಅಪ್ಲಿಕೇಶನ್‌ಗಳು ಮತ್ತು/ಅಥವಾ ಸೇವೆಗಳು ನಿರೀಕ್ಷೆಯಂತೆ ಕಾರ್ಯನಿರ್ವಹಿಸುವುದಿಲ್ಲ. ಈ ಪೋರ್ಟಲ್‌ನಲ್ಲಿ ಒದಗಿಸಲಾದ ಅನುವಾದಗಳಲ್ಲಿನ ಯಾವುದೇ ದೋಷಗಳು, ಲೋಪಗಳು ಅಥವಾ ಅಸ್ಪಷ್ಟತೆಗಳನ್ನು ಸರಿಪಡಿಸಲು ನಾವು ನಿರಂತರವಾಗಿ ಕಾರ್ಯನಿರ್ವಹಿಸುತ್ತಿದ್ದೇವೆ."
IX. LINKS,IX. ಲಿಂಕ್ ಗಳು
"The Site may contain links to other websites that may not be owned, maintained, or operated by us. The fact that these websites are linked, does not indicate any endorsement of these websites from us, since we do have any control over these websites. We are not responsible for these websites including any content or the privacy practices of these websites. We strongly encourage you to familiarize yourself with the terms of use of these websites. Your use of these websites is at your own risk and peril. It is solely up to you to take necessary precautions to ensure that the links you select or any software you may download is free of viruses, worms, Trojan horses, defects, date bombs, time bombs, and other or other computer programming routines which are of destructive nature","ಸೈಟ್ ನಮ್ಮ ಮಾಲೀಕತ್ವವನ್ನು ಹೊಂದಿರದ, ನಿರ್ವಹಿಸದಿರುವ ಇತರ ವೆಬ್‌ಸೈಟ್‌ಗಳಿಗೆ ಲಿಂಕ್‌ಗಳನ್ನು ಹೊಂದಿರಬಹುದು. ಈ ವೆಬ್‌ಸೈಟ್‌ಗಳನ್ನು ಲಿಂಕ್ ಮಾಡಲಾಗಿದೆ ಎಂಬ ಅಂಶವು ಈ ವೆಬ್‌ಸೈಟ್‌ಗಳ ಯಾವುದೇ ಅನುಮೋದನೆಯನ್ನು ಸೂಚಿಸುವುದಿಲ್ಲ, ಏಕೆಂದರೆ ಈ ವೆಬ್‌ಸೈಟ್‌ಗಳ ಮೇಲೆ ನಮಗೆ ಯಾವುದೇ ನಿಯಂತ್ರಣವಿಲ್ಲ. ಈ ವೆಬ್‌ಸೈಟ್‌ಗಳ ವಿಷಯ ಅಥವಾ ಗೌಪ್ಯತೆ ಅಭ್ಯಾಸಗಳು ಸೇರಿದಂತೆ ಈ ಯಾವುದೇ ವೆಬ್‌ಸೈಟ್‌ಗಳಿಗೆ ನಾವು ಜವಾಬ್ದಾರರಾಗಿರುವುದಿಲ್ಲ. ಈ ವೆಬ್‌ಸೈಟ್‌ಗಳ ಬಳಕೆಯ ನಿಯಮಗಳೊಂದಿಗೆ ನೀವೇ ಪರಿಚಿತರಾಗಲು ನಾವು ನಿಮ್ಮನ್ನು ಬಲವಾಗಿ ಪ್ರೋತ್ಸಾಹಿಸುತ್ತೇವೆ. ನೀವು ನಿಮ್ಮ ಸ್ವಂತ ಅಪಾಯದ ಮೇಲೆ ಈ ವೆಬ್ಸೈಟ್ ಗಳ ಬಳಕೆಯನ್ನು ಮಾಡುತ್ತೀರಿ. ನೀವು ಆಯ್ಕೆಮಾಡುವ ಲಿಂಕ್‌ಗಳು ಅಥವಾ ನೀವು ಡೌನ್‌ಲೋಡ್ ಮಾಡುವ ಯಾವುದೇ ಸಾಫ್ಟ್‌ವೇರ್ ವೈರಸ್‌ಗಳು, ವರ್ಮ್‌ಗಳು, ಟ್ರೋಜನ್ ಹಾರ್ಸ್‌ಗಳು, ದೋಷಗಳು, ದಿನಾಂಕ ಬಾಂಬ್‌ಗಳು, ಟೈಮ್ ಬಾಂಬ್‌ಗಳು ಮತ್ತು ಇತರ ಅಥವಾ ಇತರ ಕಂಪ್ಯೂಟರ್ ಪ್ರೋಗ್ರಾಮಿಂಗ್ ರೂಟೀನ್ ಹೊಂದಿರಬಹುದು ಎಂಬುದನ್ನು ಖಚಿತಪಡಿಸಿಕೊಳ್ಳಲು ಅಗತ್ಯವಾದ ಮುನ್ನೆಚ್ಚರಿಕೆಗಳನ್ನು ತೆಗೆದುಕೊಳ್ಳುವುದು ಸಂಪೂರ್ಣವಾಗಿ ನಿಮಗೆ ಬಿಟ್ಟದ್ದು"
X. ACCESS FROM OUTSIDE INDIA,X. ಭಾರತದ ಹೊರಗಿನಿಂದ ಪ್ರವೇಶ
"The Site is directed to the people residing in India. We do not represent that Content available on or through the Site is appropriate or available in other locations. We may limit the availability of the Site or any service or product described on the Site to any person or geographic area at any time. If you choose to access the Site from outside India, you do so at your own risk.","ಭಾರತದಲ್ಲಿ ವಾಸಿಸುವ ಜನರಿಗೆ ಸೈಟ್ ಅನ್ನು ನಿರ್ದೇಶಿಸಲಾಗಿದೆ. ಸೈಟ್‌ನಲ್ಲಿ ಅಥವಾ ಅದರ ಮೂಲಕ ಲಭ್ಯವಿರುವ ವಸ್ತುವು ಇತರ ಸ್ಥಳಗಳಲ್ಲಿ ಸೂಕ್ತವಾಗಿದೆ ಅಥವಾ ಲಭ್ಯವಿದೆ ಎಂದು ನಾವು ಪ್ರತಿನಿಧಿಸುವುದಿಲ್ಲ. ನಾವು ಯಾವುದೇ ಸಮಯದಲ್ಲಿ ಯಾವುದೇ ವ್ಯಕ್ತಿ ಅಥವಾ ಭೌಗೋಳಿಕ ಪ್ರದೇಶಕ್ಕೆ ಸೈಟ್ ಅಥವಾ ಸೈಟ್‌ನಲ್ಲಿ ವಿವರಿಸಿದ ಯಾವುದೇ ಸೇವೆ ಅಥವಾ ಉತ್ಪನ್ನದ ಲಭ್ಯತೆಯನ್ನು ಮಿತಿಗೊಳಿಸಬಹುದು. ನೀವು ಭಾರತದ ಹೊರಗಿನಿಂದ ಸೈಟ್ ಅನ್ನು ಪ್ರವೇಶಿಸಲು ಆಯ್ಕೆಮಾಡಿದರೆ, ನೀವು ಅದನ್ನು ನಿಮ್ಮ ಸ್ವಂತ ಜವಾಬ್ದಾರಿಯಲ್ಲಿ ಮಾಡುತ್ತೀರಿ."
XI. VIOLATION OF THESE TERMS,XI. ಈ ನಿಯಮಗಳ ಉಲ್ಲಂಘನೆ
"We may investigate any violation of these Terms, including unauthorized use of the Site. We may provide law enforcement with information you provide to us related to your transactions to assist in any investigation or prosecution of you. We may take legal action that we feel is appropriate. If we determine that you have violated these Terms or the law, or for any other reason or for no reason, we may block your account and will prevent you from accessing the Site at any time without notice to you.","ಸೈಟ್‌ನ ಅನಧಿಕೃತ ಬಳಕೆ ಸೇರಿದಂತೆ ಈ ನಿಯಮಗಳ ಯಾವುದೇ ಉಲ್ಲಂಘನೆಯನ್ನು ನಾವು ತನಿಖೆ ಮಾಡಬಹುದು. ನಿಮ್ಮ ಯಾವುದೇ ತನಿಖೆ ಅಥವಾ ಕಾನೂನು ಕ್ರಮದಲ್ಲಿ ಸಹಾಯ ಮಾಡಲು ನಿಮ್ಮ ವಹಿವಾಟುಗಳಿಗೆ ಸಂಬಂಧಿಸಿದ ಮಾಹಿತಿಯನ್ನು ನಾವು ಕಾನೂನಿಗೆ ಒದಗಿಸಬಹುದು. ನಾವು ಸೂಕ್ತವೆನಿಸಿದ ಕಾನೂನು ಕ್ರಮ ತೆಗೆದುಕೊಳ್ಳಬಹುದು. ನೀವು ಈ ನಿಯಮಗಳು ಅಥವಾ ಕಾನೂನನ್ನು ಉಲ್ಲಂಘಿಸಿದ್ದೀರಿ ಎಂದು ನಾವು ನಿರ್ಧರಿಸಿದರೆ ಅಥವಾ ಯಾವುದೇ ಕಾರಣಕ್ಕಾಗಿ ಅಥವಾ ಯಾವುದೇ ಕಾರಣವಿಲ್ಲದೆ, ನಾವು ನಿಮ್ಮ ಖಾತೆಯನ್ನು ನಿರ್ಬಂಧಿಸಬಹುದು ಮತ್ತು ಯಾವುದೇ ಸೂಚನೆಯಿಲ್ಲದೆ ಸೈಟ್ ಅನ್ನು ಪ್ರವೇಶಿಸದಂತೆ ನಿಮ್ಮನ್ನು ತಡೆಯಬಹುದು."
XII. RE-DISTRIBUTION,XII. ಪುನರ್ವಿತರಣೆ
"Authorized organizations shall not re-distribute any data that they are able to access through the API/ No-code webpage integration and shall ensure that integration of all such data shall compulsorily be limited to the specific services provided by Poshan Tracker. Under no circumstances, shall an organization use the data collected as part of the Poshan Abhiyaan of the Government for any purposes other than the purposes specified herein, and as may be permitted by the government.","ಅಧಿಕೃತ ಸಂಸ್ಥೆಗಳು ಅವರು API / ನೋ-ಕೋಡ್ ವೆಬ್‌ಪುಟ ಏಕೀಕರಣದ ಮೂಲಕ ಪಡೆಯಲು ಸಾಧ್ಯವಾಗುವ ಯಾವುದೇ ಡೇಟಾವನ್ನು ಮರುಹಂಚಿಕೆ ಮಾಡಬಾರದು ಮತ್ತು ಅಂತಹ ಎಲ್ಲಾ ಡೇಟಾದ ಏಕೀಕರಣವು ಮೂಲಭೂತವಾಗಿ ಪೋಶನ್ ಟ್ರ್ಯಾಕರ್ ನೀಡುವ ನಿರ್ದಿಷ್ಟ ಸೇವೆಗಳಿಗೆ ಸೀಮಿತವಾಗಿ ಇರುತ್ತದೆ ಎಂದು ಖಚಿತಪಡಿಸಿಕೊಳ್ಳಬೇಕು. ಯಾವುದೇ ಸಂದರ್ಭಗಳಲ್ಲಿ, ಯಾವುದೇ ಸಂಸ್ಥೆಯು ಸರ್ಕಾರದ ಪೋಶನ್ ಅಭಿಯಾನದ ಭಾಗವಾಗಿ ಸಂಗ್ರಹಿಸಿದ ಡೇಟಾವನ್ನು ಇಲ್ಲಿ ನಿರ್ದಿಷ್ಟಪಡಿಸಿದ ಉದ್ದೇಶಗಳನ್ನು ಹೊರತುಪಡಿಸಿ ಮತ್ತು ಸರ್ಕಾರವು ಅನುಮತಿಸಬಹುದಾದ ಯಾವುದೇ ಉದ್ದೇಶವನ್ನು ಹೊರತುಪಡಿಸಿ ಬೇರೆ ಕೆಲಸಗಳಿಗೆ ಬಳಸುವಂತಿಲ್ಲ."
"XIII. COMPLIANCE WITH LAW, THIRD PARTY RIGHTS, AND OTHER TERMS OF SERVICE","XIII. ಕಾನೂನು, ಥರ್ಡ್ ಪಾರ್ಟಿ ಹಕ್ಕುಗಳು ಮತ್ತು ಇತರ ಸೇವಾ ನಿಯಮಗಳ ಅನುಸರಣೆ"
"The authorized organizations will comply with all applicable laws, regulation, policies and third-party rights (including and without limitation, any laws regarding the import or export of data or software, privacy, and local laws) established by Government of India. These organizations will not use the APIs/ No-code webpage integration to encourage or promote illegal activity or violation of third-party rights including these Terms with Poshan Tracker.","ಅಧಿಕೃತ ಸಂಸ್ಥೆಯು ಭಾರತ ಸರ್ಕಾರದಿಂದ ಸ್ಥಾಪಿಸಲಾದ ಎಲ್ಲಾ ಅನ್ವಯವಾಗುವ ಕಾನೂನುಗಳು, ನಿಬಂಧನೆಗಳು, ನೀತಿಗಳು ಮತ್ತು ಮೂರನೇ ವ್ಯಕ್ತಿಗಳ ಹಕ್ಕುಗಳನ್ನು (ಸೇರಿದಂತೆ ಮತ್ತು ಮಿತಿಯಿಲ್ಲದೆ, ಡೇಟಾ ಅಥವಾ ಸಾಫ್ಟ್‌ವೇರ್, ಗೌಪ್ಯತೆ ಮತ್ತು ಸ್ಥಳೀಯ ಕಾನೂನುಗಳ ಆಮದು ಅಥವಾ ರಫ್ತಿಗೆ ಸಂಬಂಧಿಸಿದ ಯಾವುದೇ ಕಾನೂನುಗಳು) ಅನುಸರಿಸಬೇಕು. ಕಾನೂನುಬಾಹಿರ ಚಟುವಟಿಕೆಗಳನ್ನು ಪ್ರೋತ್ಸಾಹಿಸಲು ಅಥವಾ ಪೋಷನ್ ಟ್ರಾಕರ್ ಜೊತೆ ಇರುವ ನೀತಿಗಳನ್ನು ಒಳಗೊಂಡು ಥರ್ಡ್ ಪಾರ್ಟಿ ಹಕ್ಕುಗಳ ಉಲ್ಲಂಘನೆಯನ್ನು ಉತ್ತೇಜಿಸಲು API/ನೋ-ಕೋಡ್ ವೆಬ್‌ಪುಟ ಏಕೀಕರಣವನ್ನು ಈ ಸಂಸ್ಥೆಗಳು ಬಳಸುವುದಿಲ್ಲ."
XIV. CORRECTNESS OF DATA PROVIDED BY THIRD PARTY SYSTEMS,XIV. ಥರ್ಡ್ ಪಾರ್ಟಿ ವ್ಯವಸ್ಥೆಗಳಿಂದ ಒದಗಿಸಲಾದ ಡೇಟಾದ ನಿಖರತೆ
"The ASPs collecting data from Poshan Tracker and displaying to users shall be solely responsible for the correctness of such data and any liability arising out of any data so provided, shall completely rest with such third party. Any liabilities civil or criminal, arising out of any incorrect data, shall solely lie with the concerned ASP.",ಪೋಷನ್ ಟ್ರ್ಯಾಕರ್‌ನಿಂದ ಡೇಟಾವನ್ನು ಸಂಗ್ರಹಿಸುವ ಮತ್ತು ಅದನ್ನು ಬಳಕೆದಾರರಿಗೆ ಪ್ರದರ್ಶಿಸುವ ASP ಅಂತಹ ಡೇಟಾದ ನಿಖರತೆಗೆ ಸಂಪೂರ್ಣವಾಗಿ ಜವಾಬ್ದಾರನಾಗಿರುತ್ತಾನೆ ಮತ್ತು ಹೀಗೆ ಒದಗಿಸಿದ ಯಾವುದೇ ಡೇಟಾದಿಂದ ಉಂಟಾಗುವ ಯಾವುದೇ ಹೊಣೆಗಾರಿಕೆಯು ಅಂತಹ ಥರ್ಡ್ ಪಾರ್ಟಿ ಜೊತೆಗೆ ಮಾತ್ರ ಇರುತ್ತದೆ. ಯಾವುದೇ ತಪ್ಪಾದ ದತ್ತಾಂಶದಿಂದ ಉಂಟಾಗುವ ಸಿವಿಲ್ ಅಥವಾ ಕ್ರಿಮಿನಲ್ ಹೊಣೆಗಾರಿಕೆಗಳು ಸಂಪೂರ್ಣವಾಗಿ ಸಂಬಂಧಪಟ್ಟ ASP ಯ ಬಳಿ ಇರುತ್ತವೆ.
XV. INDEMNITY AND LIMITATION OF LIABILITY,XV. ನಷ್ಟ ಪರಿಹಾರ ಮತ್ತು ಹೊಣೆಗಾರಿಕೆ ಮಿತಿ
"You agree to defend, indemnify and hold harmless Poshan Tracker and its affiliates, its officers, directors, employees and agents, from and against any and all claims, damages, obligations, losses, liabilities, costs or debt, and expenses including but not limited to attorneys fees relating to any allegation or third-party legal proceeding to the extent arising from:","ಯಾವುದೇ ಮತ್ತು ಎಲ್ಲಾ ಹಕ್ಕುಗಳು, ಹಾನಿಗಳು, ಹೊಣೆಗಾರಿಕೆಗಳು, ನಷ್ಟಗಳು, ಹೊಣೆಗಾರಿಕೆಗಳು, ವೆಚ್ಚಗಳು ಅಥವಾ ಋಣಭಾರಗಳು ಮತ್ತು ವೆಚ್ಚಗಳು ಸೇರಿದಂತೆ, ಆದರೆ ಇವುಗಳಿಗೆ ಸೀಮಿತವಾಗಿರದೆ, ಹಾನಿಕಾರಕವಲ್ಲದ ಪೋಶನ್ ಟ್ರ್ಯಾಕರ್ ಮತ್ತು ಅದರ ಅಂಗಸಂಸ್ಥೆಗಳು, ಅದರ ಅಧಿಕಾರಿಗಳು, ನಿರ್ದೇಶಕರು, ಉದ್ಯೋಗಿಗಳು ಮತ್ತು ಏಜೆಂಟರನ್ನು ನೀವು ರಕ್ಷಿಸುತ್ತೀರಿ, ನಷ್ಟ ಪರಿಹಾರ ನೀಡುತ್ತೀರಿ ಮತ್ತು ಹಿಡಿದಿಟ್ಟುಕೊಳ್ಳುತ್ತೀರಿ. ಮತ್ತು ಹಿಡಿದಿಡಲು ಒಪ್ಪಿಕೊಳ್ಳಿ. ಯಾವುದೇ ಆರೋಪ ಅಥವಾ ಥರ್ಡ್ ಪಾರ್ಟಿ ವ್ಯಕ್ತಿಗಳ ಕಾನೂನು ಪ್ರಕ್ರಿಯೆಗೆ ಸಂಬಂಧಿಸಿದ ವಕೀಲರ ಶುಲ್ಕಗಳು ಇದರಿಂದ ಉಂಟಾಗುವ:"
Your use of and access to the Site and Service;,ಸೈಟ್ ಮತ್ತು ಸೇವೆಗೆ ನಿಮ್ಮ ಬಳಕೆ ಮತ್ತು ಪ್ರವೇಶ;
Your violation of any term of this Agreement;,ನಿಮ್ಮ ಕಡೆಯಿಂದ ಈ ಒಪ್ಪಂದದ ಯಾವುದೇ ನಿಯಮಗಳ ಉಲ್ಲಂಘನೆ;
"Your violation of any third party right, including without limitation, any copyright, property, or privacy right; or","ಯಾವುದೇ ಹಕ್ಕುಸ್ವಾಮ್ಯ, ಆಸ್ತಿ, ಅಥವಾ ಗೌಪ್ಯತೆ ಹಕ್ಕು ಸೇರಿದಂತೆ, ಮಿತಿಯಿಲ್ಲದೆ ಯಾವುದೇ ಥರ್ಡ್ ಪಾರ್ಟಿ ಹಕ್ಕಿನ ನಿಮ್ಮ ಉಲ್ಲಂಘನೆ; ಅಥವಾ"
Any claim that your User Content caused damage to a third party. This defense and indemnification obligation will survive this Agreement and your use of the Service and Website/App.,ನಿಮ್ಮ ಬಳಕೆದಾರರ ವಿಷಯವು ಥರ್ಡ್ ಪಾರ್ಟಿಗೆ ಹಾನಿಯನ್ನುಂಟುಮಾಡಿದೆ ಎಂಬ ಯಾವುದೇ ಹಕ್ಕು. ಈ ರಕ್ಷಣಾ ಮತ್ತು ನಷ್ಟ ಪರಿಹಾರದ ಬಾಧ್ಯತೆಯು ಈ ಒಪ್ಪಂದ ಮತ್ತು ಸೇವೆ ಮತ್ತು ವೆಬ್‌ಸೈಟ್/ಅಪ್ಲಿಕೇಶನ್‌ನ ನಿಮ್ಮ ಬಳಕೆಯನ್ನು ಉಳಿದುಕೊಳ್ಳುತ್ತದೆ.
XVI. JURISDICTION,XVI. ನ್ಯಾಯವ್ಯಾಪ್ತಿ
Your use of the Site and any dispute arising out of such use of the Site is subject to the laws of India and place of jurisdiction shall be New Delhi.,ನಿಮ್ಮ ಸೈಟ್‌ನ ಬಳಕೆ ಮತ್ತು ಸೈಟ್‌ನ ಅಂತಹ ಬಳಕೆಯಿಂದ ಉಂಟಾಗುವ ಯಾವುದೇ ವಿವಾದವು ಭಾರತದ ಕಾನೂನುಗಳಿಗೆ ಒಳಪಟ್ಟಿರುತ್ತದೆ ಮತ್ತು ನ್ಯಾಯವ್ಯಾಪ್ತಿಯ ಸ್ಥಳವು ನವದೆಹಲಿ ಆಗಿರುತ್ತದೆ.
20 December 2021,20 ಡಿಸೆಂಬರ್ 2021
"Poshan Abhiyaan is India’s flagship programme to improve nutritional outcomes for children, adolescents, pregnant women and lactating mothers by leveraging technology, a targeted approach and convergence.","ಪೋಶನ್ ಅಭಿಯಾನವು ತಂತ್ರಜ್ಞಾನ, ಉದ್ದೇಶಿತ ವಿಧಾನ ಮತ್ತು ಒಮ್ಮುಖದ ಮೂಲಕ ಮಕ್ಕಳು, ಹದಿಹರೆಯದವರು, ಗರ್ಭಿಣಿಯರು ಮತ್ತು ಹಾಲುಣಿಸುವ ತಾಯಂದಿರಿಗೆ ಪೌಷ್ಟಿಕಾಂಶದ ಫಲಿತಾಂಶಗಳನ್ನು ಸುಧಾರಿಸಲು ಭಾರತದ ಪ್ರಮುಖ ಕಾರ್ಯಕ್ರಮವಾಗಿದೆ."
"Poshan Tracker Portal or App is governed by Ministry of Woman and Child Development, Government of India, hereinafter referred to as “MWCD”, “our”, “us”, “we” which shall include a reference to other departments and divisions of the program/campaign. References to Poshan Tracker Portal or App in this policy include Poshan Tracker or any other Apps or portals that are integrated with Poshan Tracker through APIs / related sites, apps, communications and services (“Services”) hereinafter collectively referred to as “Poshan Tracker or System.”","ಪೋಶನ್ ಟ್ರ್ಯಾಕರ್ ಪೋರ್ಟಲ್ ಅಥವಾ ಅಪ್ಲಿಕೇಶನ್ ಅನ್ನು ಭಾರತ ಸರ್ಕಾರದ ಮಹಿಳಾ ಮತ್ತು ಮಕ್ಕಳ ಅಭಿವೃದ್ಧಿ ಸಚಿವಾಲಯವು ನಿರ್ವಹಿಸುತ್ತದೆ, ಇನ್ನು ಮುಂದೆ ಇತರ ಇಲಾಖೆಗಳು ಮತ್ತು ವಿಭಾಗಗಳ ಉಲ್ಲೇಖಗಳನ್ನು ಒಳಗೊಂಡಂತೆ ""MWCD"", ""ನಮ್ಮ"", ""ನಾವು"", ""ನಾವು"" ಎಂದು ಉಲ್ಲೇಖಿಸಲಾಗುತ್ತದೆ. ಕಾರ್ಯಕ್ರಮ/ಪ್ರಚಾರ. ಈ ನೀತಿಯು ಪೋಶನ್ ಟ್ರ್ಯಾಕರ್ ಪೋರ್ಟಲ್ ಅಥವಾ ಆ್ಯಪ್ ಟು ಪೋಶನ್ ಟ್ರ್ಯಾಕರ್ ಅಥವಾ ಇನ್ನಾವುದೇ ಆಪ್ ಅಥವಾ ಪೋರ್ಟಲ್ ಅನ್ನು ಪೋಶನ್ ಟ್ರ್ಯಾಕರ್‌ನೊಂದಿಗೆ ಸಂಯೋಜಿತವಾಗಿರುವ API/ಸಂಬಂಧಿತ ಸೈಟ್‌ಗಳು, ಅಪ್ಲಿಕೇಶನ್‌ಗಳು, ಸಂವಹನಗಳು ಮತ್ತು ಸೇವೆಗಳ ಮೂಲಕ (“ಸೇವೆಗಳು”) ಉಲ್ಲೇಖಗಳನ್ನು ಒಳಗೊಂಡಿರುತ್ತದೆ. ""ಪೋಷಣ್ ಟ್ರ್ಯಾಕರ್ ಅಥವಾ ಸಿಸ್ಟಮ್"" ಎಂದು ಕರೆಯಲಾಗುತ್ತದೆ."
"Our Privacy Policy applies when you use our Services (described below). This Privacy Policy is meant to help you understand what information we collect, why we collect it, and how it is used and shared. The collecting and retaining agency in respect of your information is MWCD.","ನೀವು ನಮ್ಮ ಸೇವೆಗಳನ್ನು ಬಳಸುವಾಗ ನಮ್ಮ ಗೌಪ್ಯತಾ ನೀತಿ ಅನ್ವಯಿತರಾಗುತ್ತೀರಿ (ಕೆಳಗೆ ವಿವರಿಸಲಾಗಿದೆ). ನಾವು ಯಾವ ಮಾಹಿತಿಯನ್ನು ಸಂಗ್ರಹಿಸುತ್ತೇವೆ, ಅದನ್ನು ಏಕೆ ಸಂಗ್ರಹಿಸುತ್ತೇವೆ ಮತ್ತು ಅದನ್ನು ಹೇಗೆ ಬಳಸುತ್ತೇವೆ ಮತ್ತು ಹಂಚಿಕೊಳ್ಳುತ್ತೇವೆ ಎಂಬುದನ್ನು ಅರ್ಥಮಾಡಿಕೊಳ್ಳಲು ಈ ಗೌಪ್ಯತಾ ನೀತಿಯು ನಿಮಗೆ ಸಹಾಯ ಮಾಡುತ್ತದೆ. MWCD ಸಂಸ್ಥೆಯು ಅದಕ್ಕೆ ಸಂಬಂಧಿಸಿದಂತೆ ನಿಮ್ಮ ಮಾಹಿತಿಯನ್ನು ಸಂಗ್ರಹಿಸುತ್ತದೆ ಮತ್ತು ನಿರ್ವಹಿಸುತ್ತದೆ."
"We are committed to protecting the security of your personal information and safeguarding your privacy. Any information or data collected and processed on the System is done in accordance with the provisions of Information Technology Act, 2000 read with its Rules and other national and state laws relating to the collection and processing of personal data.","ನಿಮ್ಮ ವೈಯಕ್ತಿಕ ಮಾಹಿತಿಯನ್ನು ರಕ್ಷಿಸಲು ಮತ್ತು ನಿಮ್ಮ ಗೌಪ್ಯತೆಯನ್ನು ರಕ್ಷಿಸಲು ನಾವು ಬದ್ಧರಾಗಿದ್ದೇವೆ. ಸಿಸ್ಟಂನಲ್ಲಿ ಸಂಗ್ರಹಿಸಿದ ಮತ್ತು ಸಂಸ್ಕರಿಸಿದ ಯಾವುದೇ ಮಾಹಿತಿ ಅಥವಾ ಡೇಟಾವನ್ನು ಮಾಹಿತಿ ತಂತ್ರಜ್ಞಾನ ಕಾಯಿದೆ, 2000 ಮತ್ತು ಅದರ ನಿಯಮಗಳು ಮತ್ತು ವೈಯಕ್ತಿಕ ಡೇಟಾದ ಸಂಗ್ರಹಣೆ ಮತ್ತು ಪ್ರಕ್ರಿಯೆಗೆ ಸಂಬಂಧಿಸಿದ ಇತರ ರಾಷ್ಟ್ರೀಯ ಮತ್ತು ರಾಜ್ಯ ಕಾನೂನುಗಳ ನಿಬಂಧನೆಗಳಿಗೆ ಅನುಗುಣವಾಗಿ ಪರಿಗಣಿಸಲಾಗುತ್ತದೆ."
This Privacy Policy is required to be read in conjunction with the Terms of Service available at ,ಈ ಗೌಪ್ಯತಾ ನೀತಿಯನ್ನು 
". Your access to and use of the System is conditional upon your acceptance of this Privacy Policy and the Terms of Service. By accessing and/or using the System, you represent that you have read, understood and are bound by the Terms of Service and this Privacy Policy, and that you consent to your information and data being collected, stored and used in the manner laid out in this Privacy Policy."," ನಲ್ಲಿ ಲಭ್ಯವಿರುವ ಸೇವಾ ನಿಯಮಗಳ ಜೊತೆಯಲ್ಲಿ ಓದುವ ಅಗತ್ಯವಿದೆ. ಈ ಗೌಪ್ಯತೆ ನೀತಿ ಮತ್ತು ಸೇವಾ ನಿಯಮಗಳ ನಿಮ್ಮ ಅಂಗೀಕಾರದ ಮೇಲೆ ನಿಮ್ಮ ಪ್ರವೇಶ ಮತ್ತು ಸಿಸ್ಟಂನ ಬಳಕೆಯು ಷರತ್ತುಬದ್ಧವಾಗಿದೆ. ಸಿಸ್ಟಂ ಅನ್ನು ಪ್ರವೇಶಿಸುವ ಮತ್ತು/ಅಥವಾ ಬಳಸುವ ಮೂಲಕ, ನೀವು ಸೇವೆಯ ನಿಯಮಗಳು ಮತ್ತು ಈ ಗೌಪ್ಯತಾ ನೀತಿಯನ್ನು ಓದಿದ್ದೀರಿ, ಅರ್ಥಮಾಡಿಕೊಂಡಿದ್ದೀರಿ ಮತ್ತು ಬದ್ಧರಾಗಿರುವಿರಿ ಎಂದು ನೀವು ಪ್ರತಿನಿಧಿಸುತ್ತೀರಿ ಮತ್ತು ಒಪ್ಪಿಗೆಯನ್ನು ಸೂಚಿಸಿದ ರೀತಿಯಲ್ಲಿ ನಿಮ್ಮ ಮಾಹಿತಿ ಮತ್ತು ಡೇಟಾವನ್ನು ನೀವು ಸಂಗ್ರಹಿಸುತ್ತೀರಿ, ಸಂಗ್ರಹಿಸುತ್ತೀರಿ ಮತ್ತು ಬಳಸುತ್ತೀರಿ."
You hereby acknowledge that the collection of your information as described in Clause 1 of this Privacy Policy is necessary to fulfil the purposes specified in Clause 2 and 3 of this Privacy Policy.,ಈ ಗೌಪ್ಯತೆ ನೀತಿಯ ವಿಭಾಗ 1 ರಲ್ಲಿ ವಿವರಿಸಲಾದ ನಿಮ್ಮ ಮಾಹಿತಿಯ ಸಂಗ್ರಹವು ಈ ಗೌಪ್ಯತಾ ನೀತಿಯ ವಿಭಾಗಗಳು 2 ಮತ್ತು 3 ರಲ್ಲಿ ನಿರ್ದಿಷ್ಟಪಡಿಸಿದ ಉದ್ದೇಶಗಳನ್ನು ಪೂರೈಸಲು ಅವಶ್ಯಕವಾಗಿದೆ ಎಂದು ನೀವು ಈ ಮೂಲಕ ಒಪ್ಪಿಕೊಳ್ಳುತ್ತೀರಿ.
1. INFORMATION WE COLLECT,1. ನಾವು ಸಂಗ್ರಹಿಸುವ ಮಾಹಿತಿ
1.1. Information you provide to us.,1.1. ನೀವು ನಮಗೆ ನೀಡುವ ಮಾಹಿತಿ.
"We collect the content and other information that you provide when you use our Services, including when you sign up for an account. This can include- (i) Name (ii) Mobile number (iii) Date of Birth (iv)Gender (v) Name of Child (vi) Aadhaar Number (vii) Address","ನೀವು ಖಾತೆಯನ್ನು ತೆರೆಯುವುದನ್ನು ಸೇರಿ, ನೀವು ನಮ್ಮ ಸೇವೆಗಳನ್ನು ಬಳಸಿದಾಗ ನಾವು ಈ ಮಾಹಿತಿಗಳನ್ನು ಸಂಗ್ರಹಿಸುತ್ತೇವೆ. ಇದು- (i) ಹೆಸರು (ii) ಮೊಬೈಲ್ ಸಂಖ್ಯೆ (iii) ಜನ್ಮ ದಿನಾಂಕ (iv) ಲಿಂಗ (v) ಮಗುವಿನ ಹೆಸರು (vi) ಆಧಾರ್ ಸಂಖ್ಯೆ (vii) ವಿಳಾಸವನ್ನು ಒಳಗೊಂಡಿರಬಹುದು"
"If you choose not to provide data which is required to provide you with a product or feature, you cannot use that product or feature. You may, however, choose not to share personal data where providing the data is optional.","ನೀವು ಒಂದು ಉತ್ಪನ್ನ ಅಥವಾ ವೈಶಿಷ್ಟ್ಯಗಳಿಗೆ ನಿಮ್ಮ ಡೇಟಾವನ್ನು ಕೊಡಲು ಬಯಸದೆ ಇದ್ದಲ್ಲಿ, ನೀವು ಆ ಉತ್ಪನ್ನ ಅಥವಾ ವೈಶಿಷ್ಟ್ಯವನ್ನು ಬಳಸಲಾಗುವುದಿಲ್ಲ. ಡೇಟಾವನ್ನೂ ನೀಡುವುದು ಆಯ್ಕೆ ಆಗಿರುವುದರಿಂದ ನೀವು ನಿಮ್ಮ ವೈಯುಕ್ತಿಕ ಡೇಟಾವನ್ನು ಹಂಚದೆ ಇರುವ ಆಯ್ಕೆ ಆರಿಸಬಹುದು."
1.2. Information from use of services.,1.2. ಸೇವೆಗಳ ಬಳಕೆಯಿಂದ ಬರುವ ಮಾಹಿತಿ.
"We log usage data when you visit or otherwise use our Services, including our sites, app and platform technology.","ನಮ್ಮ ಸೈಟ್, ಅಪ್ಲಿಕೇಶನ್ ಮತ್ತು ವೇದಿಕೆ ತಂತ್ರಜ್ಞಾನ ಸೇರಿದಂತೆ ನೀವು ನಮ್ಮ ಸೇವೆಗಳನ್ನು ಬಳಸಿದಾಗ ಅಥವಾ ನಮ್ಮ ವೇದಿಕೆಗೆ ಭೇಟಿ ನೀಡಿದಾಗ ನಾವು ಬಳಸುವ ಡೇಟಾವನ್ನು ಲಾಗ್ ಮಾಡುತ್ತೇವೆ."
"We may use various technologies to collect and store information, including cookies, local storage, such as browser web storage or application data caches, databases, and server logs to collect and use your information in certain cases.","ಕೆಲವು ಸಂದರ್ಭಗಳಲ್ಲಿ ಕುಕೀಸ್, ಲೋಕಲ್ ಸ್ಟೋರೇಜ್( ಬ್ರೌಸರ್ ವೆಬ್ ಸ್ಟೋರೇಜ್ ಅಥವಾ ಅಪ್ಲಿಕೇಶನ್ ಡೇಟಾ ಕ್ಯಾಚೆಗಳು) ಡೇಟಾ ಬೇಸ್ ಮತ್ತು ಸರ್ವರ್ ಲಾಗ್ ಗಳನ್ನು ನಿಮ್ಮ ಮಾಹಿತಿಯನ್ನು ಪಡೆಯಲು ಮತ್ತು ಸಂಗ್ರಹಿಸಲು ನಾವು ವಿವಿಧ ತಂತ್ರಜ್ಞಾನಗಳನ್ನು ಬಳಸಬಹುದು."
1.3. Information from third parties.,1.3. ಥರ್ಡ್-ಪಾರ್ಟಿ ಗಳಿಂದ ಮಾಹಿತಿ.
"Our System provides API to Third – Party Sites that may collect your personal information. Poshan Tracker is not in any manner responsible for the security of such information or their privacy practices or content of those Third – Party Sites. Additionally, you may also encounter “cookies” or other similar devices on certain pages of the Third – Party Sites and it is hereby clarified by Poshan Tracker that the System does not control the use of cookies by these Third – Party Sites. These third-party service providers and Third-Party Sites may have their own privacy policies governing the storage and retention of your information that you may be subject to. This Privacy Policy does not govern any information provided to, stored on, or used by these third-party providers and Third-Party Sites. We recommend that when you enter a Third-Party Site, you review the Third Party Site’s privacy policy as it relates to safeguarding of your information. You agree and acknowledge that Poshan Tracker will not be liable for the information published in search results or by any Third-Party Sites.","ನಿಮ್ಮ ವೈಯಕ್ತಿಕ ಮಾಹಿತಿಯನ್ನು ಸಂಗ್ರಹಿಸಬಹುದಾದ ಥರ್ಡ್ ಪಾರ್ಟಿ ಸೈಟ್‌ಗಳಿಗೆ ನಮ್ಮ ಸಿಸ್ಟಂ API ಒದಗಿಸುತ್ತದೆ. ಪೋಷನ್ ಟ್ರ್ಯಾಕರ್ ಅಂತಹ ಮಾಹಿತಿಯ ಸುರಕ್ಷತೆ ಅಥವಾ ಅವರ ಗೌಪ್ಯತೆ ಅಭ್ಯಾಸಗಳು ಅಥವಾ ಥರ್ಡ್ ಪಾರ್ಟಿ ಸೈಟ್‌ಗಳ ಪರಿವಿಡಿಗೆ ಯಾವುದೇ ರೀತಿಯಲ್ಲಿ ಜವಾಬ್ದಾರನಾಗಿರುವುದಿಲ್ಲ. ಹೆಚ್ಚುವರಿಯಾಗಿ, ನೀವು ಥರ್ಡ್-ಪಾರ್ಟಿ ಸೈಟ್‌ಗಳ ಕೆಲವು ಪುಟಗಳಲ್ಲಿ ""ಕುಕೀಸ್"" ಅಥವಾ ಇತರ ರೀತಿಯ ಪರಿಕರಗಳನ್ನು ಸಹ ಎದುರಿಸಬಹುದು ಮತ್ತು ಈ ಥರ್ಡ್-ಪಾರ್ಟಿ ಸೈಟ್‌ಗಳಿಂದ ಕುಕೀಗಳ ಬಳಕೆಯನ್ನು ಸಿಸ್ಟಮ್ ನಿಯಂತ್ರಿಸುವುದಿಲ್ಲ ಎಂದು ಪೋಶನ್ ಟ್ರ್ಯಾಕರ್ ಸ್ಪಷ್ಟಪಡಿಸುತ್ತದೆ. ಈ ಥರ್ಡ್-ಪಾರ್ಟಿ ಸೇವಾ ಪೂರೈಕೆದಾರರು ಮತ್ತು ಥರ್ಡ್-ಪಾರ್ಟಿ ಸೈಟ್‌ಗಳು ನಿಮ್ಮ ಮಾಹಿತಿಯ ಸಂಗ್ರಹಣೆ ಮತ್ತು ಧಾರಣವನ್ನು ನಿಯಂತ್ರಿಸುವ ತಮ್ಮದೇ ಆದ ಗೌಪ್ಯತೆ ನೀತಿಗಳನ್ನು ಹೊಂದಿರಬಹುದು, ಅದಕ್ಕೆ ನೀವು ಒಳಪಟ್ಟಿರಬಹುದು. ಈ ಗೌಪ್ಯತಾ ನೀತಿಯು ಈ ಥರ್ಡ್-ಪಾರ್ಟಿ ಪೂರೈಕೆದಾರರು ಮತ್ತು ಥರ್ಡ್-ಪಾರ್ಟಿ ಸೈಟ್‌ಗಳು ಒದಗಿಸಿದ, ಸಂಗ್ರಹಿಸಿದ ಅಥವಾ ಬಳಸಿದ ಯಾವುದೇ ಮಾಹಿತಿಯನ್ನು ನಿಯಂತ್ರಿಸುವುದಿಲ್ಲ. ನಿಮ್ಮ ಮಾಹಿತಿಯ ಸುರಕ್ಷತೆಗೆ ಸಂಬಂಧಿಸಿದಂತೆ ಮೂರನೇ ವ್ಯಕ್ತಿಯ ಸೈಟ್ ಅನ್ನು ನೀವು ಪ್ರವೇಶಿಸಿದಾಗ ಥರ್ಡ್-ಪಾರ್ಟಿ ಸೈಟ್‌ನ ಗೌಪ್ಯತೆ ನೀತಿಯನ್ನು ಪರಿಶೀಲಿಸಲು ನಾವು ಶಿಫಾರಸು ಮಾಡುತ್ತೇವೆ. ಹುಡುಕಾಟ ಫಲಿತಾಂಶಗಳಲ್ಲಿ ಅಥವಾ ಯಾವುದೇ ಥರ್ಡ್-ಪಾರ್ಟಿ ಸೈಟ್‌ಗಳಲ್ಲಿ ಪ್ರಕಟಿಸಲಾದ ಮಾಹಿತಿಗೆ ಪೋಶನ್ ಟ್ರ್ಯಾಕರ್ ಜವಾಬ್ದಾರನಾಗಿರುವುದಿಲ್ಲ ಎಂದು ನೀವು ಒಪ್ಪುತ್ತೀರಿ ಮತ್ತು ಅಂಗೀಕರಿಸಿದ್ದೀರಿ."
2. HOW WE USE PERSONAL INFORMATION,2. ವೈಯುಕ್ತಿಕ ಮಾಹಿತಿಯನ್ನು ನಾವು ಹೇಗೆ ಬಳಸುತ್ತೇವೆ
We use the information we collect from all our services for the following purposes:,ನಾವು ನಮ್ಮ ಸೇವೆಗಳಿಂದ ಪಡೆದ ಎಲ್ಲಾ ಮಾಹಿತಿಗಳನ್ನು ಕೆಳಕಂಡ ಉದ್ದೇಶಗಳಿಗಾಗಿ ಬಳಸುತ್ತೇವೆ:
2.1. Deliver our services.,2.1. ನಮ್ಮ ಸೇವೆಗಳ ವಿತರಣೆ.
"The information collected under Clause 1, shall be used for the purpose of facilitating the health of the beneficiaries.",ಸೆಕ್ಷನ್ 1 ರ ಅಡಿಯಲ್ಲಿ ಸಂಗ್ರಹಿಸಲಾದ ಮಾಹಿತಿಯನ್ನು ಫಲಾನುಭವಿಗಳ ಆರೋಗ್ಯವನ್ನು ಸುಗಮಗೊಳಿಸುವ ಉದ್ದೇಶಕ್ಕಾಗಿ ಬಳಸಲಾಗುತ್ತದೆ.
"We provide our products, which includes updating, securing, and troubleshooting the information/data/ materials and contents of the System, as well as providing support.","ಸಿಸ್ಟಮ್ ಮಾಹಿತಿ/ಡೇಟಾ/ವಿಷಯ ಮತ್ತು ಸಾಮಗ್ರಿಗಳನ್ನು ನವೀಕರಿಸುವುದು, ಸುರಕ್ಷಿತಗೊಳಿಸುವುದು ಮತ್ತು ದೋಷನಿವಾರಣೆ ಮಾಡುವುದು ಸೇರಿದಂತೆ ಬೆಂಬಲ ನೀಡುವುದರ ಜೊತೆಗೆ ನಮ್ಮ ಉತ್ಪನ್ನಗಳನ್ನು ನಾವು ಒದಗಿಸುತ್ತೇವೆ."
"When you register on Poshan Tracker, the Mobile number with which you registered, will be used to locate your record from the database. These can also be used to assess the health status as recorded in the Poshan Tracker system.","ನೀವು ಪೋಷನ್ ಟ್ರಾಕರ್ ಸಿಸ್ಟಮ್ ನಲ್ಲಿ ನೋಂದಾಯಿಸಿದಾಗ, ನಿಮ್ಮ ನೊಂದಾಯಿತ ಮೊಬೈಲ್ ಸಂಖ್ಯೆಯನ್ನು ಡೇಟಾಬೇಸ್ ನಲ್ಲಿ ಇರುವ ನಿಮ್ಮ ದಾಖಲೆಯನ್ನು ಹುಡುಕಲು ಉಪಯೋಗಿಸಲಾಗುತ್ತದೆ. ಪೋಷನ್ ಟ್ರಾಕರ್ ಸಿಸ್ಟಮ್ ನಲ್ಲಿ ದಾಖಲಾದ ಆರೋಗ್ಯ ಸ್ಥಿತಿಯನ್ನು ಪಡೆಯಲು ಕೂಡ ಇವುಗಳನ್ನು ಬಳಸಲಾಗುವುದು."
2.2. Communicate with you.,2.2. ನಿಮ್ಮೊಂದಿಗೆ ಸಂವಹನ ನಡೆಸುವುದು.
"We also send SMSs on your registered mobile number to alert you about registration, we also use your information to respond to you when you contact us and to investigate, respond to and resolve complaints and for Service issues (e.g. bugs).","ನೋಂದಣಿಯ ಕುರಿತು ನಿಮಗೆ ಸೂಚನೆ ನೀಡಲು ನಾವು ನಿಮ್ಮ ನೋಂದಾಯಿತ ಮೊಬೈಲ್ ಸಂಖ್ಯೆಗೆ ಎಸ್ ಎಂ ಎಸ್ ಕಳುಹಿಸುತ್ತೇವೆ, ನೀವು ನಮ್ಮನ್ನು ಸಂಪರ್ಕಿಸಿದಾಗ ನಿಮಗೆ ಪ್ರತಿಕ್ರಿಯಿಸಲು ನಾವು ನಿಮ್ಮ ಮಾಹಿತಿಯನ್ನು ಬಳಸುತ್ತೇವೆ ಮತ್ತು ಸೇವೆಯ ಸಮಸ್ಯೆಗಳಿಗೆ (ಉದಾಹರಣೆಗೆ ದೋಷಗಳು) ತನಿಖೆ ಮಾಡಲು, ಪ್ರತಿಕ್ರಿಯಿಸಲು ಮತ್ತು ದೂರುಗಳನ್ನು ಪರಿಹರಿಸಲು ನಾವು ನಿಮ್ಮ ಮಾಹಿತಿಯನ್ನು ಬಳಸುತ್ತೇವೆ."
2.3. Verification.,2.3. ಪರಿಶೀಲನೆ.
"We use the information we have, to help verify accounts. The records may be used for verification of health status for the purposes of Poshan Tracker control and response.",ನಾವು ನಮ್ಮ ಬಳಿ ಇರುವ ಮಾಹಿತಿಯನ್ನು ಖಾತೆಗಳನ್ನು ಪರಿಶೀಲಿಸಲು ಬಳಸುತ್ತೇವೆ. ಪೋಷನ್ ಟ್ರ್ಯಾಕರ್ ನಿಯಂತ್ರಣ ಮತ್ತು ಪ್ರತಿಕ್ರಿಯೆಯ ಉದ್ದೇಶಗಳಿಗಾಗಿ ಆರೋಗ್ಯ ಸ್ಥಿತಿಯನ್ನು ಪರಿಶೀಲಿಸಲು ದಾಖಲೆಗಳನ್ನು ಬಳಸಬಹುದು.
2.4. Security and Audit.,2.4. ಸುರಕ್ಷತೆ ಮತ್ತು ಆಡಿಟ್.
"We use your data (including your communications) for security purposes or to prevent or investigate possible fraud or other violations of our Terms of Service and/or attempts to harm our Members, Visitors or others.","ಭದ್ರತಾ ಉದ್ದೇಶಗಳಿಗಾಗಿ ಅಥವಾ ಸಂಭಾವ್ಯ ವಂಚನೆ ಅಥವಾ ನಮ್ಮ ಸೇವಾ ನಿಯಮಗಳ ಇತರ ಉಲ್ಲಂಘನೆಗಳನ್ನು ಮತ್ತು/ಅಥವಾ ನಮ್ಮ ಸದಸ್ಯರು, ಸಂದರ್ಶಕರು ಅಥವಾ ಇತರರಿಗೆ ಹಾನಿಯನ್ನು ತಡೆಯುವ ಅಥವಾ ತನಿಖೆ ಮಾಡುವ ಪ್ರಯತ್ನಗಳಿಗಾಗಿ ನಾವು ನಿಮ್ಮ ಡೇಟಾವನ್ನು (ನಿಮ್ಮ ಸಂವಹನಗಳನ್ನು ಒಳಗೊಂಡಂತೆ) ಬಳಸುತ್ತೇವೆ."
"The Poshan Tracker system is regularly audited by auditors engaged by MWCD, for security and scalability of the system. The records may be used for such audits.","ಪೋಷನ್ ಟ್ರಾಕರ್ ಸಿಸ್ಟಮ್ ಅನ್ನು, ಸಿಸ್ಟಮ್ ನ ಸುರಕ್ಷತೆ ಮತ್ತು ಸ್ಕೇಲೇಬಿಲಿಟಿಗಾಗಿ ಎಂಡಬ್ಲ್ಯೂ ಸಿಡಿ ಇಂದ ತೊಡಗಿಸಲ್ಪಟ್ಟ ಆಡಿಟರ್ ಗಳಿಂದ ನಿಯಮಿತವಾಗಿ ಆಡಿಟ್ ಮಾಡಲಾಗುತ್ತದೆ. ದಾಖಲೆಗಳನ್ನು ಅಂತಹ ಆಡಿಟ್ ಗಳಿಗೆ ಬಳಸಬಹುದು."
2.5. Research and operational activities.,2.5. ಸಂಶೋಧನೆ ಮತ್ತು ಕಾರ್ಯಾಚರಣೆಯ ಚಟುವಟಿಕೆಗಳು.
"We also use the data to operate our services, which includes analyzing our performance, meeting our legal obligations, developing our workforce, and doing research. We may also use the information to perform certain necessary operation for improvement of the System and for all acts incidental or ancillary to the provision of the System and for developing and providing new technologies and services.","ನಮ್ಮ ಕಾರ್ಯಕ್ಷಮತೆಯನ್ನು ವಿಶ್ಲೇಷಿಸಲು, ನಮ್ಮ ಕಾನೂನು ಬಾಧ್ಯತೆಗಳನ್ನು ಪೂರೈಸಲು, ನಮ್ಮ ಕಾರ್ಯಪಡೆಯನ್ನು ಅಭಿವೃದ್ಧಿಪಡಿಸಲು ಮತ್ತು ಸಂಶೋಧನೆ ನಡೆಸಲು ಸೇರಿದಂತೆ ನಮ್ಮ ಸೇವೆಗಳನ್ನು ನಡೆಸಲು ನಾವು ಡೇಟಾವನ್ನು ಬಳಸುತ್ತೇವೆ. ಸಿಸ್ಟಮ್ ಅನ್ನು ಸುಧಾರಿಸಲು ಮತ್ತು ಸಿಸ್ಟಮಿನ ನಿಬಂಧನೆಗೆ ಸಂಬಂಧಿಸಿದ ಅಥವಾ ಪೂರಕವಾದ ಎಲ್ಲಾ ಕ್ರಿಯೆಗಳಿಗೆ ಅಗತ್ಯವಾದ ಕೆಲವು ಕಾರ್ಯಾಚರಣೆಗಳನ್ನು ನಿರ್ವಹಿಸಲು ಮತ್ತು ಹೊಸ ತಂತ್ರಜ್ಞಾನಗಳು ಮತ್ತು ಸೇವೆಗಳನ್ನು ಅಭಿವೃದ್ಧಿಪಡಿಸಲು ಮತ್ತು ಒದಗಿಸಲು ನಾವು ಮಾಹಿತಿಯನ್ನು ಬಳಸಬಹುದು."
2.6. Surveys and Feedbacks.,2.6. ಸಮೀಕ್ಷೆಗಳು ಮತ್ತು ಪ್ರತಿಕ್ರಿಯೆಗಳು.
"The System also takes feedback about system performance and experience. Information on name, mobile number, date of registration and health status may be used for these purposes","ಸಿಸ್ಟಮ್ ಕಾರ್ಯಕ್ಷಮತೆ ಮತ್ತು ಅನುಭವದ ಬಗ್ಗೆ ಪ್ರತಿಕ್ರಿಯೆಯನ್ನು ಸಹ ಸಿಸ್ಟಮ್ ತೆಗೆದುಕೊಳ್ಳುತ್ತದೆ. ಹೆಸರು, ಮೊಬೈಲ್ ಸಂಖ್ಯೆ, ನೋಂದಣಿ ದಿನಾಂಕ ಮತ್ತು ಆರೋಗ್ಯ ಸ್ಥಿತಿ ಮಾಹಿತಿಯನ್ನು ಈ ಉದ್ದೇಶಗಳಿಗಾಗಿ ಬಳಸಬಹುದು"
3. SHARING OF INFORMATION,3. ಮಾಹಿತಿಯನ್ನು ಹಂಚಿಕೊಳ್ಳುವುದು
3.1. Tracking health progress.,3.1. ಆರೋಗ್ಯ ಪ್ರಗತಿಯನ್ನು ಟ್ರ್ಯಾಕ್ ಮಾಡುವುದು.
"The personal information collected from you at the time of registration under Clause 1 above, will be stored securely and only be used by the Government of India or State Govts for the purpose of tracking health progress and status, generating reports, heat maps and other statistical visualizations for the purpose of the management of Poshan Tracker in the country,. Your Reference ID (Mobile number) will only be co-related with your personal information in order to communicate to you through SMS as per the clause 1 above.","ವಿಭಾಗ 1 ರ ಅಡಿಯಲ್ಲಿ ನೋಂದಣಿ ಸಮಯದಲ್ಲಿ ನಿಮ್ಮಿಂದ ಸಂಗ್ರಹಿಸಲಾದ ವೈಯಕ್ತಿಕ ಮಾಹಿತಿಯನ್ನು ಸುರಕ್ಷಿತವಾಗಿ ಸಂಗ್ರಹಿಸಲಾಗುತ್ತದೆ ಮತ್ತು ಭಾರತ ಸರ್ಕಾರ ಅಥವಾ ರಾಜ್ಯ ಸರ್ಕಾರವು ಆರೋಗ್ಯ ಪ್ರಗತಿ ಮತ್ತು ಸ್ಥಿತಿ ಟ್ರ್ಯಾಕಿಂಗ್, ವರದಿಗಳ ತಯಾರಿಕೆ, ಶಾಖ ನಕ್ಷೆಗಳು ಮತ್ತು ಇತರ ಅಂಕಿ ಅಂಶಗಳ ಉದ್ದೇಶಗಳಿಗಾಗಿ ಮಾತ್ರ ಬಳಸುತ್ತದೆ ಮತ್ತು ಪೋಷನ್ ಟ್ರ್ಯಾಕರ್ ಅನ್ನು ನಿರ್ವಹಿಸುವ ಉದ್ದೇಶಕ್ಕಾಗಿ. ಮೇಲಿನ ಷರತ್ತು 1 ರ ಪ್ರಕಾರ ನಿಮ್ಮೊಂದಿಗೆ SMS ಮೂಲಕ ಸಂವಹನ ನಡೆಸುವ ಉದ್ದೇಶದ ಸಲುವಾಗಿ ನಿಮ್ಮ ಉಲ್ಲೇಖ ID (ಮೊಬೈಲ್ ಸಂಖ್ಯೆ) ನಿಮ್ಮ ವೈಯಕ್ತಿಕ ಮಾಹಿತಿಯೊಂದಿಗೆ ಮಾತ್ರ ಸಹ-ಸಂಬಂಧಿತವಾಗಿರುತ್ತದೆ."
"We do not disclose or transfer your information to any other third parties without your consent, unless such disclosure or transfer is:","ನಿಮ್ಮ ಸಮ್ಮತಿಯಿಲ್ಲದೆ ನಾವು ಯಾವುದೇ ಇತರ ಮೂರನೇ ವ್ಯಕ್ತಿಗೆ ನಿಮ್ಮ ಮಾಹಿತಿಯನ್ನು ಬಹಿರಂಗಪಡಿಸುವುದಿಲ್ಲ ಅಥವಾ ವರ್ಗಾಯಿಸುವುದಿಲ್ಲ, ಅಂತಹ ಬಹಿರಂಗಪಡಿಸುವಿಕೆ ಅಥವಾ ವರ್ಗಾವಣೆ ಕೆಳಗಿನ ಸಂದರ್ಭಗಳಲ್ಲಿ ಅನ್ವಯವಾಗುವುದಿಲ್ಲ:"
1. Required in order to comply with any applicable law or court order or direction; or,1. ನ್ಯಾಯಾಲಯದ ಆದೇಶ ಅಥವಾ ಯಾವುದೇ ಅನ್ವಯವಾಗುವ ಕಾನೂನಿನ ನಿರ್ದೇಶನವನ್ನು ಅನುಸರಿಸಲು ಅವಶ್ಯಕ; ಅಥವಾ
"2. Requested by any appropriate Governmental agency as per applicable law for the purpose of, inter alia, verification of identity, prevention, detection, investigation, prosecution or punishment of any offences or incidents.","2. ಯಾವುದೇ ಸೂಕ್ತ ಸರ್ಕಾರಿ ಏಜೆನ್ಸಿಯಿಂದ, ಗುರುತಿನ ಪರಿಶೀಲನೆ, ಅಥವಾ ಯಾವುದೇ ಅಪರಾಧಗಳು ಅಥವಾ ಘಟನೆಗಳ ತಡೆಗಟ್ಟುವಿಕೆ, ಪತ್ತೆ, ತನಿಖೆ, ಕಾನೂನು ಕ್ರಮ ಶಿಕ್ಷೆಗೆ ಅನ್ವಯಿಸುವ ಕಾನೂನಿನ ಅನುಸಾರವಾಗಿ ವಿನಂತಿಸಲಾಗಿದೆ."
3.2. Legal Disclosures.,3.2. ಕಾನೂನು ಬಹಿರಂಗಪಡಿಸುವಿಕೆಗಳು.
"We may access, preserve and share your information in response to a legal request, subpoena, or other legal process or if we have a good faith belief that disclosure is reasonably necessary to (1) investigate, prevent or take action regarding fraud or  illegal activities or to assist government enforcement agencies; (2) enforce our agreements with you; (3) investigate and defend ourselves against any third-party claims or allegations; (4) protect the security or integrity of our Services (such as by sharing with companies facing similar threats); or (5) exercise or protect the rights and safety of any person.","ಕಾನೂನು ವಿನಂತಿ, ಸಬ್‌ಪೋನಾ ಅಥವಾ ಇತರ ಕಾನೂನು ಪ್ರಕ್ರಿಯೆಗೆ ಪ್ರತಿಕ್ರಿಯೆಯಾಗಿ ಅಥವಾ (1) ವಂಚನೆ ಅಥವಾ ಕಾನೂನುಬಾಹಿರ ಚಟುವಟಿಕೆಗಳಿಗೆ ಸಂಬಂಧಿಸಿದಂತೆ ತನಿಖೆ ಮಾಡಲು ಅಥವಾ ಸರ್ಕಾರಿ ಜಾರಿ ಸಂಸ್ಥೆಗಳಿಗೆ ಸಹಾಯ ಮಾಡಲು; (2) ನಿಮ್ಮೊಂದಿಗೆ ನಮ್ಮ ಒಪ್ಪಂದಗಳನ್ನು ಜಾರಿಗೊಳಿಸಲು; (3) ಯಾವುದೇ ಮೂರನೇ ವ್ಯಕ್ತಿಯ ಹಕ್ಕುಗಳು ಅಥವಾ ಆರೋಪಗಳನ್ನು ತನಿಖೆ ಮಾಡಲು ಮತ್ತು ನಮ್ಮನ್ನು ನಾವು ರಕ್ಷಿಸಿಕೊಳ್ಳಲು; (4) ನಮ್ಮ ಸೇವೆಗಳ ಭದ್ರತೆ ಅಥವಾ ಸಮಗ್ರತೆಯನ್ನು ರಕ್ಷಿಸಿಕೊಳ್ಳಲು (ಉದಾಹರಣೆಗೆ ಇದೇ ರೀತಿಯ ಬೆದರಿಕೆಗಳನ್ನು ಎದುರಿಸುತ್ತಿರುವ ಕಂಪನಿಗಳೊಂದಿಗೆ ಹಂಚಿಕೊಳ್ಳುವುದು); ಅಥವಾ (5) ಯಾವುದೇ ವ್ಯಕ್ತಿಯ ಹಕ್ಕುಗಳು ಮತ್ತು ಸುರಕ್ಷತೆಯನ್ನು ಚಲಾಯಿಸಲು ಅಥವಾ ರಕ್ಷಿಸಲು ನಾವು ನಿಮ್ಮ ಮಾಹಿತಿಯನ್ನು ಪಡೆಯಬಹುದು, ಸಂರಕ್ಷಿಸಬಹುದು ಮತ್ತು ಹಂಚಿಕೊಳ್ಳಬಹುದು."
4. RETENTION,4. ಧಾರಣೆ
"All personal information collected from you under Clause 1 at the time of registration will be retained for as long as your record remains in existence and if any medical or administrative interventions have been commenced under Clause 2, subject to Clause4(b) below, for such period thereafter as is required for such interventions to be completed.","ನೋಂದಣಿ ಸಮಯದಲ್ಲಿ ಸೆಕ್ಷನ್ 1 ರ ಅಡಿಯಲ್ಲಿ ನಿಮ್ಮಿಂದ ಸಂಗ್ರಹಿಸಲಾದ ಎಲ್ಲಾ ವೈಯಕ್ತಿಕ ಮಾಹಿತಿಯನ್ನು ನಿಮ್ಮ ದಾಖಲೆಯು ಅಸ್ತಿತ್ವದಲ್ಲಿ ಇರುವವರೆಗೆ ಇರಿಸಲಾಗುತ್ತದೆ ಮತ್ತು ಯಾವುದೇ ವೈದ್ಯಕೀಯ ಅಥವಾ ಆಡಳಿತಾತ್ಮಕ ಹಸ್ತಕ್ಷೇಪವನ್ನು ಸೆಕ್ಷನ್ 2, ಸೆಕ್ಷನ್ 4(ಬಿ) ಅಡಿಯಲ್ಲಿ ಪ್ರಾರಂಭಿಸಿದರೆ, ಮಧ್ಯಸ್ಥಿಕೆಯನ್ನು ಕೈಗೊಳ್ಳುವ ಅವಧಿಯ ಒಳಗೆ ಅಂತಹವುಗಳಿಗೆ ಒಳಪಟ್ಟಿರುತ್ತದೆ."
"All personal information collected under Clauses 1 will be retained on the application Server, to the extent that such information relates to people who have been registered for the event.",ಷರತ್ತು 1 ರ ಅಡಿಯಲ್ಲಿ ಸಂಗ್ರಹಿಸಲಾದ ಎಲ್ಲಾ ವೈಯಕ್ತಿಕ ಮಾಹಿತಿಯನ್ನು ಈವೆಂಟ್‌ಗಾಗಿ ನೋಂದಾಯಿಸಿದ ವ್ಯಕ್ತಿಗಳಿಗೆ ಸಂಬಂಧಿಸಿದ ಮಾಹಿತಿ ಆಗಿದ್ದು ಅವನ್ನು ಅಪ್ಲಿಕೇಶನ್ ಸರ್ವರ್‌ನಲ್ಲಿ ಇರಿಸಲಾಗುತ್ತದೆ.
"Nothing set out herein shall apply to the anonymized, aggregated datasets generated by the personal data of registered users of Poshan Tracker or any reports, heat maps or other visualization created using such datasets.","ಪೋಶನ್ ಟ್ರ್ಯಾಕರ್‌ನ ನೋಂದಾಯಿತ ಬಳಕೆದಾರರ ವೈಯಕ್ತಿಕ ಡೇಟಾಗೆ ಅಥವಾ ಅಂತಹ ಡೇಟಾಸೆಟ್‌ಗಳನ್ನು ಬಳಸಿಕೊಂಡು ರಚಿಸಲಾದ ಯಾವುದೇ ವರದಿಗಳು, ಹೀಟ್ ಮ್ಯಾಪ್‌ಗಳು ಅಥವಾ ಇತರ ದೃಶ್ಯೀಕರಣಗಳಿಂದ ರಚಿಸಲಾದ ಅನಾಮಧೇಯ, ಒಟ್ಟುಗೂಡಿದ ಡೇಟಾಸೆಟ್‌ಗಳಿಗೆ ಇಲ್ಲಿ ಸೂಚಿಸಲಾದ ಯಾವುದೂ ಅನ್ವಯಿಸುವುದಿಲ್ಲ."
5. RIGHTS,5. ಹಕ್ಕುಗಳು
"As a registered user, you have the right to access your profile at any time. Although, the changes can only be done as prescribed by the Poshan Tracker system from time to time.","ನೀವು ನೊಂದಾಯಿತ ಬಳಕೆದಾರರು ಆಗಿರುವುದರಿಂದ, ನೀವು ನಿಮ್ಮ ಪ್ರೊಫೈಲ್ ಅನ್ನು ಯಾವ ಸಮಯದಲ್ಲಿ ಆದರೂ ಬಳಸುವ ಹಕ್ಕು ಇದೆ. ಆದಾಗ್ಯೂ, ಕಾಲಕಾಲಕ್ಕೆ ಪೋಶನ್ ಟ್ರ್ಯಾಕರ್ ಸಿಸ್ಟಮ್ ಸೂಚಿಸಿದ ಬದಲಾವಣೆಗಳನ್ನು ಮಾತ್ರ ಮಾಡಬಹುದು."
You cannot manage the communications that you receive from us or how you receive them.,ನೀವು ನಮ್ಮಿಂದ ಪಡೆಯುವ ಸಂವಹನವನ್ನು ಅಥವಾ ಅವುಗಳನ್ನು ಪಡೆಯುವ ರೀತಿಯನ್ನು ನಿರ್ವಹಿಸಲು ಸಾಧ್ಯವಿಲ್ಲ.
6. DATA SECURITY,6. ಡೇಟಾದ ಸುರಕ್ಷತೆ
"Poshan Tracker Platform has reasonable security measures and safeguards in place to protect your privacy and personal information from loss, misuse, unauthorized access, disclosure, destruction, and alteration of the information in compliance with applicable laws. Further, whenever you change or access your account on the System or any information relating to it, we offer the use of a secure server. It is further clarified that you have, so long as you access and/or use the System (directly or indirectly), the obligation to ensure that you, shall at all times, take adequate physical, managerial, and technical safeguards, at your end, to preserve the integrity and security of your data which shall include and not be limited to your personal information.","ಪೋಶನ್ ಟ್ರ್ಯಾಕರ್ ಪ್ಲಾಟ್‌ಫಾರ್ಮ್ ಅನ್ವಯವಾಗುವ ಕಾನೂನುಗಳ ಅನುಸರಣೆಯಲ್ಲಿ ನಿಮ್ಮ ಗೌಪ್ಯತೆ ಮತ್ತು ವೈಯಕ್ತಿಕ ಮಾಹಿತಿಯನ್ನು ನಷ್ಟ, ದುರುಪಯೋಗ, ಅನಧಿಕೃತ ಪ್ರವೇಶ, ಬಹಿರಂಗಪಡಿಸುವಿಕೆ, ವಿನಾಶ ಮತ್ತು ಮಾಹಿತಿಯ ಬದಲಾವಣೆಯಿಂದ ರಕ್ಷಿಸಲು ಸೂಕ್ತವಾದ ಸುರಕ್ಷತೆಗಳು ಮತ್ತು ರಕ್ಷಣಾತ್ಮಕ ಕ್ರಮಗಳನ್ನು ಹೊಂದಿದೆ. ಹೆಚ್ಚುವರಿಯಾಗಿ, ನೀವು ಸಿಸ್ಟಮ್‌ನಲ್ಲಿ ನಿಮ್ಮ ಖಾತೆಯನ್ನು ಬದಲಾಯಿಸಿದಾಗ ಅಥವಾ ಪ್ರವೇಶಿಸಿದಾಗ ಅಥವಾ ಅದಕ್ಕೆ ಸಂಬಂಧಿಸಿದ ಯಾವುದೇ ಮಾಹಿತಿಯನ್ನು ಬದಲಾಯಿಸಿದಾಗ ಅಥವಾ ಪ್ರವೇಶಿಸಿದಾಗ, ನಾವು ಸುರಕ್ಷಿತ ಸರ್ವರ್‌ನ ಬಳಕೆಯನ್ನು ನೀಡುತ್ತೇವೆ. ನಿಮ್ಮ ವೈಯಕ್ತಿಕ ಮಾಹಿತಿಗೆ ಸೀಮಿತವಾಗಿರದೆ ಇನ್ನಷ್ಟು ಮಾಹಿತಿ ಒಳಗೊಂಡಿರುವ ನಿಮ್ಮ ಡೇಟಾದ ಸಮಗ್ರತೆ ಮತ್ತು ಸುರಕ್ಷತೆಯನ್ನು ಕಾಪಾಡಿಕೊಳ್ಳಲು, ನೀವು ಸಿಸ್ಟಮ್ ಅನ್ನು ಪ್ರವೇಶಿಸುವ ಮತ್ತು/ಅಥವಾ ಬಳಸುವವರೆಗೆ (ನೇರವಾಗಿ ಅಥವಾ ಪರೋಕ್ಷವಾಗಿ), ಎಲ್ಲಾ ಸಮಯದಲ್ಲೂ ನಿಮ್ಮ ಮಟ್ಟದಲ್ಲಿ ಬೇಕಾದ ಭೌತಿಕ, ವ್ಯವಸ್ಥಾಪಕ ಮತ್ತು ತಾಂತ್ರಿಕ ಭದ್ರತಾ ಕ್ರಮಗಳನ್ನು ತೆಗೆದುಕೊಳ್ಳುತ್ತೀರಿ ಎಂದು ಖಚಿತಪಡಿಸಿಕೊಳ್ಳಲು ನೀವು ಬಾಧ್ಯತೆಯನ್ನು ಹೊಂದಿರುತ್ತೀರಿ ಎಂದು ಮತ್ತಷ್ಟು ಸ್ಪಷ್ಟಪಡಿಸಲಾಗಿದೆ."
7. CHANGES TO PRIVACY POLICY,7. ಗೌಪ್ಯತೆ ನೀತಿಗೆ ಬದಲಾವಣೆಗಳು
"Poshan Tracker reserve the unconditional right to change, modify, add, or remove any part of this Privacy Policy at any time, without specifically notifying you of such changes. Any changes or updates will be effective immediately. You should review this Privacy Policy regularly for changes.","ನಿಮಗೆ ನಿರ್ದಿಷ್ಟವಾಗಿ ತಿಳಿಸದೆಯೇ ಯಾವುದೇ ಸಮಯದಲ್ಲಿ ಗೌಪ್ಯತೆ ನೀತಿಯ ಯಾವುದೇ ಭಾಗವನ್ನು ಬದಲಾಯಿಸಲು, ಮಾರ್ಪಡಿಸಲು, ಸೇರಿಸಲು ಅಥವಾ ತೆಗೆದುಹಾಕಲು ಪೋಶನ್ ಟ್ರ್ಯಾಕರ್ ಬೇಷರತ್ತಾದ ಹಕ್ಕನ್ನು ಕಾಯ್ದಿರಿಸುತ್ತದೆ. ಯಾವುದೇ ಬದಲಾವಣೆಗಳು ಅಥವಾ ನವೀಕರಣಗಳು ತಕ್ಷಣವೇ ಜಾರಿಗೆ ಬರುತ್ತವೆ. ನೀವು ಗೌಪ್ಯತೆ ನೀತಿಯನ್ನು ಬದಲಾವಣೆಗಾಗಿ ನಿಯಮಿತವಾಗಿ ಪರಿಶೀಲಿಸಬೇಕು."
"We will use commercially reasonable efforts to generally notify all users of any material changes to this Privacy Policy, such as through a notice on the System. However, as a user of the System, you should regularly check the Privacy Policy for any changes. We will also update the “Last Updated” date at the top of this Privacy Policy, which reflects the effective date of this Privacy Policy. Your continued access or use of the System after the date of the new Privacy Policy constitutes your acceptance of the new Privacy Policy. If you do not agree to the new Privacy Policy, you must stop accessing and/or using the System. You hereby acknowledge that any collection, storage, processing or other use of your information shall be governed by the Privacy Policy as applicable at the time of such collection, storage, processing or other use.","ಈ ಗೌಪ್ಯತೆ ನೀತಿಯಲ್ಲಿ ಉಂಟಾಗುವ ಯಾವುದೇ ಬದಲಾವಣೆಗಳನ್ನು ಎಲ್ಲಾ ಬಳಕೆದಾರರಿಗೆ ಸೂಚಿಸಲು ನಾವು ವಾಣಿಜ್ಯಿಕವಾಗಿ ಸಮಂಜಸವಾದ ಪ್ರಯತ್ನಗಳನ್ನು ಬಳಸುತ್ತೇವೆ, ಉದಾಹರಣೆಗೆ ಸಿಸ್ಟಂನಲ್ಲಿ ಮೂಲಕ ಸೂಚನೆಯನ್ನು ಹೊರಡಿಸುವ ಮೂಲಕ. ಆದರೂ, ಗೌಪ್ಯತಾ ನೀತಿಯು ಬದಲಾವಣೆಗಾಗಿ ಸಿಸ್ಟಮ್ ನ ಬಳಕೆದಾರರು ಆಗಿರುವುದರಿಂದ ನೀವು ನಿಯಮಿತವಾಗಿ ಪರಿಶೀಲಿಸಬೇಕು. ನಾವು ಗೌಪ್ಯತಾ ನೀತಿಯ ಮೇಲ್ಭಾಗದಲ್ಲಿ "" ಕೊನೆಯದಾಗಿ ನವೀಕರಿಸಿದ"" ದಿನಾಂಕವನ್ನು ನವೀಕರಿಸುತ್ತೇವೆ ಹಾಗೂ ಇದು ಈ ಗೌಪ್ಯತಾ ನೀತಿಯ ಪರಿಣಾಮಕಾರಿ ದಿನಾಂಕವನ್ನು ಸೂಚಿಸುತ್ತದೆ. ಹೊಸ ಗೌಪ್ಯತೆ ನೀತಿಯ ದಿನಾಂಕದ ನಂತರ ನಿಮ್ಮ ಮುಂದುವರಿದ ಪ್ರವೇಶ ಅಥವಾ ಸಿಸ್ಟಂನ ಬಳಕೆಯು ಹೊಸ ಗೌಪ್ಯತೆ ನೀತಿಗೆ ನಿಮ್ಮ ಒಪ್ಪಿಗೆಯನ್ನು ಸೂಚಿಸುತ್ತದೆ. ನೀವು ಹೊಸ ಗೌಪ್ಯತಾ ನೀತಿಯನ್ನು ಒಪ್ಪದ ಸಂದರ್ಭದಲ್ಲಿ, ನೀವು ಸಿಸ್ಟಮ್ ಅನ್ನು ಪ್ರವೇಶಿಸುವುದು ಮತ್ತು/ಅಥವಾ ಬಳಸುವುದನ್ನು ನಿಲ್ಲಿಸಬೇಕು. ನಿಮ್ಮ ಮಾಹಿತಿಯ ಯಾವುದೇ ಪಡೆಯುವಿಕೆ, ಸಂಗ್ರಹಣೆ, ಸಂಸ್ಕರಣೆ ಅಥವಾ ಇತರ ಬಳಕೆಯನ್ನು ಅಂತಹ ಪಡೆಯುವಿಕೆ, ಸಂಗ್ರಹಣೆ, ಸಂಸ್ಕರಣೆ ಅಥವಾ ಇತರ ಬಳಕೆಯ ಸಮಯದಲ್ಲಿ ಜಾರಿಯಲ್ಲಿದ್ದ ಗೌಪ್ಯತೆ ನೀತಿಯಿಂದ ನಿಯಂತ್ರಿಸಲಾಗುತ್ತದೆ ಎಂದು ನೀವು ಈ ಮೂಲಕ ಅಂಗೀಕರಿಸುತ್ತೀರಿ."
Careers At Poshan Tracker,ಪೋಶನ್ ಟ್ರ್ಯಾಕರ್‌ನಲ್ಲಿ ವೃತ್ತಿಗಳು
We believe in building doers. Poshan Tracker is a project of Ministry of Women and Child Development. Digital India Corporation is the technical partner of MoWCD. Poshan Tracker focuses on eradication of malnutrition from India. It serves as a mechanism to monitor and improvise on the service delivery under Poshan Abhiyaan.,ಸಾಧಿಸುವವರನ್ನು ನಾವು ನಂಬುತ್ತೇವೆ. ಪೋಶನ್ ಟ್ರ್ಯಾಕರ್ ಮಹಿಳಾ ಮತ್ತು ಮಕ್ಕಳ ಅಭಿವೃದ್ಧಿ ಸಚಿವಾಲಯದ ಒಂದು ಯೋಜನೆಯಾಗಿದೆ. ಡಿಜಿಟಲ್ ಇಂಡಿಯಾ ಕಾರ್ಪೊರೇಷನ್ MoWCD ಯ ತಾಂತ್ರಿಕ ಪಾಲುದಾರ. ಭಾರತದಿಂದ ಅಪೌಷ್ಟಿಕತೆಯ ನಿರ್ಮೂಲನೆ ಬಗ್ಗೆ ಪೋಶನ್ ಟ್ರ್ಯಾಕರ್ ಗಮನಹರಿಸುತ್ತದೆ. ಪೋಶನ್ ಅಭಿಯಾನದ ಅಡಿಯಲ್ಲಿ ಸೇವೆಯ ನೀಡುವ ಬಗ್ಗೆ ಮೇಲ್ವಿಚಾರಣೆ ಮಾಡಲು ಮತ್ತು ಸುಧಾರಿಸಲು ಇದು ಕಾರ್ಯವಿಧಾನವಾಗಿ ಕಾರ್ಯನಿರ್ವಹಿಸುತ್ತದೆ.
Job openings,ಉದ್ಯೋಗಾವಕಾಶಗಳು
Video Conference,ವೀಡಿಯೊ ಸಮ್ಮೇಳನ
Monday to Friday,ಸೋಮವಾರ ದಿಂದ ಶುಕ್ರವಾರದ ವರೆಗೆ
 | , | 
Book VC,ಪುಸ್ತಕ ವಿಸಿ
Get In Touch,ಸಂಪರ್ಕದಲ್ಲಿರಲು
"Ministry of Women and Child Development, Government of India, Shastri Bhawan, New Delhi","ಮಹಿಳಾ ಮತ್ತು ಮಕ್ಕಳ ಅಭಿವೃದ್ಧಿ ಸಚಿವಾಲಯ, ಭಾರತ ಸರ್ಕಾರ, ಶಾಸ್ತ್ರಿ ಭವನ, ನವದೆಹಲಿ"
Privacy Policy,ವೃತ್ತಿಗಳು
