en,mr
ABHA (Health ID),आरोग्य आयडी
Language,भाषा
About,विषयी
Resources,संसाधने
Vaccination Schedule,लसीकरण वेळापत्रक
Dashboard,डॅशबोर्ड
Helpdesk,हेल्पडेस्क
Beneficiary Redressal,लाभार्थी निवारण
State Helpdesk,राज्य मदत कक्ष
FAQ,एफएक्यू
Poshan Calculator,पोषण कॅल्क्युलेटर
Login,दाखलन
Anganwadi Workers,अंगणवाडी सेविका
Download Mobile App from Play Store,प्ले स्टोअर वरून मोबाईल ॲप डाउनलोड करा
Scan the QR Code to Download the App,ॲप डाउनलोड करण्यासाठी क्यूआर कोड स्कॅन करा
What’s New on Poshan Tracker,पोषण ट्रॅकर वर नवीन काय आहे
Poshan Tracker adds new application features,पोशन ट्रॅकर नवीन ऍप्लिकेशन वैशिष्ट्ये जोडत आहे
Poshan Tracker adds new Reports feature,पोशन ट्रॅकरने नवीन अहवाल वैशिष्ट्य जोडले आहे
Poshan Tracker adds new Resources on Website,पॉशन ट्रॅकर वेबसाइट वैशिष्ट्यावर नवीन संसाधने जोडते
Resources for growth monitoring and general awareness,ग्रोथ मॉनिटरिंग आणि सामान्य जागरूकता साठी संसाधने
Growth monitoring charts,ग्रोथ मॉनिटरिंग  चार्ट
New beneficiary addition with skip OTP option,"ओटीपी वगळा, पर्यायासह नवीन लाभार्थी जोडणे"
Mobile number need to be validated within a week,एका आठवड्यात मोबाईल क्रमांक सत्यापित करणे आवश्यक आहे
Anganwadi Worker profile page,अंगणवाडी सेविका वर्णन पान
Stunting and Underweight Growth Parameters,खुंटणे आणि कमी वजन वाढीचे मापदंड
Beneficiaries status change notifications,लाभार्थ्यांची स्थिती बदलण्याच्या सूचना
Migrated from one category to another,एका श्रेणीतून दुसऱ्यात स्थलांतरित झाले
Beneficiary record becoming inactive,लाभार्थी रेकॉर्ड निष्क्रिय होत आहे
Beneficiary migration from one AWC to another AWC,एका एडब्ल्यूसी मधून दुसऱ्या एडब्ल्यूसी मध्ये लाभार्थी स्थलांतर
Beneficiary deletion by AWW,एडब्ल्यूसी द्वारे लाभार्थी हटवणे
Default language selection,डीफॉल्ट भाषा निवड
"Beneficiary concerns accessibility to AWW, along with status update once resolved","लाभार्थी एडब्ल्यूडब्ल्यू च्या प्रवेशयोग्यतेशी संबंधित आहे, निराकरण झाल्यानंतर स्थिती अपडेट सह"
Growth monitoring report for all health indicators,सर्व आरोग्य निर्देशकांसाठी वाढ निरीक्षण अहवाल
Application downloaded status by AWW,सर्व आरोग्य निर्देशकांसाठी(इंडिकेटर)ग्रोथ मॉनिटरिंग अहवाल
Beneficiary count report : Number of records becoming inactive and number of records migrating from one category to another,लाभार्थी गणना अहवाल : निष्क्रीय होणाऱ्या नोंदींची संख्या आणि एका श्रेणीतून दुसऱ्यात स्थलांतरित होणाऱ्या नोंदींची संख्या
Poshan Calculator is designed to measure growth of the child based on standards defined by World Health Organization (WHO).,पोषण कॅल्क्युलेटर हे मुलांची वाढ मोजण्यासाठी डिझाइन केलेले आहे जे जागतिक आरोग्य संघटनेने (डब्ल्यूएचओ) परिभाषित केलेल्या मानकांच्या आधारे मूल्यमापन करते.
How to use Poshan Calculator?,पोषण कॅल्क्युलेटर कसे वापरावे?
Select Gender,लिंग निवडा
Enter Date of Birth,जन्मतारीख प्रविष्ट करा
Enter Height in centimeter,सेंटीमीटरमध्ये उंची प्रविष्ट करा
Enter Weight in kilogram,किलोग्रॅममध्ये वजन प्रविष्ट करा
Click on Show Results,परिणाम दर्शवा वर क्लिक करा
Gender ,लिंग 
*,*
Boy,मुलगा
Girl,मुलगी
Date of Birth ,जन्मतारीख 
Height (CM) ,उंची (सेमी) 
*Height should be between 38 to 150,*उंची 38 ते 150 च्या दरम्यान असावी
CM,सेमी
Weight (KG) ,वजन (किग्रॅ) 
*Weight should be between 0.90 to 58,*वजन 0.90 ते 58 च्या दरम्यान असावे
KG,किग्रॅ
Show Results,परिणाम दर्शवा
ABHA (Health ID) and its Benefits,एबीएचए (आरोग्य आयडी) आणि त्याचे फायदे
ABHA (earlier known as Health ID) is an acronym for Ayushman Bharat Health Account.,एबीएचए (पूर्वी आरोग्य आयडी म्हणून ओळखले जाणारे) हे आयुष्मान भारत आरोग्य खात्याचे संक्षिप्त रूप आहे.
Using ABHA (Health ID) is the first step towards creating safer and efficient digital health records for you and your family.,एबीएचए (आरोग्य आयडी) याचा वापर हे तुमच्यासाठी आणि तुमच्या कुटुंबासाठी सुरक्षित आणि कार्यक्षम डिजिटल आरोग्य नोंदी तयार करण्याच्या दिशेने पहिले पाऊल आहे.
"It enables your interaction with participating healthcare providers, and allows you to receive your digital lab reports, prescriptions and diagnosis seamlessly from verified healthcare professionals and health service providers.","हे सहभागी आरोग्य सेवा प्रदात्यांशी तुमचं एकमेकांशी असलेले संभाषण सक्षम करते आणि तुम्हाला तुमचे डिजिटल लॅब रिपोर्ट्स, प्रिस्क्रिप्शन आणि निदान सत्यापित आरोग्यसेवा व्यावसायिक आणि आरोग्य सेवा प्रदात्यांकडून अखंडपणे प्राप्त करण्यास अनुमती देते."
Know More,अधिक जाणून घ्या
×,×
Frequently Asked Questions,सतत विचारले जाणारे प्रश्न
ALL,सर्व
BENEFICIARY REGISTRATION,लाभार्थी नोंदणी
Take Home Ration,होम रेशन घ्या
Hot Cooked Meal,गरम शिजवलेले जेवण
What is Poshan Abhiyaan?,पोषण अभियान म्हणजे काय?
"Poshan Abhiyaan is India’s flagship programme to improve nutritional outcomes for children, adolescents, pregnant women and lactating mothers by leveraging technology, a targeted approach and convergence.","मुले, किशोरवयीन मुले, गर्भवती महिला आणि स्तनपान करणार्‍या मातांना तंत्रज्ञानाचा लाभ देऊन, लक्ष्यित दृष्टिकोन आणि अभिसरण देऊन पौष्टिक परिणाम सुधारण्यासाठी पोषण अभियान हा भारताचा प्रमुख कार्यक्रम आहे."
What is the purpose of Launching Poshan Tracker?,पोषण ट्रॅकर लॉन्च करण्याचा हेतू काय आहे ?
"The purpose of POSHAN Tracker application is to provide a 360-degree view of the activities of the Anganwadi Centre (AWC), service deliveries of Anganwadi Workers (AWWs) and complete beneficiary management for pregnant women, lactating mothers and children. The proposed system should enable real-time monitoring and tracking of all AWCs, AWWs and beneficiaries on the defined indicators.","पोषण ट्रॅकर अँप्लिकेशनचा उद्देश आहे की त्यातून अंगणवाडी सेंटर (एडब्ल्यूसी), अंगणवाडी सेविकांची सेवा पुरवठा (एडब्ल्यूडब्ल्यू ), गर्भवती महिला, स्तनपान करणारी माता व मुले यांचे संपूर्ण लाभार्थी व्यवस्थापन, अशा सगळ्याचा एक ३६०°आढावा घेऊ शकतो. प्रस्तावित प्रणाली आपल्याला परिभाषित निर्देशकांवर सर्व एडब्ल्यूसी, एडब्ल्यूडब्ल्यू आणि लाभार्थ्यांचे वास्तविक-वेळ देखरेख आणि ट्रॅक करण्यास सक्षम करेल."
How can one Download Poshan Tracker App?,आपण पोशन ट्रॅकर अ‍ॅप डाउनलोड कसे करू शकतो?
Poshan Tracker App is available over Google playstore ,पोषण ट्रॅकर अॅप गुगल प्लेस्टोअरवर उपलब्ध आहे 
Is poshan trackers app available over Apple I Store also?,अँपल आय स्टोअरमध्येही पोषण ट्रॅक अॅप उपलब्ध आहे का?
"No, Poshan Tracker is available only for Android version",पोषण ट्रॅकर केवळ अँड्रॉइड आवृत्तीसाठी उपलब्ध आहे.
What is the minimum requirement to install Poshan Tracker App in mobile?,मोबाइलमध्ये पोषण ट्रॅकर अॅप स्थापित करण्यासाठी किमान आवश्यक काय आहे?
Poshan Tracker App can only be installed in Android Phone with Android version 6.0 and above.,पॉशन ट्रॅकर अॅप केवळ अँड्रॉइड फोन ६.० आणि त्यावरील आवृत्तीसह स्थापित केला जाऊ शकतो.
View All FAQs,सर्व एफएक्यू पहा
Can a beneficiary register directly using application.,अर्ज वापरून लाभार्थी थेट नोंदणी करू शकतो
Currently a beneficiary can register by the help of an AWW,सध्या एक लाभार्थी अंगणवाडी सेविका च्या मदतीने नोंदणी करू शकतो
Who is a beneficiary?,लाभार्थी कोण आहे?
There are 6 categories for beneficiaries,लाभार्थ्यांसाठी 6 श्रेणी आहेत
Pregnant Women,गर्भवती महिला
Lactating Mother,स्तनपान करणारी आई
Children from 0 to 6 months,मुले 0 महिने - 6 महिने
Children from 6 months to 3 years,मुले 6 महिने - 3 वर्षे
Children from 3 years to 6 years,मुले 3 वर्षे - 6 वर्षे
Adolescent girls,किशोरवयीन मुली
Can a beneficiary change his/her AWC?,लाभार्थी त्याचे/तिचे अंगणवाडी केंद्र बदलू शकतो का?
An AWW can use ‘Migrate Beneficiary’ option to migrate a beneficiary from one AWC to another AWC basis their Aadhaar number.,एक अंगणवाडी सेविका लाभार्थी एका अंगणवाडी केंद्र मधून दुसर्‍या अंगणवाडी केंद्र मध्ये त्यांच्या आधार क्रमांकाच्या आधारे स्थलांतरित करण्यासाठी ‘माइग्रेट लाभार्थी’ पर्याय वापरू शकतो.
What is the eligibility of a beneficiary?,लाभार्थीची पात्रता काय आहे?
A beneficiary is eligible for THR for at least 21 days in a month.,एक लाभार्थी महिन्यातून किमान 21 दिवस टीएचआर साठी पात्र आहे.
Who is eligible for Take Home Ration?,होम रेशनसाठी कोण पात्र आहे?
"Pregnant Women, Lactating Mothers, Children from 6 months to 3 years and adolescent girls.","गरोदर महिला, स्तनपान करणार्‍या माता, 6 महिने ते 3 वर्षे वयोगटातील मुले आणि किशोरवयीन मुली."
Where can I enquire about take home ration?,होम रेशनबद्दल मी कुठे चौकशी करू शकतो?
Please contact your respective Anganwadi worker.,कृपया तुमच्या संबंधित अंगणवाडी सेविकेशी संपर्क साधा.
Who is eligible for additional supplementary food.,अतिरिक्त पूरक आहारासाठी कोण पात्र आहे.
Children who are identified as deficit on nutrition are eligible for additional food supplements.,पोषणाची कमतरता म्हणून ओळखली जाणारी मुले अतिरिक्त आहार पूरक आहारांसाठी पात्र आहेत.
A beneficiary is eligible for HCM for at least 21 days in a month.,एक लाभार्थी एका महिन्यात किमान 21 दिवस एचसीएम साठी पात्र असतो.
Who is eligible for Hot Cooked Meal?,गरम शिजवलेल्या जेवणासाठी कोण पात्र आहे?
Children in the age group of 3 years to 6 years,3 वर्षे ते 6 वर्षे वयोगटातील मुले
Where can I enquire about Hot Cooked Meal?,मी गरम शिजवलेल्या जेवणाबद्दल कुठे चौकशी करू शकतो?
Please contact your respective Anganwadi Centre.,कृपया तुमच्या संबंधित अंगणवाडी केंद्राशी संपर्क साधा.
Who is eligible for additional supplementary food?,अतिरिक्त पूरक आहारासाठी कोण पात्र आहे?
We are now available on Video Conference,आम्ही आता व्हिडिओ कॉन्फरन्सवर उपलब्ध आहोत
State Video Conference,राज्य व्हिडिओ कॉन्फरन्स
Monday to Friday ,सोमवार ते शुक्रवार 
Join Now,आत्ताच सहभागी व्हा
Anganwadi Worker Training,अंगणवाडी सेविका प्रशिक्षण
Support,सपोर्ट
 14408, 14408
 support-poshantrackr@gov.in, support-poshantrackr@gov.in
Download Mobile App,मोबाइल ॲप डाउनलोड करा
Terms of Service,सेवा अटी
Privacy Policy,गोपनीयता धोरण
Careers,करिअर
About Poshan Tracker,पोषण ट्रॅकर बद्दल
Poshan Tracker App,पोषण ट्रॅकर ॲप
"The ‘Poshan Tracker’ is a mobile based application rolled out by the Ministry of Women and Child Development, Government of India on 1st March 2021 through National e-Governance Division (NeGD), Poshan Tracker is an important governance tool. Technology under Poshan Tracker is being leveraged for dynamic identification of stunting, wasting, under-weight prevalence among children and last mile tracking of nutrition service delivery.","पोषण ट्रॅकर’ हे मोबाईलवर आधारित ऍप्लिकेशन आहे जे भारत सरकारच्या महिला आणि बाल विकास मंत्रालयाने 1 मार्च 2021 रोजी नॅशनल ई-गव्हर्नन्स डिव्हिजन (NeGD), MyGov मार्फत एक महत्त्वाचे प्रशासन साधन म्हणून आणले आहे. मुलांमध्ये खुंटणे, अशक्तपणा, कमी वजनाचे प्रमाण आणि पोषण सेवा वितरणाचा शेवटचा माइल ट्रॅकिंग यासाठी पोषण ट्रॅकर अंतर्गत तंत्रज्ञानाचा वापर केला जात आहे."
The Poshan Tracker is a job-aid to the Anganwadi worker for efficient delivery of services along with reflection of their efforts. It is a critical and beneficiary-centric service delivery Application under POSHAN Abhiyaan which will promote real time data with analytics.,पोषण ट्रॅकर अंगणवाडी कर्मचार्‍यांना त्यांच्या प्रयत्नांचे प्रतिबिंब देऊन कार्यक्षमतेने सेवा पुरवण्यासाठी नोकरी-सहाय्य आहे. पोषण अभियानांतर्गत हा एक गंभीर आणि लाभार्थी-केंद्रित सेवा वितरण अनुप्रयोग आहे जो विश्लेषणासह वास्तविक वेळेच्या डेटाला प्रोत्साहन देईल.
WHAT ARE,काय आहेत
Poshan Tracker Features,पोषण ट्रॅकरची वैशिष्ट्ये
Real time recording and Monitoring,रिअल टाइम रेकॉर्डिंग आणि मॉनिटरिंग
"The Poshan Tracker enables real-time monitoring and tracking of all AWCs and beneficiaries on defined indicators. It is built using centralized data architecture that also aligns with the digital technology systems of other ministries and programs. The objective is to provide a 360-degree view of the activities of the Anganwadi Centre (AWC), service deliveries of Anganwadi Workers (AWWs) and complete beneficiary management for pregnant women, lactating mothers and children. The public dashboard helps to impart transparency on services delivered to beneficiaries.","पोषण ट्रॅकर सर्व अंगणवाडी केंद्रस् आणि लाभार्थ्यांचे रिअल-टाइम मॉनिटरिंग आणि परिभाषित निर्देशकांवर मागोवा ठेवण्यास सक्षम करते. हे केंद्रीकृत डेटा आर्किटेक्चर वापरून तयार केले गेले आहे जे इतर मंत्रालये आणि कार्यक्रमांच्या डिजिटल तंत्रज्ञान प्रणालींशी देखील संरेखित होते. अंगणवाडी केंद्र (अंगणवाडी केंद्र), अंगणवाडी सेविकांच्या सेवा वितरण (अंगणवाडी सेविकाs) आणि गरोदर महिला, स्तनदा माता आणि मुलांसाठी संपूर्ण लाभार्थी व्यवस्थापनाचे 360-अंश दृश्य प्रदान करणे हे उद्दिष्ट आहे. सार्वजनिक डॅशबोर्ड लाभार्थ्यांना दिल्या जाणाऱ्या सेवांमध्ये पारदर्शकता आणण्यास मदत करतो."
Services Delivered,सेवा वितरीत केल्या
"Tracking of services to the end beneficiary at a click of a button. Services like Take Home Ration (THR) and Hot cooked Meal (HCM), vaccination for Infants and Pregnant Women.","एका बटणाच्या क्लिकवर अंतिम लाभार्थीपर्यंत सेवांचा पाठपुरवठा करणे. होम रेशन(टीएचआर) आणि गरम शिजवलेले जेवण (एचसीएम), नवजात बालकांसाठी आणि गर्भवती महिलांसाठी लसीकरण यासारख्या सेवा."
Growth Measurement,वाढ मोजमाप
"Children of different age groups are monitored on monthly basis by AWWs. Health indicators like Stunting, Wasting and Underweight prevalence are measured as per WHO standards. Regular growth monitoring helps AWWs to provide relevant and timely assistance to children.","वेगवेगळ्या वयोगटातील मुलांचे मासिक आधारावर अंगणवाडी सेविकास् द्वारे निरीक्षण केले जाते. खुंटणे, अशक्तपणा आणि कमी वजनाचे प्रमाण यासारखे आरोग्य निर्देशक डब्ल्यूएचओ मानकांनुसार मोजले जातात. नियमित वाढीचे निरीक्षण केल्याने अंगणवाडी सेविका ला मुलांना संबंधित आणि वेळेवर सहाय्य प्रदान करण्यात मदत होते."
Home Visit Alerts,घर -भेटीचे अलर्ट
"The Poshan Tracker generates automated alerts to the critical last-mile beneficiaries. It also ensures efficient audit of the delivery system by documenting real time attendance of beneficiaries and duty bearers. This management information system will help the nutrition programme to scale efficiently, thereby generating and documenting positive impact.","पोषण ट्रॅकर शेवटच्या टप्प्यातील गंभीर लाभार्थ्यांना स्वयंचलित सूचना व्युत्पन्न करतो. हे लाभार्थी आणि कर्तव्य धारकांच्या वास्तविक वेळेच्या उपस्थितीचे दस्तऐवजीकरण करून वितरण प्रणालीचे कार्यक्षम ऑडिट देखील सुनिश्चित करते. ही व्यवस्थापन माहिती प्रणाली पोषण कार्यक्रमास कार्यक्षमतेने मापन करण्यास मदत करेल, ज्यामुळे सकारात्मक प्रभाव निर्माण आणि दस्तऐवजीकरण होईल."
Learning Videos,शिकण्यासाठीचे व्हिडिओ
❮,❮
How to take care of weak newborn with the help of Kangaroo Mother Care,कांगारू मदर केअरच्या मदतीने कमकुवत नवजात बाळाची काळजी कशी घ्यावी
Preventing illnesses to avert Malnutrition and Death,कुपोषण आणि मृत्यू टाळण्यासाठी आजारांना प्रतिबंध करणे
Prevention of Anemia in children and adolescents girls,मुले आणि किशोरवयीन मुलींमध्ये रक्तशय प्रतिबंध
Birth Preparedness- For Institutional and Home Delivery,जन्माची तयारी- दवाखान्यात आणि घरी प्रसूतीसाठी
Care of the weak newborn baby - How many weak babies are we missing?,अशक्त नवजात बाळाची काळजी - आपण किती अशक्त नवजात  बालके गमावत आहोत?
Feeding During Illness,आजारपणा दरम्यान आहार
Ensuring Exclusive Breastfeeding,निव्वळ स्तनपान सुनिश्चित करणे
Assessment of growth in children,मुलांच्या वाढीचे मूल्यांकन
Preventing anemia in women,महिलांमध्ये रक्तशय रोखणे
Complementary Feeding - Diet Diversity,पूरक आहार - आहारातील विविधता
Identification and care of a Weak Newborn baby,अशक्त नवजात बाळाची ओळख आणि काळजी
Observing Breastfeeding In Newborn Babies,नवजात मुलांमध्ये स्तनपानाचे निरीक्षण करणे
Planning And Organising Community Based Events At AWC,अंगणवाडी केंद्रामध्ये समुदाय आधारित कार्यक्रमांचे नियोजन आणि आयोजन
Making or Updating Home Visit Planner and Initiating home visits,गृह- भेटीचे नियोजन बनवणे किंवा अपडेट करणे आणि गृह- भेटी सुरू करणे
Ensuring that complementary feeding improves over time,कालांतराने पूरक आहार सुधारत आहे याची खात्री करणे
How to ensure timely initiation of complementary feeding,पूरक आहार वेळेवर सुरू करण्याची खात्री कशी करावी
Identifying and preventing Severe Acute Malnutrition,गंभीर तीव्र कुपोषण ओळखणे आणि प्रतिबंध करणे
Identification & Referral of Sick Newborn,आजारी नवजात बाळाची ओळख आणि संदर्भ
Supporting mothers with issues in Breastfeeding,स्तनपानाच्या समस्या असलेल्या मातांना आधार देणे
Why this Monthly Meeting?,ही मासिक सभा कशासाठी?
❯,❯
Awareness,जागरूकता
ALL ,सर्व 
GENERAL ,सामान्य 
Pregnant Women ,गर्भवती महिला 
Lactating Mothers ,स्तनपान करणारी माता 
CHILD CARE ,बाल संगोपन 
Download PDF,पीडीएफ डाउनलोड करा
General Awareness about Growth Monitoring of Children,मुलांच्या ग्रोथ मॉनिटरिंग बद्दल सामान्य जागरूकता
General Awareness about preventing illness in Children,मुलांमध्ये आजार टाळण्यासाठी सामान्य जागरूकता
General Awareness for Pregnancy,गरोदरपणा विषयी सामान्य जागरूकता
General Awareness on Module,मॉड्यूलवर सामान्य जागरूकता
General Awareness on Anaemia,रक्तशायाबद्दल सामान्य जागरूकता
General Awareness on SAM and MAM,गंभीर तीव्र कुपोषण आणि मध्यम तीव्र कुपोषण वर सामान्य जागरूकता
General Awareness on Mother Care,आईच्या काळजीबद्दल सामान्य जागरूकता
General Awareness on the Delivery of the child,्रसूतीबद्दल आणि बाळाच्या जन्माबद्दल सामान्य जागरूकता
Awareness for Pregnancy in Preventing Anemia,गरोदरपणात रक्तशय टाळण्यासाठी जागरूकता
Lactating Mothers,स्तनपान करणारी माता
Awareness for Lactating Mother Complimentary Feeding for Children,स्तनपान करणाऱ्या मातेला मुलांसाठी पूरक आहार देण्यासाठी जागरूकता
Awareness to Lactating Mother,स्तनपान करणा-या मातेबद्दल जागरूकता
"Awareness for Children Stunting, Wasting to prevent malnutrition in children","मुलांमधील कुपोषण टाळण्यासाठी बुटकेपणा, लूकडेपणा याबाबत जनजागृती"
Growth Monitoring Assessment Charts,ग्रोथ मॉनिटरिंग असेसमेंट चार्ट
Stunted Assessment Parameters,वयानुसार उंची याबद्दलचे मूल्यांकन मापदंड
Wasted Assessment Parameters,उंचीनुसार वजन याबद्दलचे मूल्यांकन मापदंड
Underweight Assessment Parameters,वयानुसार वजन याबद्दलचे मूल्यांकन मापदंड
Manuals,नियमावली
Poshan Tracker Process Flow,पोषण ट्रेकर प्रकिया प्रवाह
Circulars/Notifications,परिपत्रके/सूचना
Clarification regarding Cost of Smart phones,स्मार्ट फोनच्या किमतीबाबत स्पष्टीकरण
Uploading of Data of Anganwadi Services Schemes in Poshan Tracker,पोषण ट्रॅकरमध्ये अंगणवाडी सेवा योजनांचा डेटा अपलोड करणे
Data Plan for Mobile Application,मोबाईल ॲप्लिकेशनसाठी डेटा प्लॅन
Specifications of Smart phone and Technical Compatibility Testing,स्मार्टफोनचे तपशील आणि तांत्रिक सुसंगतता चाचणी
Training on ICT Platform under POSHAN Abhiyaan,पोषण अभियान अंतर्गत आयसीटी प्लॅटफॉर्मवर प्रशिक्षण
New Poshan Tracker App - CSC-SPV Nodal Person,नवीन पोषण ट्रॅकर ॲप - सीएससी-एसपीव्ही नोडल व्यक्ती
New Poshan Tracker App,नवीन पोषण ट्रॅकर ॲप
Birth,जन्म
Bacillus Calmette Guerin (BCG),बॅसिलस कॅल्मेट ग्वेरिन (बीसीजी)
Oral Polio Vaccine (OPV)-0 dose ,ओरल पोलिओ व्हॅक्सिन (ओपीव्ही)-0 डोस 
Hepatitis B birth dose OPV-1 T,हिपॅटायटीस बी जन्म डोस ओपीव्ही-1 टी
6 ,6 
Weeks,आठवडे
OPV-1,ओपीव्ही-1
Pentavalent-1,पेंटावॅलेंट-1
Rotavirus Vaccine (RVV)-1,रोटाव्हायरस व्हॅक्सिन (आरव्हीव्ही)-1
Fractional dose of Inactivated Polio Vaccine (fIPV)-1,फ्रॅक्शनल डोस ऑफ इनॅक्टिवेटेड पोलिओ व्हॅक्सिन (एफएलपीव्ही)-1
Pneumococcal Conjugate Vaccine (PCV) -1,न्यूमोकोकल काॅन्जुगेट व्हॅक्सिन (पीसीव्ही)-1
OPV-2,ओपीव्ही-2
Pentavalent-2,पेंटावॅलेंट-2
RVV-2,आरव्हीव्ही-2
14 ,14 
OPV-3,ओपीव्ही-3
Pentavalent-3,पेंटावॅलेंट-3
fIPV-2T,एफएलपीव्ही-2टी
RVV-3,आरव्हीव्ही-3
PCV-2,पीसीव्ही-2
9 - 12 ,9 - 12 
Months,महिने
Measles Containing vaccine (MCV)/Measles & Rubella (MR)-1,गोवर (एमसीव्ही)/गोवर आणि रुबेला (एमआर)-1
Japanese Encephalitis(JE)-1**,जापनीज एन्सेफलायटीस (जेई)-1**
PCV-Booster,पीसीव्ही-बूस्टर
16 - 24 ,16 - 24 
Measles Containing vaccine (MCV)/MR-2,गोवर (एमसीव्ही)/एमआर-2
JE-2**,जेई-2**
Diphtheria,घटसर्प
Pertussis & Tetanus (DPT)-Booster-1,पेर्ट्युसिस आणि टिटॅनस (डीपीटी)-बूस्टर-1
OPV –Booster,ओपीव्ही - बूस्टर
5 - 6 ,5 - 6 
Years,वर्षे
DPT-Booster-2,डीपीटी-बूस्टर-2
"Td1, 2 or Td Booster***","टीटी 1, 2 किंवा टीटी बूस्टर***"
Select State,राज्य निवडा
Select District,जिल्हा निवडा
-,-
Login to your account,आपल्या खात्यात लॉग इन करा
User Name ,वापरकर्ता नाव 
Password ,पासवर्ड 
Login,लॉगिन करा
OPEN A NEW TICKET,नवीन तिकीट उघडा
CHECK TICKET STATUS,तिकीट स्थिती तपासा
Create a New Ticket,नवीन तिकीट तयार करा
Please fill in the form below to create a new ticket. Anganwadi Worker will reach out to you within 48 hours..,नवीन तिकीट तयार करण्यासाठी कृपया खालील फॉर्म भरा. अंगणवाडी सेविका 48 तासांच्या आत तुमच्यापर्यंत पोहोचेल..
Beneficiary Category ,लाभार्थी श्रेणी 
Select a Beneficiary Category,लाभार्थी श्रेणी निवडा
Children (0-6 months),मुले (०-६ महिने)
Children (6 months - 3 years),मुले (6 महिने - 3 वर्षे)
Children (3 - 6 years),मुले (3-6 वर्षे)
Query Related to ,याच्याशी संबंधित प्रश्न 
Select Query Related to,याच्याशी संबंधित प्रश्न निवडा
AWW/AWC,अंगणवाडी सेविका/अंगणवाडी केंद्र
Supervisor,पर्यवेक्षक
Help Topic ,सहाय्य विषय 
Description ,वर्णन 
Select a Description,वर्णन निवडा
Name ,नाव 
Mobile Number ,मोबाईल नंबर 
Email,ईमेल
Having difficulty raising ticket?,तिकीट प्राप्त करण्यास अडचण येत आहे?
support-poshantrackr@gov.in,support-poshantrackr@gov.in
By District,जिल्ह्यानुसार
State ,राज्य 
District ,जिल्हा 
Project ,प्रकल्प 
Select Project,प्रोजेक्ट निवडा
Sector ,क्षेत्र 
Select Sector,क्षेत्र निवडा
Anganwadi Center ,अंगणवाडी केंद्र 
Select An Anganwadi center,अंगणवाडी केंद्र निवडा
Create Ticket,तिकीट तयार करा
Reset,रीसेट करा
Can App be accessed without internet?,इंटरनेटशिवाय आप मध्ये प्रवेश केला जाऊ शकतो का?
"App can be accessed offline, currently daily tracking feature is available for offline data entry. Offline mode can store latest 3 days data.",वैध इंटरनेट कनेक्शनशिवाय अ‍ॅप कार्य करत नाही.
Who are the target userbase of Poshan Tracker App?,पोषण ट्रॅकर अॅपचे लक्ष्यित यूजरबेस कोण आहेत?
"Poshan Tracker App is meant for Aanganwadi workers, Anganwadi centers to enter beneficiaries data in the forms. It is not at all developed for general public.","अंगणवाडी सेविका, अंगणवाडी केंद्रे, लाभार्थ्यांचा डेटा फॉर्ममध्ये टाकण्यासाठी पोषण ट्रॅकर अ‍ॅप आहे. हे सर्वसामान्यांसाठी अजिबात विकसित केलेले नाही."
How to Login in Poshan Tracker App?,पोषण ट्रॅकर अॅपमध्ये लॉग इन कसे करावे?
"AWWs are requested to enter their mobile numbers in the Login screen. An OTP will be sent to your registered mobile number, post which you are required too set your MPIN.",एडब्ल्यूडब्ल्यू ला लॉगिन स्क्रीनमध्ये त्यांचे मोबाइल नंबर प्रविष्ट करण्याची विनंती केली जाते. आपल्या नोंदणीकृत मोबाइल नंबरवर एक ओटीपी पाठविला जाईल जो आपण आपला एमपीन म्हणून सेट करणे आवश्यक आहे.
What is  MPIN?,एमपीन म्हणजे काय?
MPIN is a 4 digits passcode which is set by an Anganwadi worker while registering over the Poshan Tracker App.,एमपीन हा ४ अंकांचा पासकोड आहे जो पोषण ट्रॅकर अॅप वर नोंदणी करताना अंगणवाडी सेवकाने सेट केला असतो.
How to set MPIN?,एमपीन कसे सेट करावा?
"MPIN can be set by respective Anganwadi worker by requesting an OTP against his/her mobile number. If Mobile number is already present in the database, the respective Anganwadi person will receive 4 digits OTP on registered mobile number. Post entering the OTP, AWW can easily set customized MPIN.",एमपीआयएन संबंधित मोबाईल क्रमांकावर ओटीपीची विनंती करुन संबंधित अंगणवाडी सेवकाद्वारे सेट केले जाऊ शकते. डेटाबेसमध्ये मोबाइल नंबर आधीपासून अस्तित्त्वात असल्यास संबंधित अंगणवाडी व्यक्तीस नोंदणीकृत मोबाइल क्रमांकावर ४ अंकी ओटीपी मिळेल. ओटीपी टाकल्यावर एडब्ल्यूडब्ल्यू सहजपणे सानुकूलित एमपीन सेट करू शकते.
When and how to use MPIN?,एमपीन कधी आणि कसा वापरावा?
"While login to the Poshan Tracker App, AWWs are required to enter the MPIN set by them. This MPIN will act as a passcode to run the Poshan Tracker App and entering the information in the beneficiaries forms.","पोषण ट्रॅझर अ‍ॅपवर लॉग इन करताना, एडब्ल्यूडब्ल्यू ने त्यांच्याद्वारे सेट केलेला एमपीन प्रविष्ट करणे आवश्यक आहे. हे एमपीन पोषण ट्रॅकर अॅप चालविण्यासाठी पासकोड म्हणून काम करेल आणि लाभार्थी फॉर्ममध्ये माहिती प्रविष्ट करेल."
How to Reset MPIN?,एमपीन रीसेट कसे करावे?
"MPIN can be easily reset by any AWW/AWC user. You are required to click on Forgot MPIN, and enter your registered mobile number. You will receive and OTP on your registered mobile number and you can ealily reset your MPIN","एमपीआयएन सहजपणे कोणत्याही एडब्ल्यूडब्ल्यू / एडब्ल्यूसी वापरकर्त्याद्वारे रीसेट केले जाऊ शकते. आपल्याला विसरलेले एमपीन वर क्लिक करणे आवश्यक आहे, आणि आपला नोंदणीकृत मोबाइल नंबर प्रविष्ट करणे आवश्यक आहे. आपल्या नोंदणीकृत मोबाइल नंबरवर आपल्याला ओटीपी प्राप्त होईल आणि आपण आपल्या एमपीनला रीसेट करू शकता."
In How many languages the Poshan Tracker App is available?,पोषण ट्रॅकर अ‍ॅप किती भाषांमध्ये उपलब्ध आहे?
Poshan Tracker App is available in 22 different languages,पोषण ट्रॅकर अॅप २२ वेगवेगळ्या भाषांमध्ये उपलब्ध आहे.
The various languages available are:, उपलब्ध विविध भाषा या आहेतः
English,इंग्रजी
Hindi,हिंदी
Gujarati,गुजराती
Punjabi,पंजाबी
Marathi,मराठी
Bangla,बंगाल
Kannada,कन्नड
Tamil,तमिळ
Telugu,तेलुगु
Malyalam,मल्याळम
Odia,ओडिया
Assamese,आसामी
Dogri,Dogri
Konkani,Konkani
Bodo,Bodo
In how many languages AWW can enter the data while filling up the form?,फॉर्म भरताना किती भाषांमध्ये एडब्ल्यूडब्ल्यू किंवा एडब्ल्यूसी डेटा प्रविष्ट करू शकतात?
There are limited fields for data entry. Name is required to be entered in English language and for other fields numeric values are required. Most of the features are provided in check boxes or with drop down selection menu. Reports to be updated.,एडब्ल्यूडब्ल्यू केवळ इंग्रजी भाषेमध्ये फॉर्म भरू शकतात.
How many different forms are there in Poshan Tracker App?,पोषण ट्रॅकर अॅपमध्ये किती भिन्न प्रकारचे फॉर्म आहेत?
There are 7 different types of forms for beneficiaries. This includes:,लाभार्थींसाठी ७ वेगवेगळे प्रकारचे फॉर्म आहेत. यात हे समाविष्ट आहे: 
Lactating mother,स्तनपान करणारी आई
Pregnant women,गर्भवती महिला
Child 0-6 Months,मुलाचे ०-६ महिने
Child 6 Months to 3 Years,मुलाचे ६ महिने ते ३ वर्षांपर्यंत
Child  3 Years to 6 Years,लहान मुले ३ वर्षे ते ६ वर्षे
Adolescent Girls (11 Years-19 Years),पौगंडावस्थेतील मुली (११ वर्षे-१९ वर्षे)
What information to be added in AWC forms?,एडब्ल्यूसी फॉर्ममध्ये कोणती माहिती जोडायची?
"AWW are required to enter details related to infrastructure present in a particular Anganwadi centre. This includes structure, basic amenities, facilities, sanitization, drinking water etc.","एएनडब्ल्यूडब्ल्यूला विशिष्ट अंगणवाडी केंद्रात असलेल्या पायाभूत सुविधांशी संबंधित तपशील प्रविष्ट करणे आवश्यक आहे. यामध्ये संरचना, मूलभूत सुविधा, सुविधा, स्वच्छता, पिण्याचे पाणी इत्यादींचा समावेश आहे."
How AWWS can sign up on the app if they are unable to register via their mobile numbers?,अ‍ॅडब्ल्यूडब्ल्यूएस त्यांच्या मोबाईल नंबरद्वारे नोंदणी करण्यात अक्षम असल्यास अॅपवर कसे साइन अप करू शकते?
In case AWW is unsuccessful in registering themselves there might be 2 possibilities:,जर एडब्ल्यूडब्ल्यू स्वत: ची नोंदणी करण्यात अयशस्वी ठरला असेल तर तेथे दोन शक्यता असू शकतातः 
Their mobile number is not present in the data provided by the states to the MoWCD,एमओडब्ल्यूसीडीला राज्यांनी पुरविलेल्या डेटामध्ये त्यांचा मोबाइल नंबर उपलब्ध नाही
They are newly added to the system and their mobile number is not yet provided by the state cell to the MoWCD.,ते सिस्टममध्ये नवीन जोडले गेले आहेत आणि त्यांचा मोबाइल क्रमांक अद्याप राज्य मंत्रालयाने एमडब्ल्यूसीडीला प्रदान केलेला नाही
In both the above cases state nodal officers are empowered to add/ edit/Activate/Deactivate any of the AWW.,वरील दोन्ही प्रकरणांमध्ये राज्य नोडल अधिकारी यांना कोणत्याही एडब्ल्यूडब्ल्यूला जोडणे / संपादित करणे / सक्रिय / निष्क्रिय करण्यास सक्षम केले गेले आहे.
How can one access Poshan Tracker Dashboard?,आपण पोशन ट्रॅकर डॅशबोर्डमध्ये प्रवेश कसा करू शकतो?
Poshan Tracker Dashboard can be accessed by signing onto the dashboard. Dashboard can be accessed by clicking the link ,डॅशबोर्डवर साइन इन करून पोषण ट्रॅकर डॅशबोर्डवर प्रवेश केला जाऊ शकतो. 
" Only nominated Nodal level officials at National, State, District, Project and Sector level are provided with a unique credentials to access the dashboard."," दुव्यावर क्लिक करून डॅशबोर्डवर प्रवेश केला जाऊ शकतो, केवळ राष्ट्रीय, राज्य, जिल्हा, प्रकल्प आणि क्षेत्र पातळीवर डॅशबोर्डवर प्रवेश करण्यासाठी एक अद्वितीय प्रमाणपत्रे दिली जातात."
How one can add AWW/AWCs?,एखादा एडब्ल्यूडब्ल्यू / एडब्ल्यूसी कसा जोडू शकतो ?
AWW/AWCs can only be added by nodal level official. Anybody in the above rank in the hierarchy.,"एडब्ल्यूडब्ल्यू / एडब्ल्यूसी फक्त नोडल स्तराच्या अधिकाऱ्याद्वारे जोडले जाऊ शकतात. पदानुक्रमात वरीलपैकी कोणीही. राष्ट्रीय स्तराप्रमाणेच राज्य, जिल्हा, प्रकल्प आणि क्षेत्र पातळीवरील वापरकर्ता तयार करू शकतो. राज्यस्तरीय वापरकर्ता जिल्हा, प्रकल्प आणि क्षेत्र पातळीवरील वापरकर्ता तयार करू शकतो, जिल्हास्तरीय वापरकर्ता प्रकल्प आणि क्षेत्र पातळीचा वापरकर्ता तयार करू शकतो, प्रकल्प स्तराचा वापरकर्ता क्षेत्र स्तराचा वापरकर्ता तयार करू शकतो."
How many different types of reports can be generated over Poshan Tracker Dashboard?,पोषण ट्रॅकर डॅशबोर्डवर किती वेगवेगळ्या प्रकारचे अहवाल तयार केले जाऊ शकतात?
There are various reports that can be generated from,असे बरेच अहवाल आहेत जे वरून व्युत्पन्न केले जाऊ शकतात 
General Reports:, सामान्य अहवाल:
Number of app  downloads,अ‍ॅप डाउनलोडची संख्या
Total number of Anganwadi centers registered,नोंदणीकृत एकूण अंगणवाडी केंद्रांची संख्या
Total number of beneficiaries registered (National/state/district/block wise),नोंदणीकृत एकूण लाभार्थ्यांची संख्या (राष्ट्रीय / राज्य / जिल्हा / गटवार)
Total Number of pregnant women registered(National/state/district/block wise),नोंदणीकृत एकूण गर्भवती महिलांची संख्या (राष्ट्रीय / राज्य / जिल्हा / गटनिहाय )
Total Number of  lactating mothers registered(National/state/district/block wise),स्तनपान करणार्‍या मातांची एकूण संख्या (राष्ट्रीय / राज्य / / गटवार)
Total Number of children (0-6months) registered(National/state/district/block wise),नोंदणीकृत एकूण मुलांची संख्या (०-६ महिने) (राष्ट्रीय / राज्य / जिल्हा / गटवारनिहाय) )
Total Number of children (6months-3years) registered(National/state/district/ block wise),नोंदणीकृत मुलांची एकूण संख्या (६ महिने -३ वर्ष) (राष्ट्रीय / राज्य / जिल्हा / गटवार)
Total Number of children (3-6years) registered(National/state/district/ block wise),नोंदणीकृत एकूण मुलांची संख्या (३-६ वर्षे) (राष्ट्रीय / राज्य / जिल्हा / गटनिहाय)
Maternal and child nutrition:,मातृ व बाल पोषण:
How many beneficiaries got THR in 21 days,२१ दिवसात किती लाभार्थ्यांना टीएचआर मिळाला
How many children breastfed exclusively in the first hour after delivery,किती मुले स्तनपान देतात? प्रसूतीनंतर पहिल्याच तासात
How many lactating mothers are given HCM,स्तनपान करणार्‍या किती मातांना एचसीएम दिले जाते
Average level of calcium in children aged 3-6 years,त्याचे लाकूड मध्ये किती मुले फक्त स्तनपान देतात? प्रसूतीनंतर ताशी तास
Average level of iron in children aged 3-6years,३-६ वर्षांच्या मुलांमध्ये लोहाची सरासरी पातळी
"Total number of vaccinations administered per month (block, district, state, national level)","लसींची एकूण संख्या दरमहा प्रशासित (ब्लॉक, जिल्हा, राज्य, राष्ट्रीय स्तर)"
Vaccinations specific report administered per month (BCG/OPV/Hepatitis B/Rotavirus/Polio/Pneumococcal/Pentavalent,दरमहा प्रशासित लसीकरण विशिष्ट अहवाल (बीसीजी / ओपीव्ही / हिपॅटायटीस बी / रोटाव्हायरस / पोलिओ / न्यूमोकोकल / पेंटाव्हॅलेंट)
AWC infrastructure:,AWC पायाभूत सुविधा:
"Number of AWCs (block, district, state, national level)","AWC ची संख्या (गट, जिल्हा, राज्य, राष्ट्रीय स्तर)"
"Total number of Balvatikas (block district, state, national level)","बालवटीकांची एकूण संख्या (ब्लॉक जिल्हा, राज्य, राष्ट्रीय स्तर)"
"Total number of AWCs (block, district, state, national level) with clean drinking water","स्वच्छ पिण्याच्या पाण्यासह एकूण गटांची संख्या (ब्लॉक, जिल्हा, राज्य, राष्ट्रीय पातळी)"
"Total number of AWCs (block, district, state, national level) with working weighing scale","कार्य वजनाच्या प्रमाणासह एकूण गटांची संख्या (गट, जिल्हा, राज्य, राष्ट्रीय पातळी)"
"Total number of AWCs (block, district, state, national level) with electricity","विजेसह सर्व AWCs (गट, जिल्हा, राज्य, राष्ट्रीय पातळीवरील) संख्या"
Total number of AWCs that are government owned,सरकारी मालकीच्या असलेल्या AWCs ची एकूण संख्या
Total number of AWCs that are privately owned, खाजगीरित्या असलेल्या AWCs ची एकूण संख्या मालकीचे
How to contact Poshan Tracker Team?,पोषण ट्रॅकर कार्यसंघाशी संपर्क कसा साधावा?
Poshan Tracker Team can be contacted by sending emails at support-poshantrackr@gov.in. For handholding and support we are also available over Video Conference each day 4:15 PM to 5:15 PM.,support-poshantrackr@gov.in र कार्यसंघाशी संपर्क साधला जाऊ शकतो. हाताळणी व समर्थनासाठी आम्ही दररोज संध्याकाळी ३ ते सायंकाळी ५ या वेळेत व्हिडीओ कॉन्फरन्सद्वारे उपलब्ध आहोत.
What is Poshan Calculator,पोषण कॅल्क्युलेटर म्हणजे काय
Poshan Calculator helps to identify various health conditions of the child as per World Health Organization (WHO) standards.,पोषण कॅल्क्युलेटर जागतिक आरोग्य संघटनेच्या (डब्ल्यूएचओ) मानकांनुसार मुलाच्या विविध आरोग्य स्थिती ओळखण्यास मदत करते.
WHO standards are :,डब्ल्यूएचओ मानके आहेत :
Stunting ( Height for Age)- ,बुटकेपणा (वयानुसार उंची)- 
0 months to 6 years,0 महिने ते 6 वर्षे
Severely Stunted,गंभीरपणे खुंटणे
Moderately stunted,मध्यम बुटकेपणा
Normal,सामान्य
Underweight (Weight for Age)- ,कमी वजन (वयानुसार वजन)- 
Severely Underweight,तीव्र कमी वजन
Moderately Underweight,माफक प्रमाणात कमी वजन
Wasting (Weight for Height)- ,लूकडेपणा (उंचीनुसार वजन)- 
0 months to 5 years,0 महिने ते 5 वर्षे
Severely Wasted (SAM),गंभीर लूकडेपणा (सॅम )
Moderately Wasted (MAM),मध्यम लूकडेपणा ( मॅम)
Overweight,जास्त वजन
Obese,लठ्ठ
Above standards are defined as per given above mentioned age brackets,वर नमूद केलेल्या वय कंसानुसार वरील मानके परिभाषित केली आहेत
About Reference tables,संदर्भ सारण्यांबद्दल
The WHO Multicentre Growth Reference Study (MGRS) was undertakenbetween 1997 and 2003 to generate new growth curves for assessing the growth and development of infants and young children around the world.,डब्ल्यूएचओ मल्टीसेंटर ग्रोथ रेफरन्स स्टडी (एमजीआरएस) 1997 आणि 2003 दरम्यान जगभरातील नवजात आणि लहान मुलांच्या वाढ आणि विकासाचे मूल्यांकन करण्यासाठी नवीन वाढ वक्र निर्माण करण्यासाठी हाती घेण्यात आले होते.
"The MGRS collected primary growth data and related information from approximately 8500 children from widely different ethnic backgrounds and cultural settings (Brazil, Ghana, India, Norway, Oman and the USA).","एमजीआरएसने मोठ्या प्रमाणावर भिन्न वांशिक पार्श्वभूमी आणि सांस्कृतिक सेटिंग्जमधील (ब्राझील, घाना, भारत, नॉर्वे, ओमान आणि यूएसए) अंदाजे 8500 मुलांकडून प्राथमिक वाढ डेटा आणि संबंधित माहिती गोळा केली."
The new growth curves are expected to provide a single international standard that represents the best description of physiological growth for all children from birth to five years of age and to establish the breastfed infant as the normative model for growth and development.,नवीन वाढ वक्र एकच आंतरराष्ट्रीय मानक प्रदान करेल जे जन्मापासून ते पाच वर्षे वयोगटातील सर्व मुलांच्या शारीरिक वाढीचे सर्वोत्तम वर्णन करेल आणि स्तनपान करवलेल्या बाळाला वाढ आणि विकासासाठी आदर्श मॉडेल म्हणून स्थापित करेल.
How to revive your Health?,आपले आरोग्य कसे पुनरुज्जीवित करावे?
How to revive your health if you are Severely Wasted (SAM),तुम्ही गंभीरपणे अशक्त असाल (सॅम ) तुमचे आरोग्य कसे सुधारावे
How to revive your health if you are Moderately Wasted (MAM),जर तुम्ही माफक प्रमाणात अशक्त असाल तर तुमचे आरोग्य कसे सुधारावे ( मॅम)
How to revive your health if you are Underweight,तुमचे वजन कमी असल्यास तुमचे आरोग्य कसे सुधारावे
Check Ticket Status,तिकीट स्थिती तपासा
Please provide your mobile number and a ticket number.,कृपया तुमचा मोबाईल नंबर आणि तिकीट क्रमांक द्या.
Mobile ,मोबाईल 
Ticket Number ,तिकीट क्रमांक 
View Ticket,तिकीट पहा
"If this is your first time contacting us or you've lost the ticket number, please ","आमच्याशी संपर्क साधण्याची तुमची ही पहिलीच वेळ असल्यास किंवा तुम्ही तिकीट क्रमांक गमावला असल्यास, कृपया "
open a new ticket,नवीन तिकीट उघडा
Average level of iron in children aged 3-6years,३-६ वर्षे वयोगटातील मुलांमध्ये कॅल्शियमची सरासरी पातळी
"Total number of vaccinations administered per month (block, district, state, national level)",३-६ वर्षांच्या मुलांमध्ये लोहाची सरासरी पातळी
Vaccinations specific report administered per month (BCG/OPV/Hepatitis B/Rotavirus/Polio/Pneumococcal/Pentavalent,"लसींची एकूण संख्या दरमहा प्रशासित (ब्लॉक, जिल्हा, राज्य, राष्ट्रीय स्तर)"
AWC infrastructure:,दरमहा प्रशासित लसीकरण विशिष्ट अहवाल (बीसीजी / ओपीव्ही / हिपॅटायटीस बी / रोटाव्हायरस / पोलिओ / न्यूमोकोकल / पेंटाव्हॅलेंट)
"Number of AWCs (block, district, state, national level)",AWC पायाभूत सुविधा:
"Total number of Balvatikas (block district, state, national level)","AWC ची संख्या (गट, जिल्हा, राज्य, राष्ट्रीय स्तर)"
"Total number of AWCs (block, district, state, national level) with clean drinking water","बालवटीकांची एकूण संख्या (ब्लॉक जिल्हा, राज्य, राष्ट्रीय स्तर)"
Welcome! The following are the Terms of Service (“Terms”) that govern your use of the Poshan Tracker Platform hosted at ,स्वागत आहे! 
", and all associated sites linked to it, its subsidiaries, and affiliates (collectively, the “Site”)."," वर होस्ट केलेल्या पोषण ट्रॅकर प्लॅटफॉर्मचा तुमचा वापर नियंत्रित करणाऱ्या सेवा अटी (“अटी”) आणि लिंक केलेल्या सर्व संबंधित साइट्स खालील आहेत. त्यास, त्याच्या सहाय्यक कंपन्या आणि संलग्न (एकत्रितपणे, “साइट”)."
I. OWNERSHIP,I. मालकी
"The Site and all data, text, designs, pages, print screens, images, artwork, photographs, audio and video clips, HTML code, source code, or software that reside or are viewable or otherwise discoverable on the Site, and all participants booked from the Site, (collectively, termed as the “Content”) are owned by Ministry of Women and Child Development and their authorised service providers.","साइट आणि सर्व डेटा, मजकूर, डिझाइन, पृष्ठे, प्रिंट स्क्रीन, प्रतिमा, कलाकृती, छायाचित्रे, ऑडिओ आणि व्हिडिओ क्लिप, एचटीएमएल कोड, स्त्रोत कोड किंवा सॉफ्टवेअर जे साइटवर राहतात किंवा पाहण्यायोग्य आहेत किंवा अन्यथा शोधण्यायोग्य आहेत आणि सर्व सहभागी बुक केले आहेत साइटवरून, (एकत्रितपणे, “सामग्री” म्हणून ओळखले जाते) महिला आणि बाल विकास मंत्रालय आणि त्यांच्या अधिकृत सेवा प्रदात्यांच्या मालकीचे आहेत."
II. CONSENT,II. संमती
"Our Privacy Policy, Open API Policy and any other policies, rules or guidelines that may be applicable to particular offers or features on the Site are incorporated in these Terms. By visiting or using the Site, you expressly agree to these Terms, as updated from time to time.","आमचे गोपनीयता धोरण, ओपन एपीआय धोरण आणि साइटवरील विशिष्ट ऑफर किंवा वैशिष्ट्यांना लागू होणारी इतर कोणतीही धोरणे, नियम किंवा मार्गदर्शक तत्त्वे या अटींमध्ये अंतर्भूत आहेत. साइटला भेट देऊन किंवा वापरून, आपण वेळोवेळी अद्यतनित केल्यानुसार या अटींशी स्पष्टपणे सहमत आहात."
"If you do not agree with any part of these terms, do not use the site. You may not use the Site in any manner and may not accept the Terms if you are not of legal age to form a binding contract.","आपण या अटींच्या कोणत्याही भागाशी सहमत नसल्यास, साइट वापरू नका. तुम्ही साइट कोणत्याही प्रकारे वापरू शकत नाही आणि बंधनकारक करार तयार करण्यासाठी तुम्ही कायदेशीर वयाचे नसल्यास अटी स्वीकारू शकत नाही."
III. NOTICE REGARDING FUTURE CHANGES TO TERMS:,III. अटींमधील भविष्यातील बदलांबाबत सूचना:
"We reserve the unconditional right to change, modify, add, or remove any part of these Terms at any time, without specifically notifying you of such changes. Any changes or updates will be effective immediately. You take the responsibility to check these Terms of Use periodically for changes. Your continued use of the platform post such revision shall constitute acceptance of the modified Terms.","या अटींचा कोणताही भाग बदलण्याचा, सुधारण्याचा, जोडण्याचा किंवा काढून टाकण्याचा बिनशर्त अधिकार आम्ही राखून ठेवतो, अशा बदलांबद्दल तुम्हाला विशेषत: सूचित न करता. कोणतेही बदल किंवा अद्यतने त्वरित प्रभावी होतील. बदलांसाठी वेळोवेळी या वापर अटी तपासण्याची जबाबदारी तुम्ही घेणे. अशा पुनरावृत्तीनंतर तुम्ही प्लॅटफॉर्मचा सतत वापर केल्यास सुधारित अटींची स्वीकृती होईल."
IV. ACCOUNT REGISTRATION,IV. खाते नोंदणी
"You may browse the Site without registering for an account. You will be required to register for an account with your mobile number, if you intent to use certain features or services offered by the Site.","तुम्ही खात्यासाठी नोंदणी न करता साइट ब्राउझ करू शकता. साइटद्वारे ऑफर केलेली काही वैशिष्ट्ये किंवा सेवा वापरण्याचा तुमचा हेतू असल्यास, तुम्हाला तुमच्या मोबाइल नंबरसह खात्यासाठी नोंदणी करणे आवश्यक आहे."
"By acceptance of these Terms, you expressly agree to authorize us to use your identity information (including Aadhaar details) and also of all the other members registered in your account.","या अटी मान्य करून, तुम्ही आम्हाला तुमची ओळख माहिती (आधार तपशीलांसह) आणि तुमच्या खात्यात नोंदणीकृत इतर सर्व सदस्यांची देखील वापरण्यासाठी अधिकृत करण्यास स्पष्टपणे सहमत आहात."
You are solely responsible for maintaining the confidentiality of your personal information and registration and all activities that might result from you failing from keeping this information secure. Your registration or mobile number shall be kept confidential,तुमची वैयक्तिक माहिती आणि नोंदणी आणि ही माहिती सुरक्षित ठेवण्यात तुम्ही अयशस्वी झाल्यामुळे होणार्‍या सर्व क्रियाकलापांची गोपनीयता राखण्यासाठी तुम्ही पूर्णपणे जबाबदार आहात. तुमची नोंदणी किंवा मोबाईल क्रमांक गोपनीय ठेवला जाईल
You undertake that:,तुम्ही ते हाती घ्या:
You have obtained consent from the concerned individuals for creating their records through your account.,तुमच्या खात्याद्वारे त्यांचे रेकॉर्ड तयार करण्यासाठी तुम्ही संबंधित व्यक्तींकडून संमती घेतली आहे.
Your account or mobile number shall not include the name of another person with the intent to impersonate that person.,तुमच्या खात्यात किंवा मोबाईल नंबरमध्ये त्या व्यक्तीची तोतयागिरी करण्याच्या हेतूने दुसर्‍या व्यक्तीचे नाव समाविष्ट नसावे.
You shall not use another user's account without their permission.,तुम्ही दुसऱ्या वापरकर्त्याचे खाते त्यांच्या परवानगीशिवाय वापरू नये.
"You shall immediately notify us in writing, if you discover any unauthorized use of your account or other account-related security breach. If we receive a complaint that your account violates someone else's rights, or violates our policies we may cancel or block your account.","तुम्हाला तुमच्या खात्याचा कोणताही अनधिकृत वापर किंवा इतर खाते-संबंधित सुरक्षा उल्लंघन आढळल्यास, तुम्ही आम्हाला त्वरित लेखी सूचित कराल. तुमचे खाते दुसऱ्याच्या अधिकारांचे उल्लंघन करत असल्याची किंवा आमच्या धोरणांचे उल्लंघन करत असल्याची तक्रार आम्हाला मिळाल्यास आम्ही तुमचे खाते रद्द करू किंवा ब्लॉक करू."
"You shall not attempt to conceal your identity by using multiple Internet Protocol addresses or mobile no, or by any other means, to register participants on the Site",साइटवर सहभागींची नोंदणी करण्यासाठी तुम्ही एकाधिक इंटरनेट प्रोटोकॉल पत्ते किंवा मोबाइल नंबर वापरून किंवा इतर कोणत्याही मार्गाने तुमची ओळख लपवण्याचा प्रयत्न करू नका
V. ACCESS PERMISSIONS,V. प्रवेश परवानग्या
You will only access (or attempt to access) the Site by the means described in the Documentation and will comply with the terms and conditions of this Agreement.,तुम्ही केवळ दस्तऐवजात वर्णन केलेल्या माध्यमांद्वारे साइटवर प्रवेश कराल (किंवा प्रवेश करण्याचा प्रयत्न कराल) आणि या कराराच्या अटी व शर्तींचे पालन कराल.
"You will comply with all Central and State laws, rules and regulations applicable to you and your use of the Site and affecting any third-party rights.","तुम्ही सर्व केंद्रीय आणि राज्य कायदे, तुम्हाला लागू होणार्‍या आणि साइटच्या तुमच्या वापरावर आणि कोणत्याही तृतीय-पक्षाच्या अधिकारांवर परिणाम करणारे नियम आणि नियमांचे पालन कराल."
VI. ACCESS RESTRICTIONS,VI. ्रवेश निर्बंध
"You shall not, either on your own or through any other person:",ुम्ही स्वतःहून किंवा इतर कोणत्याही व्यक्तीद्वारे हे करू नये:
Restrict or inhibit any other person from using the Site,साइट वापरण्यापासून इतर कोणत्याही व्यक्तीस प्रतिबंधित किंवा प्रतिबंधित करा
Use the Site for any unlawful purpose,कोणत्याही बेकायदेशीर हेतूसाठी साइट वापरा
"Express or imply that any statements you make are endorsed by us, without our prior written consent",आमच्या पूर्व लेखी संमतीशिवाय तुम्ही केलेल्या कोणत्याही विधानाला आम्ही मान्यता दिली आहे असे व्यक्त करा किंवा सूचित करा
"Impersonate any person or entity, whether actual or fictitious","वास्तविक किंवा काल्पनिक असो, कोणत्याही व्यक्तीची किंवा घटकाची तोतयागिरी करा"
Engage in spamming or flooding,स्पॅमिंग किंवा फ्लडिंगमध्ये व्यस्त रहा
Harvest or collect information about Site users,साइट वापरकर्त्यांबद्दल माहिती काढा किंवा गोळा करा
Open multiple accounts for yourself or any other individual using multiple mobile numbers,एकाधिक मोबाईल नंबर वापरून स्वतःसाठी किंवा इतर कोणत्याही व्यक्तीसाठी एकाधिक खाती उघडा
"Submit any software or other materials that contain any viruses, worms, Trojan horses, defects, date bombs, time bombs or other items of destructive nature","कोणतेही सॉफ्टवेअर किंवा इतर साहित्य सबमिट करा ज्यामध्ये कोणतेही व्हायरस, वर्म्स, ट्रोजन हॉर्स, दोष, डेट बॉम्ब, टाइम बॉम्ब किंवा विध्वंसक स्वरूपाच्या इतर वस्तू आहेत"
"Manipulate identifiers, including by forging headers, in order to disguise the origin of any posting that you submit","तुम्ही सबमिट केलेल्या कोणत्याही पोस्टिंगचे मूळ शोधण्यासाठी, बनावट शीर्षलेखांसह अभिज्ञापक हाताळा"
Link to any portion of the Site other than the URL assigned to the home page of the Site,साइटच्या होम पेजवर नियुक्त केलेल्या यूआरएल व्यतिरिक्त साइटच्या कोणत्याही भागाशी लिंक करा
“Frame” or “Mirror” any part of the Site,साइटचा कोणताही भाग “फ्रेम” किंवा “मिरर”
"Modify, adapt, sub-license, translate, sell, reverse engineer, decompile or disassemble any portion of the Site, or otherwise attempt to derive any source code or underlying ideas or algorithms of any part of the Content","साइटचा कोणताही भाग सुधारणे, जुळवून घेणे, उप-परवाना, भाषांतर करणे, विक्री करणे, उलट अभियंता करणे, विघटित करणे किंवा वेगळे करणे किंवा अन्यथा सामग्रीच्या कोणत्याही भागाचा कोणताही स्त्रोत कोड किंवा अंतर्निहित कल्पना किंवा अल्गोरिदम मिळविण्याचा प्रयत्न करणे"
"Remove any copyright, trademark or other proprietary rights notices contained on the Site","साइटवर असलेले कोणतेही कॉपीराइट, ट्रेडमार्क किंवा इतर मालकी हक्क सूचना काढून टाका"
"Use any computer program, bot, robot, spider, offline reader, site search/retrieval application or other manual or automatic device, tool, or process to retrieve, index, data mine, or in any way reproduce or circumvent the security structure, navigational structure, or presentation of the Content or the Site, including with respect to any CAPTCHA displayed on the Site.","कोणताही संगणक प्रोग्राम, बॉट, रोबोट, स्पायडर, ऑफलाइन रीडर, साइट शोध/पुनर्प्राप्ती ऍप्लिकेशन किंवा इतर मॅन्युअल किंवा स्वयंचलित डिव्हाइस, टूल किंवा प्रक्रिया पुनर्प्राप्त करण्यासाठी, अनुक्रमणिका, डेटा माइन किंवा कोणत्याही प्रकारे सुरक्षा संरचना, नेव्हिगेशनल पुनरुत्पादन किंवा धोक्यात आणण्यासाठी वापरा. साइटवर प्रदर्शित केलेल्या कोणत्याही कॅप्चाच्या संदर्भात सामग्री किंवा साइटची रचना, किंवा सादरीकरण."
Use any automated software or computer system to search for or book appointment including sending information from your computer to another computer where such software or system is active,शोधण्यासाठी किंवा अपॉईंटमेंट बुक करण्यासाठी कोणतेही स्वयंचलित सॉफ्टवेअर किंवा संगणक प्रणाली वापरा ज्यामध्ये असे सॉफ्टवेअर किंवा सिस्टम सक्रिय आहे अशा दुसऱ्या संगणकावर तुमच्या संगणकावरून माहिती पाठवणे समाविष्ट आहे
Take any action that imposes or may impose (in our sole discretion) an unreasonable or disproportionately large load on our infrastructure.,आमच्या पायाभूत सुविधांवर (आमच्या विवेकबुद्धीनुसार) अवाजवी किंवा असमानतेने मोठा भार लादणारी किंवा लादणारी कोणतीही कृती करा.
"Use the Site or Reproduce, modify, display, publicly perform, distribute or create derivative works of the Site or the Content","साइट वापरा किंवा साइट किंवा सामग्रीचे पुनरुत्पादन, सुधारणे, प्रदर्शित करणे, सार्वजनिकरित्या कार्य करणे, वितरित करणे किंवा व्युत्पन्न कार्य तयार करणे"
"The Content in an attempt to, or in conjunction with, any device, program or service designed to circumvent any technological measure that effectively controls access to, or the rights in, the Site and/or Content in any way including, without limitation, by manual Decode, decrypt, modify, or reverse engineer certificate or underlying algorithms or automatic device or process, for any purpose","साईट आणि/किंवा सामग्रीमध्ये प्रवेश, किंवा अधिकारांवर प्रभावीपणे नियंत्रण ठेवणाऱ्या कोणत्याही तांत्रिक उपायांना रोखण्यासाठी डिझाइन केलेले कोणतेही उपकरण, प्रोग्राम किंवा सेवेच्या प्रयत्नात किंवा संयोगाने सामग्री कोणत्याही हेतूसाठी मॅन्युअल डीकोड, डिक्रिप्ट, सुधारित किंवा उलट अभियंता प्रमाणपत्र किंवा अंतर्निहित अल्गोरिदम किंवा स्वयंचलित उपकरण किंवा प्रक्रिया"
"You will not use bot technology to search for registering participants through the Site; for the avoidance of doubt, this specifically prohibits you from using automated script based or automated software on the Site, and prohibits you from circumventing any security measure, access control system, or other technological control or measure on the Site that is used to enforce participation limits or to maintain the integrity of registering participants rules associated with one mobile number","साइटद्वारे सहभागींची नोंदणी करण्यासाठी तुम्ही बॉट तंत्रज्ञानाचा वापर करणार नाही; शंका टाळण्यासाठी, हे विशेषत: तुम्हाला साइटवर स्वयंचलित स्क्रिप्ट आधारित किंवा स्वयंचलित सॉफ्टवेअर वापरण्यापासून प्रतिबंधित करते आणि तुम्हाला कोणत्याही सुरक्षा उपाय, प्रवेश नियंत्रण प्रणाली, किंवा साइटवरील इतर तांत्रिक नियंत्रण किंवा मापन टाळण्यापासून प्रतिबंधित करते ज्याचा वापर सहभागाची अंमलबजावणी करण्यासाठी केला जातो. मर्यादित किंवा एका मोबाइल नंबरशी संबंधित सहभागींच्या नियमांची अखंडता राखण्यासाठी"
VII. INTELLECTUAL PROPERTY RIGHTS,VII. बौद्धिक मालमत्ता अधिकार
We own the intellectual property rights in the Site and Content. We may change the Content and features of the Site at any time.,आमच्याकडे साइट आणि सामग्रीमधील बौद्धिक संपदा अधिकार आहेत. आम्ही साइटची सामग्री आणि वैशिष्ट्ये कधीही बदलू शकतो.
"The registered and unregistered trademarks, logos, and service marks displayed on the Site are owned by us or our licensors. You may not use our trademarks, logos, and service marks in any way without our prior written permission.","साइटवर प्रदर्शित केलेले नोंदणीकृत आणि अनोंदणीकृत ट्रेडमार्क, लोगो आणि सेवा चिन्ह आमच्या किंवा आमच्या परवानाधारकांच्या मालकीचे आहेत. तुम्ही आमचे ट्रेडमार्क, लोगो आणि सेवा चिन्ह कोणत्याही प्रकारे ओ शिवाय वापरू शकत नाही."
"Material featured on this website may be reproduced free of charge. However, no part of the Site and no Content may be copied, republished, reproduced, uploaded, posted, displayed publicly, encoded, translated, transmitted or distributed in any way to any other computer, server, Web site or other medium for publication in a derogatory manner or in a misleading context.","या वेबसाइटवर वैशिष्ट्यीकृत सामग्री विनामूल्य पुनरुत्पादित केली जाऊ शकते. तथापि, साइटचा कोणताही भाग आणि कोणतीही सामग्री कॉपी, पुनर्प्रकाशित, पुनरुत्पादित, अपलोड, पोस्ट, सार्वजनिकरित्या प्रदर्शित, एन्कोड, अनुवादित, प्रसारित किंवा इतर कोणत्याही संगणकावर, सर्व्हरवर, वेब साइटवर किंवा प्रकाशनासाठी इतर माध्यमांवर कोणत्याही प्रकारे वितरित केली जाऊ शकत नाही. अपमानास्पद रीतीने किंवा दिशाभूल करणाऱ्या संदर्भात."
"You may use information available on the Site, provided that you will (1) use such information only for your personal, non-commercial informational purpose and do not copy or post such information on any networked computer or broadcast it in any media, (2) not make any modifications to any such information and any additional representations or warranties relating to such documents and Content.","तुम्ही साइटवर उपलब्ध असलेल्या माहितीचा वापर करू शकता, जर तुम्ही (1) अशी माहिती केवळ तुमच्या वैयक्तिक, गैर-व्यावसायिक माहितीच्या उद्देशाने वापराल आणि अशी माहिती कोणत्याही नेटवर्क संगणकावर कॉपी किंवा पोस्ट करू नका किंवा ती कोणत्याही मीडियामध्ये प्रसारित करू नका, (2) अशा कोणत्याही माहितीमध्ये आणि अशा दस्तऐवज आणि सामग्रीशी संबंधित कोणतेही अतिरिक्त प्रतिनिधित्व किंवा वॉरंटीमध्ये कोणतेही बदल करू नका."
"Wherever the material is being published or issued to others, the source must be prominently acknowledged. However, the permission to reproduce this material shall not extend to any material which is identified as being copyright of a third party.","जेथे सामग्री प्रकाशित केली जात आहे किंवा इतरांना जारी केली जात आहे, तेथे स्त्रोत ठळकपणे मान्य करणे आवश्यक आहे. तथापि, या सामग्रीचे पुनरुत्पादन करण्याची परवानगी तृतीय पक्षाचा कॉपीराइट म्हणून ओळखल्या जाणार्‍या कोणत्याही सामग्रीपर्यंत विस्तारित होणार नाही."
VIII. LIMITATIONS OF MULTI- LINGUAL INTERFACE,VIII. बहु-भाषिक इंटरफेसच्या मर्यादा
"Translations on the Poshan Tracker Portal & App Chabot are done by third party translators. While the translations are done on a best effort basis, some of the parts may be incorrect. Certain files and other items on the website cannot be translated. In addition, on translation, some applications and/or services may not function as expected, due to language barriers. We are working constantly to rectify any errors, omissions, or ambiguities in the translations provided on this portal.","पोषण ट्रॅकर पोर्टल आणि ॲप चॅबॉट वरील भाषांतर तृतीय पक्ष अनुवादकाद्वारे केले जाते. भाषांतरे सर्वोत्कृष्ट प्रयत्नांच्या आधारावर केली जात असली तरी काही भाग चुकीचे असू शकतात. वेबसाइटवरील काही फाइल्स आणि इतर गोष्टींचे भाषांतर केले जाऊ शकत नाही. याव्यतिरिक्त, भाषांतरावर, भाषेच्या अडथळ्यांमुळे काही अनुप्रयोग आणि/किंवा सेवा अपेक्षेप्रमाणे कार्य करू शकत नाहीत. या पोर्टलवर प्रदान केलेल्या भाषांतरांमधील कोणत्याही त्रुटी, चूक किंवा अस्पष्टता सुधारण्यासाठी आम्ही सतत काम करत आहोत."
IX. LINKS,IX. लिंक्स
"The Site may contain links to other websites that may not be owned, maintained, or operated by us. The fact that these websites are linked, does not indicate any endorsement of these websites from us, since we do have any control over these websites. We are not responsible for these websites including any content or the privacy practices of these websites. We strongly encourage you to familiarize yourself with the terms of use of these websites. Your use of these websites is at your own risk and peril. It is solely up to you to take necessary precautions to ensure that the links you select or any software you may download is free of viruses, worms, Trojan horses, defects, date bombs, time bombs, and other or other computer programming routines which are of destructive nature","साइटमध्ये इतर वेबसाइट्सचे लिंक्स असू शकतात ज्या कदाचित आमच्या मालकीच्या, देखरेखीच्या किंवा आमच्याद्वारे चालवल्या जाणार नाहीत. या वेबसाइट्स लिंक्ड़ आहेत हे तथ्य, आमच्याकडून या वेबसाइट्सचे कोणतेही समर्थन सूचित करत नाही, कारण या वेबसाइट्सवर आमचे कोणतेही नियंत्रण आहे. आम्ही या वेबसाइट्ससाठी कोणतीही सामग्री किंवा या वेबसाइट्सच्या गोपनीयता पद्धतींसह जबाबदार नाही. या वेबसाइट्सच्या वापराच्या अटींशी परिचित होण्यासाठी आम्ही तुम्हाला जोरदार प्रोत्साहन देतो. या वेबसाइट्सचा तुमचा वापर तुमच्या स्वतःच्या जोखमीवर आणि धोक्यात आहे. तुम्ही निवडलेल्या लिंक्स किंवा तुम्ही डाउनलोड करू शकणारे कोणतेही सॉफ्टवेअर व्हायरस, वर्म्स, ट्रोजन हॉर्स, दोष, डेट बॉम्ब, टाईम बॉम्ब आणि इतर किंवा इतर संगणक प्रोग्रामिंग दिनचर्यापासून मुक्त आहेत याची खात्री करण्यासाठी आवश्यक ती खबरदारी घेणे केवळ तुमच्यावर अवलंबून आहे. विध्वंसक स्वभावाचे"
X. ACCESS FROM OUTSIDE INDIA,X. भारताबाहेरून प्रवेश
"The Site is directed to the people residing in India. We do not represent that Content available on or through the Site is appropriate or available in other locations. We may limit the availability of the Site or any service or product described on the Site to any person or geographic area at any time. If you choose to access the Site from outside India, you do so at your own risk.","साइट भारतात राहणाऱ्या लोकांसाठी निर्देशित केली आहे. आम्ही असे प्रतिनिधित्व करत नाही की साइटवर किंवा त्याद्वारे उपलब्ध असलेली सामग्री योग्य आहे किंवा इतर ठिकाणी उपलब्ध आहे. आम्ही साइट किंवा साइटवर वर्णन केलेल्या कोणत्याही सेवा किंवा उत्पादनाची उपलब्धता कोणत्याही व्यक्ती किंवा भौगोलिक क्षेत्रासाठी कोणत्याही वेळी मर्यादित करू शकतो. तुम्ही भारताबाहेरून साइटवर प्रवेश करणे निवडल्यास, तुम्ही ते तुमच्या स्वत:च्या जोखमीवर करता."
XI. VIOLATION OF THESE TERMS,XI. या अटींचे उल्लंघन
"We may investigate any violation of these Terms, including unauthorized use of the Site. We may provide law enforcement with information you provide to us related to your transactions to assist in any investigation or prosecution of you. We may take legal action that we feel is appropriate. If we determine that you have violated these Terms or the law, or for any other reason or for no reason, we may block your account and will prevent you from accessing the Site at any time without notice to you.","आम्ही साइटच्या अनधिकृत वापरासह या अटींच्या कोणत्याही उल्लंघनाची चौकशी करू शकतो. तुमच्यावरील कोणत्याही तपासात किंवा खटला चालवण्यात मदत करण्यासाठी तुमच्या व्यवहारांशी संबंधित तुम्ही आम्हाला प्रदान केलेली माहिती आम्ही कायद्याची अंमलबजावणी करू शकतो. आम्हाला योग्य वाटेल अशी कायदेशीर कारवाई आम्ही करू शकतो. आपण या अटींचे किंवा कायद्याचे किंवा इतर कोणत्याही कारणास्तव किंवा विनाकारण उल्लंघन केले आहे असे आम्ही निर्धारित केल्यास, आम्ही तुमचे खाते अवरोधित करू आणि तुम्हाला सूचना न देता कधीही साइटवर प्रवेश करण्यापासून प्रतिबंधित करू."
XII. RE-DISTRIBUTION,XII. पुनर्वितरण
"Authorized organizations shall not re-distribute any data that they are able to access through the API/ No-code webpage integration and shall ensure that integration of all such data shall compulsorily be limited to the specific services provided by Poshan Tracker. Under no circumstances, shall an organization use the data collected as part of the Poshan Abhiyaan of the Government for any purposes other than the purposes specified herein, and as may be permitted by the government.","अधिकृत संस्था एपीआय/नो-कोड वेबपेज इंटिग्रेशनद्वारे ऍक्सेस करू शकतील असा कोणताही डेटा पुन्हा वितरित करणार नाहीत आणि अशा सर्व डेटाचे एकत्रीकरण अनिवार्यपणे पोषण ट्रॅकरद्वारे प्रदान केलेल्या विशिष्ट सेवांपुरते मर्यादित असेल याची खात्री करतील. कोणत्याही परिस्थितीत, एखादी संस्था सरकारच्या पोषण अभियानाचा भाग म्हणून संकलित केलेल्या डेटाचा वापर येथे नमूद केलेल्या उद्दिष्टांव्यतिरिक्त आणि सरकारच्या परवानगीनुसार इतर कोणत्याही कारणांसाठी करू शकत नाही."
"XIII. COMPLIANCE WITH LAW, THIRD PARTY RIGHTS, AND OTHER TERMS OF SERVICE","XIII. कायद्याचे पालन, तृतीय पक्षाचे अधिकार आणि इतर सेवा अटी"
"The authorized organizations will comply with all applicable laws, regulation, policies and third-party rights (including and without limitation, any laws regarding the import or export of data or software, privacy, and local laws) established by Government of India. These organizations will not use the APIs/ No-code webpage integration to encourage or promote illegal activity or violation of third-party rights including these Terms with Poshan Tracker.","अधिकृत संस्था भारत सरकारने स्थापित केलेले सर्व लागू कायदे, नियमन, धोरणे आणि तृतीय-पक्ष अधिकारांचे पालन करतील (यासह आणि मर्यादेशिवाय, डेटा किंवा सॉफ्टवेअरची आयात किंवा निर्यात, गोपनीयता आणि स्थानिक कायद्यांबाबतचे कोणतेही कायदे). पॉशन ट्रॅकरसह या अटींसह बेकायदेशीर क्रियाकलाप किंवा तृतीय-पक्ष अधिकारांचे उल्लंघन करण्यास प्रोत्साहन देण्यासाठी या संस्था एपीआय/ नो-कोड वेबपृष्ठ एकत्रीकरण वापरणार नाहीत."
XIV. CORRECTNESS OF DATA PROVIDED BY THIRD PARTY SYSTEMS,XIV. तृतीय पक्ष प्रणालीद्वारे प्रदान केलेल्या डेटाची शुद्धता
"The ASPs collecting data from Poshan Tracker and displaying to users shall be solely responsible for the correctness of such data and any liability arising out of any data so provided, shall completely rest with such third party. Any liabilities civil or criminal, arising out of any incorrect data, shall solely lie with the concerned ASP.",पॉशन ट्रॅकरकडून डेटा गोळा करणारे आणि वापरकर्त्यांना दाखवणारे एएसपी अशा डेटाच्या अचूकतेसाठी पूर्णपणे जबाबदार असतील आणि अशा प्रकारे प्रदान केलेल्या कोणत्याही डेटामुळे उद्भवणारे कोणतेही दायित्व अशा तृतीय पक्षाकडे पूर्णत: विश्रांती घेतील. कोणत्याही चुकीच्या डेटामुळे उद्भवलेल्या कोणत्याही दिवाणी किंवा फौजदारी दायित्वे केवळ संबंधित एएसपीकडेच राहतील.
XV. INDEMNITY AND LIMITATION OF LIABILITY,XV. नुकसानभरपाई आणि दायित्वाची मर्यादा
"You agree to defend, indemnify and hold harmless Poshan Tracker and its affiliates, its officers, directors, employees and agents, from and against any and all claims, damages, obligations, losses, liabilities, costs or debt, and expenses including but not limited to attorneys fees relating to any allegation or third-party legal proceeding to the extent arising from:","तुम्ही निरुपद्रवी पोषण ट्रॅकर आणि त्याचे सहयोगी, त्याचे अधिकारी, संचालक, कर्मचारी आणि एजंट, कोणत्याही आणि सर्व दावे, नुकसान, दायित्वे, नुकसान, दायित्वे, खर्च किंवा कर्ज, आणि खर्च यासह परंतु मर्यादित नसलेल्या खर्चाचा बचाव, नुकसानभरपाई आणि धारण करण्यास सहमती देता. कोणत्याही आरोप किंवा तृतीय-पक्ष कायदेशीर कार्यवाहीशी संबंधित वकील शुल्क:"
Your use of and access to the Site and Service;,साइट आणि सेवेचा तुमचा वापर आणि प्रवेश;
Your violation of any term of this Agreement;,या कराराच्या कोणत्याही अटींचे तुमचे उल्लंघन;
"Your violation of any third party right, including without limitation, any copyright, property, or privacy right; or","कोणत्याही तृतीय पक्षाच्या अधिकाराचे तुमचे उल्लंघन, ज्यामध्ये मर्यादांशिवाय, कोणतेही कॉपीराइट, मालमत्ता किंवा गोपनीयता अधिकार यांचा समावेश आहे; किंवा"
Any claim that your User Content caused damage to a third party. This defense and indemnification obligation will survive this Agreement and your use of the Service and Website/App.,तुमच्या वापरकर्ता सामग्रीमुळे तृतीय पक्षाचे नुकसान झाल्याचा कोणताही दावा. हे संरक्षण आणि नुकसानभरपाईचे दायित्व हा करार आणि तुमचा सेवा आणि वेबसाइट/अ‍ॅपचा वापर टिकून राहील.
XVI. JURISDICTION,XVI. अधिकार क्षेत्र
Your use of the Site and any dispute arising out of such use of the Site is subject to the laws of India and place of jurisdiction shall be New Delhi.,तुमचा साइटचा वापर आणि साइटच्या अशा वापरामुळे उद्भवणारा कोणताही विवाद भारताच्या कायद्यांच्या अधीन आहे आणि अधिकार क्षेत्र नवी दिल्ली असेल.
20 December 2021,20 डिसेंबर 2021
"Poshan Abhiyaan is India’s flagship programme to improve nutritional outcomes for children, adolescents, pregnant women and lactating mothers by leveraging technology, a targeted approach and convergence.","पोषण अभियान हा तंत्रज्ञान, लक्ष्यित दृष्टीकोन आणि अभिसरणाचा लाभ घेऊन बालके, किशोरवयीन, गर्भवती महिला आणि स्तनदा माता यांच्यासाठी पोषणविषयक परिणाम सुधारण्यासाठी भारताचा प्रमुख कार्यक्रम आहे."
"Poshan Tracker Portal or App is governed by Ministry of Woman and Child Development, Government of India, hereinafter referred to as “MWCD”, “our”, “us”, “we” which shall include a reference to other departments and divisions of the program/campaign. References to Poshan Tracker Portal or App in this policy include Poshan Tracker or any other Apps or portals that are integrated with Poshan Tracker through APIs / related sites, apps, communications and services (“Services”) hereinafter collectively referred to as “Poshan Tracker or System.”","पोषण ट्रॅकर पोर्टल किंवा ॲप भारत सरकारच्या महिला आणि बाल विकास मंत्रालयाद्वारे नियंत्रित केले जाते, यापुढे “एमडब्ल्यूसीडी”, “आमचे”, “आम्ही”, “आम्ही” म्हणून संबोधले जाईल ज्यामध्ये इतर विभाग आणि विभागांचा संदर्भ समाविष्ट असेल कार्यक्रम/मोहिम. या धोरणातील पोषण ट्रॅकर पोर्टल किंवा ॲपच्या संदर्भांमध्ये पोषण ट्रॅकर किंवा पोषण ट्रॅकर सोबत एपीआयस्/संबंधित साइट्स, ॲप्स, कम्युनिकेशन्स आणि सेवा (सेवा) द्वारे एकत्रित केलेले पोषण ट्रॅकर किंवा इतर कोणतेही ॲप्स किंवा पोर्टल समाविष्ट आहेत. प्रणाली.”"
"Our Privacy Policy applies when you use our Services (described below). This Privacy Policy is meant to help you understand what information we collect, why we collect it, and how it is used and shared. The collecting and retaining agency in respect of your information is MWCD.","तुम्ही आमच्या सेवा वापरता तेव्हा आमचे गोपनीयता धोरण लागू होते (खाली वर्णन केलेले). आम्ही कोणती माहिती गोळा करतो, ती का गोळा करतो आणि ती कशी वापरली आणि शेअर केली जाते हे समजून घेण्यास मदत करण्यासाठी हे गोपनीयता धोरण आहे. तुमची माहिती गोळा करणारी आणि ठेवणारी एजन्सी एमडब्ल्यूसीडी आहे."
"We are committed to protecting the security of your personal information and safeguarding your privacy. Any information or data collected and processed on the System is done in accordance with the provisions of Information Technology Act, 2000 read with its Rules and other national and state laws relating to the collection and processing of personal data.","आम्ही तुमच्या वैयक्तिक माहितीच्या सुरक्षिततेचे रक्षण करण्यासाठी आणि तुमच्या गोपनीयतेचे रक्षण करण्यासाठी वचनबद्ध आहोत. सिस्टीमवर संकलित केलेली आणि प्रक्रिया केलेली कोणतीही माहिती किंवा डेटा माहिती तंत्रज्ञान कायदा, 2000 च्या नियमांनुसार आणि वैयक्तिक डेटाच्या संकलन आणि प्रक्रियेशी संबंधित इतर राष्ट्रीय आणि राज्य कायद्यांसह वाचलेल्या तरतुदींनुसार केला जातो."
This Privacy Policy is required to be read in conjunction with the Terms of Service available at ,हे गोपनीयता धोरण 
". Your access to and use of the System is conditional upon your acceptance of this Privacy Policy and the Terms of Service. By accessing and/or using the System, you represent that you have read, understood and are bound by the Terms of Service and this Privacy Policy, and that you consent to your information and data being collected, stored and used in the manner laid out in this Privacy Policy."," वर उपलब्ध सेवा अटींसह वाचणे आवश्यक आहे. तुमचा प्रणालीचा प्रवेश आणि वापर हे गोपनीयता धोरण आणि सेवा अटी तुमच्या स्वीकृतीवर सशर्त आहे. सिस्टीममध्ये प्रवेश करून आणि/किंवा वापरून, तुम्ही प्रतिनिधित्व करता की तुम्ही सेवा अटी आणि गोपनीयता धोरण वाचले आहे, समजले आहे आणि त्यांना बांधील आहात आणि तुम्ही तुमची माहिती आणि डेटा संकलित, संग्रहित आणि मांडलेल्या पद्धतीने वापरण्यास संमती देता. या गोपनीयता धोरणामध्ये."
You hereby acknowledge that the collection of your information as described in Clause 1 of this Privacy Policy is necessary to fulfil the purposes specified in Clause 2 and 3 of this Privacy Policy.,तुम्ही याद्वारे कबूल करता की या गोपनीयता धोरणाच्या कलम 1 मध्ये वर्णन केल्यानुसार तुमची माहिती संग्रहित करणे या गोपनीयता धोरणाच्या कलम 2 आणि 3 मध्ये निर्दिष्ट केलेल्या उद्देशांची पूर्तता करण्यासाठी आवश्यक आहे.
1. INFORMATION WE COLLECT,1. आम्ही गोळा करत असलेली माहिती
1.1. Information you provide to us.,1.1. तुम्ही आम्हाला प्रदान केलेली माहिती.
"We collect the content and other information that you provide when you use our Services, including when you sign up for an account. This can include- (i) Name (ii) Mobile number (iii) Date of Birth (iv)Gender (v) Name of Child (vi) Aadhaar Number (vii) Address","तुम्ही आमच्या सेवा वापरता तेव्हा तुम्ही दिलेली सामग्री आणि इतर माहिती आम्ही गोळा करतो, ज्यामध्ये तुम्ही खात्यासाठी साइन अप करता तेव्हा. यात समाविष्ट असू शकते- (i) नाव (ii) मोबाईल नंबर (iii) जन्मतारीख (iv) लिंग (v) मुलाचे नाव (vi) आधार क्रमांक (vii) पत्ता"
"If you choose not to provide data which is required to provide you with a product or feature, you cannot use that product or feature. You may, however, choose not to share personal data where providing the data is optional.","तुम्हाला उत्पादन किंवा वैशिष्ट्य प्रदान करण्यासाठी आवश्यक असलेला डेटा न देणे तुम्ही निवडल्यास, तुम्ही ते उत्पादन किंवा वैशिष्ट्य वापरू शकत नाही. तथापि, तुम्ही वैयक्तिक डेटा शेअर न करणे निवडू शकता जेथे डेटा प्रदान करणे पर्यायी आहे."
1.2. Information from use of services.,1.2. सेवांच्या वापरावरून माहिती.
"We log usage data when you visit or otherwise use our Services, including our sites, app and platform technology.","तुम्ही आमच्या साइट्स, ॲप आणि प्लॅटफॉर्म तंत्रज्ञानासह आमच्या सेवांना भेट देता किंवा अन्यथा वापरता तेव्हा आम्ही वापर डेटा लॉग करतो."
"We may use various technologies to collect and store information, including cookies, local storage, such as browser web storage or application data caches, databases, and server logs to collect and use your information in certain cases.","आम्ही कुकीज, स्थानिक स्टोरेज, जसे की ब्राउझर वेब स्टोरेज किंवा ऍप्लिकेशन डेटा कॅशे, डेटाबेस आणि काही विशिष्ट प्रकरणांमध्ये तुमची माहिती गोळा करण्यासाठी आणि वापरण्यासाठी सर्व्हर लॉगसह माहिती गोळा आणि संग्रहित करण्यासाठी विविध तंत्रज्ञानाचा वापर करू शकतो."
1.3. Information from third parties.,1.3. तृतीय पक्षांकडून माहिती.
"Our System provides API to Third – Party Sites that may collect your personal information. Poshan Tracker is not in any manner responsible for the security of such information or their privacy practices or content of those Third – Party Sites. Additionally, you may also encounter “cookies” or other similar devices on certain pages of the Third – Party Sites and it is hereby clarified by Poshan Tracker that the System does not control the use of cookies by these Third – Party Sites. These third-party service providers and Third-Party Sites may have their own privacy policies governing the storage and retention of your information that you may be subject to. This Privacy Policy does not govern any information provided to, stored on, or used by these third-party providers and Third-Party Sites. We recommend that when you enter a Third-Party Site, you review the Third Party Site’s privacy policy as it relates to safeguarding of your information. You agree and acknowledge that Poshan Tracker will not be liable for the information published in search results or by any Third-Party Sites.","आमची सिस्टीम तृतीय-पक्ष साइट्सना एपीआय प्रदान करते जी तुमची वैयक्तिक माहिती संकलित करू शकते. पोषण ट्रॅकर अशा माहितीच्या सुरक्षिततेसाठी किंवा त्यांच्या गोपनीयता पद्धती किंवा त्या तृतीय पक्षाच्या साइट्सच्या सामग्रीसाठी कोणत्याही प्रकारे जबाबदार नाही. याव्यतिरिक्त, तृतीय पक्ष साइट्सच्या काही पृष्ठांवर तुम्हाला कुकीज किंवा इतर तत्सम उपकरणे देखील आढळू शकतात आणि पोषण ट्रॅकरद्वारे हे स्पष्ट केले आहे की प्रणाली या तृतीय-पक्ष साइट्सद्वारे कुकीजच्या वापरावर नियंत्रण ठेवत नाही. या तृतीय-पक्ष सेवा प्रदाते आणि तृतीय-पक्ष साइट्सची त्यांची स्वतःची गोपनीयता धोरणे असू शकतात जी तुमची माहिती साठवून ठेवण्यासाठी आणि ठेवण्यावर नियंत्रण ठेवू शकतात ज्यांच्या तुम्ही अधीन असाल. हे गोपनीयता धोरण या तृतीय-पत्नींना प्रदान केलेली, संग्रहित केलेली किंवा वापरली जाणारी कोणतीही माहिती नियंत्रित करत नाही. आम्ही शिफारस करतो की तुम्ही तृतीय-पक्षाच्या साइटमध्ये प्रवेश करता तेव्हा, तुम्ही तृतीय पक्षाच्या साइटच्या गोपनीयता धोरणाचे पुनरावलोकन करा कारण ते तुमच्या माहितीच्या सुरक्षेशी संबंधित आहे. तुम्ही सहमत आहात आणि कबूल करता की शोध परिणामांमध्ये किंवा कोणत्याही तृतीय-पक्ष साइटद्वारे प्रकाशित केलेल्या माहितीसाठी पोषण ट्रॅकर जबाबदार राहणार नाही."
2. HOW WE USE PERSONAL INFORMATION,2. आम्ही वैयक्तिक माहिती कशी वापरतो
We use the information we collect from all our services for the following purposes:,आम्ही आमच्या सर्व सेवांमधून संकलित केलेली माहिती खालील उद्देशांसाठी वापरतो:
2.1. Deliver our services.,2.1. आमच्या सेवा वितरीत करा.
"The information collected under Clause 1, shall be used for the purpose of facilitating the health of the beneficiaries.","कलम 1 अंतर्गत संकलित केलेली माहिती, लाभार्थींच्या आरोग्याच्या सुविधेसाठी वापरली जाईल."
"We provide our products, which includes updating, securing, and troubleshooting the information/data/ materials and contents of the System, as well as providing support.","आम्ही आमची उत्पादने प्रदान करतो, ज्यामध्ये सिस्टमची माहिती/डेटा/ सामग्री आणि सामग्री अद्यतनित करणे, सुरक्षित करणे आणि समस्यानिवारण करणे तसेच समर्थन प्रदान करणे समाविष्ट आहे."
"When you register on Poshan Tracker, the Mobile number with which you registered, will be used to locate your record from the database. These can also be used to assess the health status as recorded in the Poshan Tracker system.","जेव्हा तुम्ही पोषण ट्रॅकर वर नोंदणी करता, तेव्हा तुम्ही ज्या मोबाईल नंबरने नोंदणी केली होती, तो मोबाईल नंबर डेटाबेसमधून तुमचा रेकॉर्ड शोधण्यासाठी वापरला जाईल. पोषण ट्रॅकर प्रणालीमध्ये नोंदवल्याप्रमाणे आरोग्य स्थितीचे मूल्यांकन करण्यासाठी देखील याचा वापर केला जाऊ शकतो."
2.2. Communicate with you.,2.2. तुमच्याशी संवाद साधणे.
"We also send SMSs on your registered mobile number to alert you about registration, we also use your information to respond to you when you contact us and to investigate, respond to and resolve complaints and for Service issues (e.g. bugs).","आम्ही तुमच्या नोंदणीकृत मोबाइल नंबरवर तुम्हाला नोंदणीबद्दल सूचना देण्यासाठी एसएमएस देखील पाठवतो, तुम्ही आमच्याशी संपर्क साधता तेव्हा तुम्हाला प्रतिसाद देण्यासाठी आणि तक्रारींची तपासणी करण्यासाठी, प्रतिसाद देण्यासाठी आणि सेवा समस्यांसाठी (उदा. बग) आम्ही तुमची माहिती वापरतो."
2.3. Verification.,2.3. पडताळणी.
"We use the information we have, to help verify accounts. The records may be used for verification of health status for the purposes of Poshan Tracker control and response.",खाती पडताळण्यात मदत करण्यासाठी आम्ही आमच्याकडे असलेली माहिती वापरतो. पोषण ट्रॅकर नियंत्रण आणि प्रतिसादाच्या उद्देशाने आरोग्य स्थितीच्या पडताळणीसाठी रेकॉर्डचा वापर केला जाऊ शकतो.
2.4. Security and Audit.,2.4. सुरक्षा आणि ऑडिट.
"We use your data (including your communications) for security purposes or to prevent or investigate possible fraud or other violations of our Terms of Service and/or attempts to harm our Members, Visitors or others.","आम्‍ही तुमचा डेटा (तुमच्‍या संप्रेषणांसह) सुरक्षिततेच्‍या उद्देशांसाठी वापरतो किंवा संभाव्य फसवणूक किंवा आमच्या सेवा अटींचे इतर उल्लंघन आणि/किंवा आमचे सदस्य, अभ्यागत किंवा इतरांना हानी पोहोचवण्‍याचा प्रयत्‍न रोखण्‍यासाठी किंवा तपासण्‍यासाठी करतो."
"The Poshan Tracker system is regularly audited by auditors engaged by MWCD, for security and scalability of the system. The records may be used for such audits.",प्रणालीच्या सुरक्षितता आणि मापनक्षमतेसाठी पोषण ट्रॅकर प्रणालीचे नियमितपणे एमडब्ल्यूसीडीद्वारे गुंतलेल्या ऑडिटर्सद्वारे ऑडिट केले जाते. अशा ऑडिटसाठी नोंदी वापरल्या जाऊ शकतात.
2.5. Research and operational activities.,2.5. संशोधन आणि ऑपरेशनल क्रियाकलाप.
"We also use the data to operate our services, which includes analyzing our performance, meeting our legal obligations, developing our workforce, and doing research. We may also use the information to perform certain necessary operation for improvement of the System and for all acts incidental or ancillary to the provision of the System and for developing and providing new technologies and services.","आम्ही आमच्या सेवा ऑपरेट करण्यासाठी देखील डेटा वापरतो, ज्यामध्ये आमच्या कार्यप्रदर्शनाचे विश्लेषण करणे, आमच्या कायदेशीर दायित्वांची पूर्तता करणे, आमचे कार्यबल विकसित करणे आणि संशोधन करणे समाविष्ट आहे. प्रणालीच्या सुधारणेसाठी आणि प्रणालीच्या तरतुदीशी संबंधित सर्व आनुषंगिक किंवा सहायक कृतींसाठी आणि नवीन तंत्रज्ञान आणि सेवा विकसित आणि प्रदान करण्यासाठी आम्ही काही आवश्यक ऑपरेशन करण्यासाठी देखील माहिती वापरू शकतो."
2.6. Surveys and Feedbacks.,2.6. सर्वेक्षण आणि अभिप्राय.
"The System also takes feedback about system performance and experience. Information on name, mobile number, date of registration and health status may be used for these purposes","ही यंत्रणा व्यवस्थेचे कार्यप्रदर्शन आणि अनुभवाबद्दल फीडबॅक देखील घेते. या उद्देशांसाठी नाव, मोबाईल नंबर, नोंदणीची तारीख आणि आरोग्य स्थिती यावरील माहिती वापरली जाऊ शकते"
3. SHARING OF INFORMATION,3. माहितीची देवाणघेवाण
3.1. Tracking health progress.,3.1. आरोग्य प्रगतीचा पाठपुरावा करणे.
"The personal information collected from you at the time of registration under Clause 1 above, will be stored securely and only be used by the Government of India or State Govts for the purpose of tracking health progress and status, generating reports, heat maps and other statistical visualizations for the purpose of the management of Poshan Tracker in the country,. Your Reference ID (Mobile number) will only be co-related with your personal information in order to communicate to you through SMS as per the clause 1 above.","उपरोक्त कलम 1 अंतर्गत नोंदणीच्या वेळी तुमच्याकडून गोळा केलेली वैयक्तिक माहिती सुरक्षितपणे संग्रहित केली जाईल आणि ती केवळ भारत सरकार किंवा राज्य सरकारे आरोग्य प्रगती आणि स्थितीचा मागोवा घेण्यासाठी, अहवाल तयार करण्यासाठी, उष्णतेचे नकाशे आणि इतर सांख्यिकी यासाठी वापरली जाईल. देशातील पोषण ट्रॅकरच्या व्यवस्थापनाच्या उद्देशाने व्हिज्युअलायझेशन,. तुमचा संदर्भ आयडी (मोबाइल नंबर) वरील कलम 1 नुसार तुमच्याशी एसएमएसद्वारे संवाद साधण्यासाठी केवळ तुमच्या वैयक्तिक माहितीशी सह-संबंधित असेल."
"We do not disclose or transfer your information to any other third parties without your consent, unless such disclosure or transfer is:","तुमच्या संमतीशिवाय आम्ही तुमची माहिती इतर कोणत्याही तृतीय पक्षाकडे उघड किंवा हस्तांतरित करत नाही, जोपर्यंत असे प्रकटीकरण किंवा हस्तांतरण होत नाही:"
1. Required in order to comply with any applicable law or court order or direction; or,1. कोणत्याही लागू कायद्याचे किंवा न्यायालयाच्या आदेशाचे किंवा निर्देशांचे पालन करण्यासाठी आवश्यक; किंवा
"2. Requested by any appropriate Governmental agency as per applicable law for the purpose of, inter alia, verification of identity, prevention, detection, investigation, prosecution or punishment of any offences or incidents.","2. इतर गोष्टींबरोबरच, ओळखीची पडताळणी, प्रतिबंध, शोध, तपास, खटला चालवणे किंवा कोणताही गुन्हा किंवा घटनांची शिक्षा या उद्देशाने लागू कायद्यानुसार कोणत्याही योग्य सरकारी एजन्सीने विनंती केली आहे."
3.2. Legal Disclosures.,3.2. कायदेशीर खुलासे.
"We may access, preserve and share your information in response to a legal request, subpoena, or other legal process or if we have a good faith belief that disclosure is reasonably necessary to (1) investigate, prevent or take action regarding fraud or  illegal activities or to assist government enforcement agencies; (2) enforce our agreements with you; (3) investigate and defend ourselves against any third-party claims or allegations; (4) protect the security or integrity of our Services (such as by sharing with companies facing similar threats); or (5) exercise or protect the rights and safety of any person.","कायदेशीर विनंती, सबपोना किंवा इतर कायदेशीर प्रक्रियेला प्रतिसाद म्हणून आम्ही तुमची माहिती ऍक्सेस करू शकतो, जतन करू शकतो आणि शेअर करू शकतो किंवा (1) फसवणूक किंवा बेकायदेशीर क्रियाकलापांबद्दल चौकशी, प्रतिबंध किंवा कारवाई करण्यासाठी खुलासा करणे वाजवीपणे आवश्यक आहे असा सद्भावनापूर्ण विश्वास असल्यास किंवा सरकारी अंमलबजावणी संस्थांना मदत करण्यासाठी; (2) तुमच्यासोबतचे आमचे करार लागू करा; (3) कोणत्याही तृतीय-पक्षाच्या दाव्यांविरुद्ध किंवा आरोपांविरुद्ध तपास करा आणि स्वतःचा बचाव करा; (4) आमच्या सेवांच्या सुरक्षिततेचे किंवा अखंडतेचे रक्षण करा (जसे की अशाच प्रकारच्या धोक्यांचा सामना करणाऱ्या कंपन्यांशी शेअर करून); किंवा (5) कोणत्याही व्यक्तीचे अधिकार आणि सुरक्षितता वापरणे किंवा त्यांचे संरक्षण करणे."
4. RETENTION,4. धारणा
"All personal information collected from you under Clause 1 at the time of registration will be retained for as long as your record remains in existence and if any medical or administrative interventions have been commenced under Clause 2, subject to Clause4(b) below, for such period thereafter as is required for such interventions to be completed.","नोंदणीच्या वेळी कलम 1 अंतर्गत तुमच्याकडून गोळा केलेली सर्व वैयक्तिक माहिती जोपर्यंत तुमचा रेकॉर्ड अस्तित्वात आहे तोपर्यंत राखून ठेवली जाईल आणि कलम 2 अंतर्गत, खालील कलम 4(b) च्या अधीन राहून कोणतेही वैद्यकीय किंवा प्रशासकीय हस्तक्षेप सुरू केले गेले असतील तर त्यानंतरचा कालावधी अशा हस्तक्षेप पूर्ण करण्यासाठी आवश्यक आहे."
"All personal information collected under Clauses 1 will be retained on the application Server, to the extent that such information relates to people who have been registered for the event.","कलम 1 अंतर्गत गोळा केलेली सर्व वैयक्तिक माहिती ऍप्लिकेशन सर्व्हरवर ठेवली जाईल, ज्या प्रमाणात अशी माहिती कार्यक्रमासाठी नोंदणीकृत लोकांशी संबंधित असेल."
"Nothing set out herein shall apply to the anonymized, aggregated datasets generated by the personal data of registered users of Poshan Tracker or any reports, heat maps or other visualization created using such datasets.","येथे नमूद केलेली कोणतीही गोष्ट पोषण ट्रॅकरच्या नोंदणीकृत वापरकर्त्यांच्या वैयक्तिक डेटाद्वारे व्युत्पन्न केलेल्या अनामित, एकत्रित डेटासेटवर किंवा अशा डेटासेटचा वापर करून तयार केलेले कोणतेही अहवाल, उष्णता नकाशे किंवा इतर व्हिज्युअलायझेशनवर लागू होणार नाही."
5. RIGHTS,5. अधिकार
"As a registered user, you have the right to access your profile at any time. Although, the changes can only be done as prescribed by the Poshan Tracker system from time to time.","नोंदणीकृत वापरकर्ता म्हणून, तुम्हाला तुमच्या प्रोफाइलमध्ये प्रवेश करण्याचा अधिकार आहे. तथापि, बदल केवळ पोषण ट्रॅकर प्रणालीद्वारे वेळोवेळी निर्धारित केल्यानुसारच केले जाऊ शकतात."
You cannot manage the communications that you receive from us or how you receive them.,तुम्ही आमच्याकडून प्राप्त झालेले संप्रेषण किंवा ते कसे प्राप्त करता ते तुम्ही व्यवस्थापित करू शकत नाही.
6. DATA SECURITY,6. डेटा सुरक्षा
"Poshan Tracker Platform has reasonable security measures and safeguards in place to protect your privacy and personal information from loss, misuse, unauthorized access, disclosure, destruction, and alteration of the information in compliance with applicable laws. Further, whenever you change or access your account on the System or any information relating to it, we offer the use of a secure server. It is further clarified that you have, so long as you access and/or use the System (directly or indirectly), the obligation to ensure that you, shall at all times, take adequate physical, managerial, and technical safeguards, at your end, to preserve the integrity and security of your data which shall include and not be limited to your personal information.","पोषण ट्रॅकर प्लॅटफॉर्ममध्ये तुमची गोपनीयता आणि वैयक्तिक माहितीचे नुकसान, गैरवापर, अनधिकृत प्रवेश, प्रकटीकरण, नाश आणि लागू कायद्यांचे पालन करून माहितीमध्ये फेरफार यापासून संरक्षण करण्यासाठी वाजवी सुरक्षा उपाय आणि सुरक्षा उपाय आहेत. पुढे, जेव्हाही तुम्ही सिस्टीमवरील तुमचे खाते किंवा त्यासंबंधी कोणतीही माहिती बदलता किंवा ऍक्सेस करता तेव्हा आम्ही सुरक्षित सर्व्हर वापरण्याची ऑफर देतो. हे पुढे स्पष्ट करण्यात आले आहे की, जोपर्यंत तुम्ही प्रणालीमध्ये प्रवेश करता आणि/किंवा वापरता (प्रत्यक्ष किंवा अप्रत्यक्षपणे), तुम्ही हे सुनिश्चित करण्याचे बंधन तुमच्याकडे आहे की, तुम्ही, तुमच्या शेवटी, पुरेशा भौतिक, व्यवस्थापकीय आणि तांत्रिक सुरक्षेचे पालन कराल., तुमच्या डेटाची अखंडता आणि सुरक्षितता जपण्यासाठी ज्यामध्ये तुमची वैयक्तिक माहिती समाविष्ट असेल आणि ती मर्यादित नसेल."
7. CHANGES TO PRIVACY POLICY,7. गोपनीयता धोरणातील बदल
"Poshan Tracker reserve the unconditional right to change, modify, add, or remove any part of this Privacy Policy at any time, without specifically notifying you of such changes. Any changes or updates will be effective immediately. You should review this Privacy Policy regularly for changes.","पोषण ट्रॅकर या गोपनीयता धोरणाचा कोणताही भाग कोणत्याही वेळी बदलण्याचा, सुधारण्याचा, जोडण्याचा किंवा काढून टाकण्याचा बिनशर्त अधिकार राखून ठेवतो, विशेषत: अशा बदलांबद्दल तुम्हाला सूचित न करता. कोणतेही बदल किंवा अद्यतने त्वरित प्रभावी होतील. बदलांसाठी तुम्ही या गोपनीयता धोरणाचे नियमितपणे पुनरावलोकन करावे."
"We will use commercially reasonable efforts to generally notify all users of any material changes to this Privacy Policy, such as through a notice on the System. However, as a user of the System, you should regularly check the Privacy Policy for any changes. We will also update the “Last Updated” date at the top of this Privacy Policy, which reflects the effective date of this Privacy Policy. Your continued access or use of the System after the date of the new Privacy Policy constitutes your acceptance of the new Privacy Policy. If you do not agree to the new Privacy Policy, you must stop accessing and/or using the System. You hereby acknowledge that any collection, storage, processing or other use of your information shall be governed by the Privacy Policy as applicable at the time of such collection, storage, processing or other use.","आम्ही या गोपनीयता धोरणातील कोणत्याही भौतिक बदलांबद्दल सर्व वापरकर्त्यांना सूचित करण्यासाठी व्यावसायिकदृष्ट्या वाजवी प्रयत्न करू, जसे की सिस्टमवरील सूचना. तथापि, सिस्टमचा वापरकर्ता म्हणून, कोणत्याही बदलांसाठी तुम्ही नियमितपणे गोपनीयता धोरण तपासले पाहिजे. आम्ही या गोपनीयता धोरणाच्या शीर्षस्थानी \""अंतिम अद्यतनित\"" तारीख देखील अद्यतनित करू, जी या गोपनीयता धोरणाची प्रभावी तारीख दर्शवते. नवीन गोपनीयता धोरणाच्या तारखेनंतर तुमचा सतत प्रवेश किंवा सिस्टमचा वापर नवीन गोपनीयता धोरणाची तुमची स्वीकृती बनवते. तुम्ही नवीन गोपनीयता धोरणाशी सहमत नसल्यास, तुम्ही सिस्टममध्ये प्रवेश करणे आणि/किंवा वापरणे थांबवणे आवश्यक आहे. तुम्ही याद्वारे कबूल करता की तुमच्या माहितीचे कोणतेही संकलन, स्टोरेज, प्रक्रिया किंवा इतर वापर हे अशा संकलन, स्टोरेज, प्रक्रिया किंवा इतर वापराच्या वेळी लागू असलेल्या गोपनीयता धोरणाद्वारे नियंत्रित केले जातील."
Careers At Poshan Tracker,पोषण ट्रॅकरमध्ये करिअर
We believe in building doers. Poshan Tracker is a project of Ministry of Women and Child Development. Digital India Corporation is the technical partner of MoWCD. Poshan Tracker focuses on eradication of malnutrition from India. It serves as a mechanism to monitor and improvise on the service delivery under Poshan Abhiyaan.,दरवाजे बांधण्यावर आमचा विश्वास आहे. पोषण ट्रॅकर हा महिला आणि बाल विकास मंत्रालयाचा प्रकल्प आहे. डिजिटल इंडिया कॉर्पोरेशन हे मोडब्ल्यूसीडी  चे तांत्रिक भागीदार आहे. पोषण ट्रॅकर भारतातून कुपोषण निर्मूलनावर लक्ष केंद्रित करते. पोषण अभियानांतर्गत सेवा वितरणावर देखरेख आणि सुधारणा करण्यासाठी हे एक यंत्रणा म्हणून काम करते.
Job openings,नोकरीची संधी
Video Conference,दूरचित्रवाणी द्वारे परिषद
Monday to Friday,सोमवार ते शुक्रवार
Book VC,पुस्तक कुलगुरू
Get In Touch,संपर्कात रहाण्यासाठी
"Ministry of Women and Child Development, Government of India, Shastri Bhawan, New Delhi","महिला व बाल विकास मंत्रालय, भारत सरकार, शास्त्री भवन, नवी दिल्ली"
