en,ta
ABHA (Health ID),ABHA (சுகாதார ஐடி)
Language,மொழி
हिंदी,हिंदी
ગુજરાતી,ગુજરાતી
મરાઠી,મરાઠી
ಕನ್ನಡ,ಕನ್ನಡ
മലയാളം,മലയാളം
தமிழ்,தமிழ்
తెలుగు,తెలుగు
বাংলা,বাংলা
অসমীয়া,অসমীয়া
ਪੰਜਾਬੀ,ਪੰਜਾਬੀ
ଓଡ଼ିଆ,ଓଡ଼ିଆ
नेपाली,नेपाली
डोगरी,डोगरी
कोंकणी,कोंकणी
सिंधी,सिंधी
बोडो,बोडो
मैथिली,मैथिली
মণিপুরী,মণিপুরী
संथाली,संथाली
اردو,اردو
کٲشُر,کٲشُر
About,பற்றி
Resources,வளங்கள்
Vaccination Schedule,தடுப்பூசி அட்டவணை
Dashboard,டாஷ்போர்டு
Helpdesk,உதவி மேசை
Beneficiary Redressal,பயனாளிகளின் தீர்வு
State Helpdesk,மாநில உதவி மையம்
FAQ,அடிக்கடி கேட்கப்படும் கேள்விகள்
Poshan Calculator,போஷன் கால்குலேட்டர்
Login,உள்நுழைவு
Anganwadi Workers,அங்கன்வாடி பணியாளர்கள்
Download Mobile App from Play Store,Play Store இலிருந்து மொபைல் பயன்பாட்டைப் பதிவிறக்கவும்
Scan the QR Code to Download the App,பயன்பாட்டைப் பதிவிறக்க QR கோடை ஸ்கேன் செய்யவும்
What’s New on Poshan Tracker,போஷன் டிராக்கரில் புதிதாக என்ன இருக்கிறது
Poshan Tracker adds new application features,ரோஷன் டிராக்கர் புதிய பயன்பாடு அம்சங்களைச் சேர்க்கிறது
Poshan Tracker adds new Reports feature,ரோஷன் டிராக்கர் புதிய அறிக்கைகள் அம்சத்தைச் சேர்க்கிறது
Poshan Tracker adds new Resources on Website,ரோஷன் இணையதள அம்சத்தில் புதிய வளங்களைச் சேர்க்கிறது
Resources for growth monitoring and general awareness,வளர்ச்சியைக் கண்காணித்தல் மற்றும் பொதுவான புரிதலுக்கான வளங்கள்
Growth monitoring charts,வளர்ச்சி கண்காணிப்பு வரைபடங்கள்
New beneficiary addition with skip OTP option,ஓ டி பியைத் தவிர்க்கும் விருப்பத் தேர்வுடனான புதிய பயனாளர் சேர்ப்பு
Mobile number need to be validated within a week,கைபேசி எண் ஒரு வாரத்துக்குள் சரிபார்க்கப்பட வேண்டும்
Anganwadi Worker profile page,அங்கண்வாடி ஊழியர் சுயவிவரப் பக்கம்
Stunting and Underweight Growth Parameters,தடைபட்ட மற்றும் எடைக்குறைவு வளர்ச்சி அளவுருக்கள்
Beneficiaries status change notifications,பயனாளர்களின் நிலை மாற்ற அறிவிப்புகள்
Migrated from one category to another,ஒரு பிரிவிலிருந்து இன்னொன்றுக்கு மாறி இருக்கிறார்
Beneficiary record becoming inactive,பயனானாளர் பதிவு செயலற்றதாக ஆகிக் கொண்டிருக்கிறது
Beneficiary migration from one AWC to another AWC,பயனாளர் ஒரு AMC-இலிருந்து இன்னொரு AMC-க்கு மாறுதல்
Beneficiary deletion by AWW,AWC-ஆல் பயனாளர் நீக்கப்படுதல்
Default language selection,இயல்பான மொழித் தேர்வு
"Beneficiary concerns accessibility to AWW, along with status update once resolved","AWW-ஐ அணுகுவது பற்றி பயனாளரின் கவலைகள், நிலை புதுப்பித்தலுடன் சேர்த்து ஒருமுறை தீர்க்கப்பட்டது"
Growth monitoring report for all health indicators,எல்லா ஆரோக்கியக் குறியீடுகளுக்கும் வளர்ச்சி கண்காணிப்பு அறிக்கை
Application downloaded status by AWW,AWW-ஆல் செயலி பதிவிறக்கம் செய்யப்பட்ட நிலை
Beneficiary count report : Number of records becoming inactive and number of records migrating from one category to another,பயனாளர் எண்ணிக்கை அறிக்கை : செயலற்றவையாக ஆகிக் கொண்டிருக்கும் பதிவுகளின் எண்ணிக்கை மற்றும் ஒரு வகையிலிருந்து இன்னொன்றுக்கு மாறும் பதிவுகளின் எண்ணிக்கை
Poshan Calculator is designed to measure growth of the child based on standards defined by World Health Organization (WHO).,உலக சுகாதார அமைப்பு (WHO) வரையறுத்துள்ள தரநிலைகளின் அடிப்படையில் குழந்தையின் வளர்ச்சியை அளவிடும் வகையில் போஷன் கால்குலேட்டர் வடிவமைக்கப்பட்டுள்ளது.
How to use Poshan Calculator?,போஷன் கால்குலேட்டரை எவ்வாறு பயன்படுத்துவது?
Select Gender,பாலினத்தைத் தேர்ந்தெடுக்கவும்
Enter Date of Birth,பிறந்த தேதியை உள்ளிடவும்
Enter Height in centimeter,உயரத்தை சென்டிமீட்டரில் உள்ளிடவும்
Enter Weight in kilogram,எடையை கிலோகிராமில் உள்ளிடவும்
Click on Show Results,ஷோ ரிசல்ட்ஸ் என்பதைக் கிளிக் செய்யவும்
Gender ,பாலினம் 
*,*
Boy,சிறுவன்
Girl,சிறுமி
Date of Birth ,பிறந்த தேதி 
Height (CM) ,உயரம் (செ.மீ.) 
*Height should be between 38 to 150,*உயரம் 38-க்கும் 150-க்கும் இடையே இருக்க வேண்டும்
CM,செ.மீ.
Weight (KG) ,எடை (கி.கி.) 
*Weight should be between 0.90 to 58,*எடை 0.90-க்கும் 58-க்கும் இடையே இருக்க வேண்டும்
KG,கி.கி.
Show Results,முடிவுகளைக் காட்டவும்
ABHA (Health ID) and its Benefits,ABHA (ஹெல்த் ஐடி) மற்றும் அதன் நன்மைகள்
ABHA (earlier known as Health ID) is an acronym for Ayushman Bharat Health Account.,ABHA (முன்பு ஹெல்த் ஐடி என அறியப்பட்டது) என்பது ஆயுஷ்மான் பாரத் ஹெல்த் அக்கவுண்ட் என்பதன் சுருக்கமாகும்.
Using ABHA (Health ID) is the first step towards creating safer and efficient digital health records for you and your family.,உங்களுக்கும் உங்கள் குடும்பத்துக்கும் பாதுகாப்பான மற்றும் திறமையான டிஜிட்டல் ஹெல்த் ரெக்கார்டுகளை உருவாக்குவதற்கான முதல் படி ABHA (ஹெல்த் ஐடி) ஐப் பயன்படுத்துவது தான்.
"It enables your interaction with participating healthcare providers, and allows you to receive your digital lab reports, prescriptions and diagnosis seamlessly from verified healthcare professionals and health service providers.","இது சுகாதார வழங்குநர்களுடன் உங்கள் தொடர்புகளை செயல்படுத்துகிறது, மேலும் சுகாதார நிபுணர்கள் மற்றும் சுகாதார சேவை வழங்குநர்களிடமிருந்து உங்கள் டிஜிட்டல் ஆய்வக அறிக்கைகள், மருந்துச்சீட்டுகள் மற்றும் நோயறிதல் ஆகியவற்றை தடையின்றி பெற அனுமதிக்கிறது."
Know More,மேலும் அறிக
×,×
Frequently Asked Questions,அடிக்கடி கேட்கப்படும் கேள்விகள்
ALL,அனைத்து
BENEFICIARY REGISTRATION,பயனாளிகளின் பதிவு
Take Home Ration,வீட்டு ரேஷன் எடுத்துக் கொள்ளுங்கள்
Hot Cooked Meal,சூடான சமைத்த உணவு
What is Poshan Abhiyaan?,போஷன் அபியான் என்றால் என்ன?
"Poshan Abhiyaan is India’s flagship programme to improve nutritional outcomes for children, adolescents, pregnant women and lactating mothers by leveraging technology, a targeted approach and convergence.","போஷன் அபியான் என்பது குழந்தைகள், இளம் பருவத்தினர், முன்னுரிமைக்கான ஊட்டச்சத்து விளைவுகளை மேம்படுத்துவதற்கான இந்தியாவின் முதன்மை திட்டமாகும்."
What is the purpose of Launching Poshan Tracker?,போஷன் டிராக்கரைத் தொடங்குவதன் நோக்கம் என்ன?
"The purpose of POSHAN Tracker application is to provide a 360-degree view of the activities of the Anganwadi Centre (AWC), service deliveries of Anganwadi Workers (AWWs) and complete beneficiary management for pregnant women, lactating mothers and children. The proposed system should enable real-time monitoring and tracking of all AWCs, AWWs and beneficiaries on the defined indicators.","போஷான் டிராக்கர் பயன்பாட்டின் நோக்கம் அங்கன்வாடி மையத்தின் (ஏ.டபிள்யூ.சி) செயல்பாடுகள், அங்கன்வாடி தொழிலாளர்களின் சேவை வழங்கல்கள் (ஏ.டபிள்யூ.டபிள்யூ) மற்றும் கர்ப்பிணிப் பெண்கள், பாலூட்டும் தாய்மார்கள் மற்றும் குழந்தைகளுக்கான முழுமையான பயனாளி மேலாண்மை பற்றிய 360 டிகிரி பார்வையை வழங்குவதாகும். முன்மொழியப்பட்ட அமைப்பு வரையறுக்கப்பட்ட குறிகாட்டிகளில் அனைத்து AWC கள், AWW கள் மற்றும் பயனாளிகளின் நிகழ்நேர கண்காணிப்பு மற்றும் கண்காணிப்பை செயல்படுத்த வேண்டும்."
How can one Download Poshan Tracker App?,போஷன் டிராக்கர் அபிபி ஐ எவ்வாறு பதிவிறக்கம் செய்யலாம்?
Poshan Tracker App is available over Google playstore ,கூகிள் பிளேஸ்டோர் மூலம் போஷன் டிராக்கர் பயன்பாடு 
Is poshan trackers app available over Apple I Store also?,.
"No, Poshan Tracker is available only for Android version","இல்லை, போஷன் டிராக்கர் ஆண்ட்ராய்டு பதிப்பை மட்டுமே கிடைக்கிறது"
What is the minimum requirement to install Poshan Tracker App in mobile?,போஷன் டிராக்கர் பயன்பாட்டை மொபைலில் நிறுவ குறைந்தபட்ச தேவை என்ன?
Poshan Tracker App can only be installed in Android Phone with Android version 6.0 and above.,போஷான் டிராக்கர் பயன்பாட்டை ஆண்ட்ராய்டு பதிப்பு 6.0 மற்றும் அதற்கு மேற்பட்ட ஆண்ட்ராய்டு தொலைபேசியில் மட்டுமே நிறுவ முடியும்.
View All FAQs,எல்லா FAQ-களையும் காணுங்கள்
Can a beneficiary register directly using application.,ஒரு பயனாளி விண்ணப்பத்தைப் பயன்படுத்தி நேரடியாகப் பதிவு செய்ய முடியுமா.
Currently a beneficiary can register by the help of an AWW,தற்போது ஒரு பயனாளி AWW இன் உதவியுடன் பதிவு செய்யலாம்
Who is a beneficiary?,ஒரு பயனாளி யார்?
There are 6 categories for beneficiaries,பயனாளிகளுக்கு 6 பிரிவுகள் உள்ளன
Pregnant Women,கர்ப்பிணி பெண்கள்
Lactating Mother,பாலூட்டும் தாய்மார்கள்
Children from 0 to 6 months,0 முதல் 6 மாதங்கள் வரை உள்ள குழந்தைகள்
Children from 6 months to 3 years,6 மாதங்கள் முதல் 3 ஆண்டுகள் வரை உள்ள குழந்தைகள்
Children from 3 years to 6 years,3 வயது முதல் 6 வயது வரையிலான குழந்தைகள்
Adolescent girls,வாலிபப் பெண்கள்
Can a beneficiary change his/her AWC?,ஒரு பயனாளி தனது AWCயை மாற்ற முடியுமா?
An AWW can use ‘Migrate Beneficiary’ option to migrate a beneficiary from one AWC to another AWC basis their Aadhaar number.,AWW ஆனது ஒரு பயனாளியை அவர்களின் ஆதார் எண்ணின் அடிப்படையில் ஒரு AWC இலிருந்து மற்றொரு AWC க்கு நகர்த்துவதற்கு 'Migrate Beneficiary' விருப்பத்தைப் பயன்படுத்தலாம்.
What is the eligibility of a beneficiary?,ஒரு பயனாளியின் தகுதி என்ன?
A beneficiary is eligible for THR for at least 21 days in a month.,ஒரு பயனாளி ஒரு மாதத்தில் குறைந்தது 21 நாட்களுக்கு THRக்கு தகுதியுடையவர்.
Who is eligible for Take Home Ration?,வீட்டுக்கு ரேஷன் எடுத்துச் செல்ல யார் தகுதியானவர்?
"Pregnant Women, Lactating Mothers, Children from 6 months to 3 years and adolescent girls.","கர்ப்பிணிப் பெண்கள், பாலூட்டும் தாய்மார்கள், 6 மாதங்கள் முதல் 3 வயது வரையிலான குழந்தைகள் மற்றும் பருவப் பெண்கள்."
Where can I enquire about take home ration?,வீட்டிற்கு எடுத்துச் செல்லும் ரேஷன் பற்றி நான் எங்கே கேட்கலாம்?
Please contact your respective Anganwadi worker.,உங்கள் அங்கன்வாடி பணியாளரை தொடர்பு கொள்ளவும்.
Who is eligible for additional supplementary food.,கூடுதல் துணை உணவுக்கு யார் தகுதியானவர்.
Children who are identified as deficit on nutrition are eligible for additional food supplements.,ஊட்டச்சத்து குறைபாடு உள்ள குழந்தைகள் கூடுதல் உணவுப் பொருட்களுக்கு தகுதியுடையவர்கள்.
A beneficiary is eligible for HCM for at least 21 days in a month.,ஒரு பயனாளி ஒரு மாதத்தில் குறைந்தது 21 நாட்களுக்கு HCM க்கு தகுதியுடையவர்.
Who is eligible for Hot Cooked Meal?,சூடான சமைத்த உணவுக்கு யார் தகுதியானவர்?
Children in the age group of 3 years to 6 years,3 வயது முதல் 6 வயது வரை இருக்கும் குழந்தைகள்
Where can I enquire about Hot Cooked Meal?,சூடான சமைத்த உணவைப் பற்றி நான் எங்கே கேட்கலாம்?
Please contact your respective Anganwadi Centre.,உங்கள் அங்கன்வாடி மையத்தைத் தொடர்பு கொள்ளவும்.
Who is eligible for additional supplementary food?,கூடுதல் துணை உணவுக்கு யார் தகுதியானவர்?
We are now available on Video Conference,வீடியோ கான்பரன்ஸ் மூலம் தற்போது நாம்
State Video Conference,மாநில காணொளி மாநாடு
Monday to Friday ,திங்கள் முதல் வெள்ளி வரை 
Join Now,இப்போது சேரவும்
Anganwadi Worker Training,அங்கண்வாடி ஊழியர் பயிற்சி
Support,ஆதரவு
 14408, 14408
 support-poshantrackr@gov.in, support-poshantrackr@gov.in
Download Mobile App,மொபைல் பயன்பாட்டைப் பதிவிறக்கவும்
Terms of Service,சேவை விதிமுறைகள்
Privacy Policy,தனியுரிமைக் கொள்கை
Careers,தொழில்
About Poshan Tracker,போஷன் டிராக்கர் பற்றி
Poshan Tracker App,போஷன் டிராக்கர் ஆப்
"The ‘Poshan Tracker’ is a mobile based application rolled out by the Ministry of Women and Child Development, Government of India on 1st March 2021 through National e-Governance Division (NeGD), Poshan Tracker is an important governance tool. Technology under Poshan Tracker is being leveraged for dynamic identification of stunting, wasting, under-weight prevalence among children and last mile tracking of nutrition service delivery.","போஷன் டிராக்கர்' என்பது மொபைல் பயன்பாடு ஆகும், இது இந்திய அரசின் பெண்கள் மற்றும் குழந்தைகள் மேம்பாட்டு அமைச்சகத்தால் 1 மார்ச் 2021 அன்று தேசிய மின் ஆளுமைப் பிரிவு (NeGD), MyGov மூலம் ஒரு முக்கியமான ஆளுகைக் கருவியாக வெளியிடப்பட்டது. போஷான் டிராக்கரின் கீழ் உள்ள தொழில்நுட்பம், குழந்தைகளிடையே வளர்ச்சி குன்றிய நிலை, உடல் எடை குறைதல், உடல் எடை குறைவாக இருப்பது மற்றும் ஊட்டச்சத்து சேவை விநியோகத்தின் கடைசி மைல் கண்காணிப்பு போன்றவற்றின் ஆற்றல்மிக்க அடையாளத்திற்காக பயன்படுத்தப்படுகிறது."
The Poshan Tracker is a job-aid to the Anganwadi worker for efficient delivery of services along with reflection of their efforts. It is a critical and beneficiary-centric service delivery Application under POSHAN Abhiyaan which will promote real time data with analytics.,"போஷன் டிராக்கர் என்பது அங்கன்வாடி பணியாளர்களின் முயற்சியின் பிரதிபலிப்புடன் சேவைகளை திறம்பட வழங்க உதவுகிறது. இது போஷன் அபியான் கீழ் முக்கியமான மற்றும் பயனாளிகளை மையமாகக் கொண்ட சேவை வழங்கல் விண்ணப்பமாகும், இது பகுப்பாய்வுகளுடன் நிகழ் நேரத் தரவை ஊக்குவிக்கும்."
Poshan Tracker Features,போஷன் டிராக்கர் அம்சங்கள்
Real time recording and Monitoring,நிகழ்நேர பதிவு மற்றும் கண்காணிப்பு
"The Poshan Tracker enables real-time monitoring and tracking of all AWCs and beneficiaries on defined indicators. It is built using centralized data architecture that also aligns with the digital technology systems of other ministries and programs. The objective is to provide a 360-degree view of the activities of the Anganwadi Centre (AWC), service deliveries of Anganwadi Workers (AWWs) and complete beneficiary management for pregnant women, lactating mothers and children. The public dashboard helps to impart transparency on services delivered to beneficiaries.","போஷன் டிராக்கர் ஆனது அனைத்து AWCகள் மற்றும் பயனாளிகளின் நிகழ்நேர கண்காணிப்பு மற்றும் வரையறுக்கப்பட்ட குறிகாட்டிகளில் கண்காணிப்பதை செயல்படுத்துகிறது. இது மற்ற அமைச்சகங்கள் மற்றும் திட்டங்களின் டிஜிட்டல் தொழில்நுட்ப அமைப்புகளுடன் இணைந்த மையப்படுத்தப்பட்ட தரவு கட்டமைப்பைப் பயன்படுத்தி கட்டமைக்கப்பட்டுள்ளது. அங்கன்வாடி மையத்தின் (AWC) செயல்பாடுகள், அங்கன்வாடி பணியாளர்களின் (AWWs) சேவை வழங்கல்கள் மற்றும் கர்ப்பிணிப் பெண்கள், பாலூட்டும் தாய்மார்கள் மற்றும் குழந்தைகளுக்கான முழுமையான பயனாளிகள் மேலாண்மை ஆகியவற்றின் 360 டிகிரி பார்வையை வழங்குவதே இதன் நோக்கமாகும். public dashboard பயனாளிகளுக்கு வழங்கப்படும் சேவைகளில் வெளிப்படைத்தன்மையை வழங்க உதவுகிறது."
Services Delivered,வழங்கப்பட்ட சேவைகள்
"Tracking of services to the end beneficiary at a click of a button. Services like Take Home Ration (THR) and Hot cooked Meal (HCM), vaccination for Infants and Pregnant Women.","ஒரு பொத்தானைக் கிளிக் செய்வதன் மூலம் பயனாளிக்கான சேவைகளைக் கண்காணித்தல். டேக் ஹோம் ரேஷன் (THR) மற்றும் சூடான சமைத்த உணவு (HCM), கைக்குழந்தைகள் மற்றும் கர்ப்பிணிப் பெண்களுக்கு தடுப்பூசி போடுதல் போன்ற சேவைகள்."
Growth Measurement,வளர்ச்சி அளவீடு
"Children of different age groups are monitored on monthly basis by AWWs. Health indicators like Stunting, Wasting and Underweight prevalence are measured as per WHO standards. Regular growth monitoring helps AWWs to provide relevant and timely assistance to children.","வெவ்வேறு வயது குழந்தைகள் AWW களால் மாதாந்திர அடிப்படையில் கண்காணிக்கப்படுகிறார்கள். உடல் வளர்ச்சி குன்றிய நிலை, உடல் தேய்மானம் மற்றும் எடை குறைவாக இருப்பது போன்ற சுகாதார குறிகாட்டிகள் WHO தரத்தின்படி அளவிடப்படுகிறது. வளர்ச்சி கண்காணிப்பு AWW கள் குழந்தைகளுக்கு பொருத்தமான மற்றும் சரியான நேரத்தில் உதவி வழங்க உதவுகிறது."
Home Visit Alerts,வீட்டு விசிட் எச்சரிக்கைகள்
"The Poshan Tracker generates automated alerts to the critical last-mile beneficiaries. It also ensures efficient audit of the delivery system by documenting real time attendance of beneficiaries and duty bearers. This management information system will help the nutrition programme to scale efficiently, thereby generating and documenting positive impact.","போஷன் டிராக்கர் ஆனது முக்கியமான கடைசி மைல் பயனாளிகளுக்கு தானியங்கி விழிப்பூட்டல்களை உருவாக்குகிறது. பயனாளிகள் மற்றும் கடமை தாங்குபவர்களின் உண்மையான நேர வருகையை ஆவணப்படுத்துவதன் மூலம் திறமையான தணிக்கையையும் இது உறுதி செய்கிறது. இந்த மேலாண்மை தகவல் அமைப்பு ஊட்டச்சத்து திட்டத்தை திறம்பட அளவிடுவதற்கும், நேர்மறையான தாக்கத்தை உருவாக்கி ஆவணப்படுத்துவதற்கும் உதவும்."
Learning Videos,கற்றல் வீடியோக்கள்
❮,❮
How to take care of weak newborn with the help of Kangaroo Mother Care,கங்காரு மதர் கேரின் உதவியுடன் பலவீனமான புதிதாகப் பிறந்த குழந்தையை எவ்வாறு பராமரிப்பது
Preventing illnesses to avert Malnutrition and Death,ஊட்டச்சத்து குறைபாடு மற்றும் மரணத்தைத் தவிர்க்க நோய்களைத் தடுக்கிறது
Prevention of Anemia in children and adolescents girls,குழந்தைகள் மற்றும் இளம்பெண்களில் இரத்த சோகை தடுப்பு
Birth Preparedness- For Institutional and Home Delivery,பிறப்புத் தயார்நிலை- நிறுவன மற்றும் வீட்டுப் பிரசவத்திற்கு
Care of the weak newborn baby - How many weak babies are we missing?,பலவீனமான புதிதாகப் பிறந்த குழந்தையின் பராமரிப்பு - எத்தனை பலவீனமான குழந்தைகளை நாம் காணவில்லை?
Feeding During Illness,நோயின் போது தாய்ப்பால் கொடுப்பது
Preparation During Pregnancy - For NewBorn Care & Family Planning,கர்ப்ப காலத்தில் தயாரித்தல் - புதிதாகப் பிறந்த குழந்தை பராமரிப்பு மற்றும் குடும்பக் கட்டுப்பாடு
Ensuring Exclusive Breastfeeding,பிரத்தியேகமாக தாய்ப்பால் கொடுப்பதை உறுதி செய்தல்
Assessment of growth in children,குழந்தைகளின் வளர்ச்சியின் மதிப்பீடு
Preventing anemia in women,பெண்களுக்கு ஏற்படும் இரத்த சோகையை தடுக்கும்
Complementary Feeding - Diet Diversity,துணை உணவு - உணவு பன்முகத்தன்மை
Identification and care of a Weak Newborn baby,புதிதாகப் பிறந்த பலவீனமான குழந்தையை அடையாளம் காணுதல் மற்றும் பராமரித்தல்
Observing Breastfeeding In Newborn Babies,புதிதாகப் பிறந்த குழந்தைகளில் தாய்ப்பால் கொடுப்பதைக் கவனித்தல்
Planning And Organising Community Based Events At AWC,AWC இல் சமூக அடிப்படையிலான நிகழ்வுகளைத் திட்டமிடுதல் மற்றும் ஏற்பாடு செய்தல்
Making or Updating Home Visit Planner and Initiating home visits,ஹோம் விசிட் பிளானரை உருவாக்குதல் அல்லது புதுப்பித்தல் மற்றும் வீட்டுச் சந்திப்புகளைத் தொடங்குதல்
Ensuring that complementary feeding improves over time,காலப்போக்கில் துணை உணவு மேம்படுவதை உறுதி செய்தல்
How to ensure timely initiation of complementary feeding,துணை உணவுகளை சரியான நேரத்தில் தொடங்குவதை எவ்வாறு உறுதிப்படுத்துவது
Identifying and preventing Severe Acute Malnutrition,கடுமையான ஊட்டச்சத்துக் குறைபாட்டைக் கண்டறிந்து தடுப்பது
Identification & Referral of Sick Newborn,உடம்பு சரியில்லாத புதிதாகப் பிறந்த குழந்தையை அடையாளம் கண்டு பரிந்துரைத்தல்
Supporting mothers with issues in Breastfeeding,தாய்ப்பால் கொடுப்பதில் சிக்கல் உள்ள தாய்மார்களுக்கு ஆதரவு அளித்தல்
Why this Monthly Meeting?,ஏன் இந்த மாதாந்திர கூட்டம்?
❯,❯
Awareness,விழிப்புணர்வு
ALL ,அனைத்து 
GENERAL ,பொது 
Pregnant Women ,கர்ப்பிணி பெண்கள் 
Lactating Mothers ,பாலூட்டும் தாய்மார்கள் 
CHILD CARE ,குழந்தை பராமரிப்பு 
General,பொது
Download PDF,Pdf ஐ பதிவிறக்கவும்
General Awareness about Growth Monitoring of Children,குழந்தைகளின் வளர்ச்சி கண்காணிப்பு பற்றிய பொது விழிப்புணர்வு
General Awareness about preventing illness in Children,குழந்தைகளுக்கு ஏற்படும் நோய்களைத் தடுப்பது பற்றிய பொதுவான விழிப்புணர்வு
General Awareness for Pregnancy,கர்ப்பத்திற்கான பொது விழிப்புணர்வு
General Awareness on Module,மாட்யூல் பற்றிய பொது விழிப்புணர்வு
General Awareness on Anaemia,இரத்த சோகை குறித்த பொது விழிப்புணர்வு
General Awareness on SAM and MAM,SAM மற்றும் MAM பற்றிய பொது விழிப்புணர்வு
General Awareness on Mother Care,தாய் பராமரிப்பு பற்றிய பொது விழிப்புணர்வு
General Awareness on the Delivery of the child,குழந்தை பிரசவம் பற்றிய பொது விழிப்புணர்வு
Awareness for Pregnancy in Preventing Anemia,கர்ப்ப காலத்தில் இரத்த சோகை வராமல் தடுப்பது குறித்த விழிப்புணர்வு
Lactating Mothers,பாலூட்டும் தாய்மார்கள்
Awareness for Lactating Mother Complimentary Feeding for Children,பாலூட்டும் தாய்மார்களுக்கான விழிப்புணர்வு மற்றும் குழந்தைகளுக்கு துணை உணவு வழங்குதல் குறித்த 
Download PDF, **
Lactating Mothers, பாலூட்டும் தாய்மார்கள்
Awareness to Lactating Mother,பாலூட்டும் தாய்மார்களுக்கான விழிப்புணர்வு
"Awareness for Children Stunting, Wasting to prevent malnutrition in children",குழந்தைகளின் வளர்ச்சி குன்றியிருப்பதற்கான விழிப்புணர்வு மற்றும் குழந்தைகளின் ஊட்டச்சத்து குறைபாட்டை தடுப்பதற்கான விழிப்புணர்வு
Growth Monitoring Assessment Charts,வளர்ச்சி கண்காணிப்பு மதிப்பீட்டு விளக்கப்படங்கள்
Stunted Assessment Parameters,வளர்ச்சி குன்றிய மதிப்பீட்டு அளவுருக்கள்
Wasted Assessment Parameters,வீணான மதிப்பீட்டு அளவுருக்கள்
Underweight Assessment Parameters,குறைந்த எடை மதிப்பீட்டு அளவுருக்கள்
Manuals,கையேடுகள்
Poshan Tracker Process Flow,போஷன் டிராக்கர் செயல்முறை ஓட்டம்
Circulars/Notifications,சுற்றறிக்கைகள்/அறிவிப்புகள்
Clarification regarding Cost of Smart phones,ஸ்மார்ட் போன்களின் விலை பற்றிய விளக்கம்
Uploading of Data of Anganwadi Services Schemes in Poshan Tracker,போஷன் டிராக்கரில் அங்கன்வாடி சேவைகள் திட்டங்களின் தரவைப் பதிவேற்றுதல்
Data Plan for Mobile Application,மொபைல் பயன்பாட்டிற்கான மொபைல் டேட்டா திட்டங்கள்
Specifications of Smart phone and Technical Compatibility Testing,ஸ்மார்ட் ஃபோனின் விவரக்குறிப்புகள் மற்றும் தொழில்நுட்ப இணக்கத்தன்மை சோதனை
Training on ICT Platform under POSHAN Abhiyaan,போஷன் அபியான் கீழ் ICT பிளாட்ஃபார்மில் பயிற்சி
New Poshan Tracker App - CSC-SPV Nodal Person,புதிய போஷன் டிராக்கர் ஆப் - CSC-SPV நோடல் நபர்
New Poshan Tracker App,புதிய போஷன் டிராக்கர் ஆப்
Birth,பிறப்பு
Bacillus Calmette Guerin (BCG),பேசிலஸ் கால்மெட் குரின் (BCG)
Oral Polio Vaccine (OPV)-0 dose ,வாய்வழி போலியோ தடுப்பூசி (OPV)-0 அளவு 
Hepatitis B birth dose OPV-1 T,ஹெபடைடிஸ் பி பிறப்பு டோஸ் OPV-1 T
6 ,6 
Weeks,வாரங்கள்
OPV-1,OPV-1
Pentavalent-1,பெண்டாவலன்ட்-1
Rotavirus Vaccine (RVV)-1,ரோட்டா வைரஸ் தடுப்பூசி (RVV)-1
Fractional dose of Inactivated Polio Vaccine (fIPV)-1,செயலிழக்கச் செய்யப்பட்ட போலியோ தடுப்பூசி (fIPV)-1 பிரிவின் அளவு
Pneumococcal Conjugate Vaccine (PCV) -1,நிமோகாக்கல் கான்ஜுகேட் தடுப்பூசி (PCV) -1
OPV-2,OPV-2
Pentavalent-2,பெண்டாவலன்ட்-2
RVV-2,RVV-2
14 ,14 
OPV-3,OPV-3
Pentavalent-3,பெண்டாவலன்ட்-3
RVV-3,RVV-3
9 - 12 ,9 - 12 
Months,மாதங்கள்
Measles Containing vaccine (MCV)/Measles & Rubella (MR)-1,தட்டம்மை கொண்ட தடுப்பூசி (MCV)/தட்டம்மை & ரூபெல்லா (MR)-1
Japanese Encephalitis(JE)-1**,ஜப்பானிய மூளைக்காய்ச்சல்(JE)-1**
PCV-Booster,PCV-பூஸ்டர்
16 - 24 ,16 - 24 
Measles Containing vaccine (MCV)/MR-2,தட்டம்மை கொண்ட தடுப்பூசி (MCV)/MR-2
Diphtheria,தொண்டை அடைப்பான் நோய்
Pertussis & Tetanus (DPT)-Booster-1,பெர்டுசிஸ் & டெட்டனஸ் (DPT)-பூஸ்டர்-1
OPV –Booster,OPV - பூஸ்டர்
5 - 6 ,5 - 6 
Years,ஆண்டுகள்
DPT-Booster-2,DPT-பூஸ்டர்-2
"Td1, 2 or Td Booster***","Td1, 2 அல்லது Td பூஸ்டர்***"
Select State,மாநிலத்தைத் தேர்ந்தெடுக்கவும்
Select District,மாவட்டத்தைத் தேர்ந்தெடுக்கவும்
-,-
Login to your account,உங்கள் கணக்குக்குள் உள்நுழையவும்
User Name ,பயனர் பெயர் 
Password ,கடவுச்சொல்லை உள்ளிடவும் 
Login,உள்நுழையவும்
OPEN A NEW TICKET,புதிய டிக்கெட்டைத் திறக்கவும்
CHECK TICKET STATUS,டிக்கெட் நிலையை சரிபார்க்கவும்
Create a New Ticket,புதிய டிக்கெட்டை உருவாக்கவும்
Please fill in the form below to create a new ticket. Anganwadi Worker will reach out to you within 48 hours..,புதிய டிக்கெட்டை உருவாக்க கீழே உள்ள படிவத்தை நிரப்பவும். அங்கன்வாடி பணியாளர் 48 மணி நேரத்திற்குள் உங்களைத் தொடர்புகொள்வார்..
Beneficiary Category ,பயனாளிகள் வகை 
Select a Beneficiary Category,பயனாளர் வகையைத் தேர்ந்தெடுக்கவும்
Children (0-6 months),குழந்தைகள் (0-6 மாதங்கள்)
Children (6 months - 3 years),குழந்தைகள் (6 மாதங்கள் - 3 ஆண்டுகள்)
Children (3 - 6 years),குழந்தைகள் (3 - 6 ஆண்டுகள்)
Query Related to ,குவெரி ரிலேடெட் டு 
Select Query Related to,தொடர்பான கேள்வியைத் தேர்ந்தெடுக்கவும்
Supervisor,மேற்பார்வையாளர்
Help Topic ,ஹெல்ப் டாபிக் 
Description ,டிஸ்க்ரிப்ஷன் 
Select a Description,விவரிப்பைத் தேர்ந்தெடுக்கவும்
Name ,பெயர் 
Mobile Number ,மொபைல் நம்பர் 
Email,மின்னஞ்சல்
Having difficulty raising ticket?,டிக்கெட்டை உயர்த்துவதில் சிரமம் உள்ளது?
support-poshantrackr@gov.in,support-poshantrackr@gov.in
By District,மாவட்ட ரீதியாக
State ,மாநிலம் 
District ,மாவட்டம் 
Project ,திட்டம் 
Select Project,திட்டத்தைத் தேர்ந்தெடுக்கவும்
Sector ,பிரிவு 
Select Sector,பிரிவைத் தேர்ந்தெடுக்கவும்
Anganwadi Center ,அங்கன்வாடி மையம் 
Select An Anganwadi center,ஒரு அங்கன்வாடி மையத்தைத் தேர்ந்தெடுக்கவும்
Create Ticket,டிக்கட்டை உருவாக்கவும்
Reset,திரும்பவும் அமைக்கவும்
Can App be accessed without internet?,இணையம் இல்லாமல் அபிபி ஐ அணுக முடியுமா?
"App can be accessed offline, currently daily tracking feature is available for offline data entry. Offline mode can store latest 3 days data.","இல்லை, சரியான இணைய இணைப்பு இல்லாமல் பயன்பாடு செயல்படாது."
Who are the target userbase of Poshan Tracker App?,போஷன் டிராக்கர் பயன்பாட்டின் இலக்கு பயனர் தளம் யார்?
"Poshan Tracker App is meant for Aanganwadi workers, Anganwadi centers to enter beneficiaries data in the forms. It is not at all developed for general public.","போஷன் டிராக்கர் ஆப் என்பது ஆங்கன்வாடி தொழிலாளர்கள், அங்கன்வாடி மையங்கள் பயனாளிகளின் தரவை படிவங்களில் உள்ளிடுவதற்கானது. இது பொது மக்களுக்காக உருவாக்கப்படவில்லை."
How to Login in Poshan Tracker App?,போஷன் டிராக்கர் பயன்பாட்டில் உள்நுழைவது எப்படி?
"AWWs are requested to enter their mobile numbers in the Login screen. An OTP will be sent to your registered mobile number, post which you are required too set your MPIN.","அங்கன்வாடி ஊழியர்கள் உள்நுழைவுத் திரையில் தங்கள் மொபைல் எண்களை உள்ளிடுமாறு கேட்டுகொள்ளப்படுகின்றனர். உங்கள் பதிவுசெய்யப்பட்ட மொபைல் எண்ணுக்கு ஒரு OTP அனுப்பப்படும்,அதற்கு பிறகு உங்கள் எம்பின் ஐ அமைக்கவும்."
What is  MPIN?,எம்பின் என்றால் என்ன?
MPIN is a 4 digits passcode which is set by an Anganwadi worker while registering over the Poshan Tracker App.,"எம்பின் என்பது 4 இலக்க கடவுக்குறியீடாகும், இது போஷன் டிராக்கர் ஆப் இல் பதிவு செய்யும் போது ஒரு அங்கன்வாடி தொழிலாளியால் அமைக்கப்படுகிறது."
How to set MPIN?,எம்பின் அமைப்பது எப்படி?
"MPIN can be set by respective Anganwadi worker by requesting an OTP against his/her mobile number. If Mobile number is already present in the database, the respective Anganwadi person will receive 4 digits OTP on registered mobile number. Post entering the OTP, AWW can easily set customized MPIN.","அந்தந்த அங்கன்வாடி ஊழியரால் அவரது / அவள் மொபைல் எண்ணுக்கு எதிராக OTP கோருவதன் மூலம் எம்பின் ஐ அமைக்கலாம். மொபைல் எண் ஏற்கனவே தரவுத்தளத்தில் இருந்தால், அந்தந்த அங்கன்வாடி நபர் பதிவு செய்யப்பட்ட மொபைல் எண்ணில் 4 இலக்க OTP ஐப் பெறுவார். OTP க்குள் நுழைந்த பின், அங்கன்வாடி ஊழியர்கள் தனிப்பயனாக்கப்பட்ட எம்பின் ஐ எளிதாக அமைக்க முடியும்."
When and how to use MPIN?,"எம்பின் ஐ எப்போது, ​​எப்படிப் பயன்படுத்துவது?"
"While login to the Poshan Tracker App, AWWs are required to enter the MPIN set by them. This MPIN will act as a passcode to run the Poshan Tracker App and entering the information in the beneficiaries forms.","போஷன் ட்ராக்ஜெர் பயன்பாட்டில் உள்நுழையும்போது, அங்கன்வாடி ஊழியர்கள் அவர்கள் அமைத்த எம்பின் ஐ உள்ளிட வேண்டும். இந்த எம்பிநான்என் போஷன் டிராக்கர் பயன்பாட்டை இயக்குவதற்கான கடவுக்குறியீடாக செயல்படும் மற்றும் பயனாளிகளின் படிவங்களில் தகவல்களை உள்ளிடும்."
How to Reset MPIN?,எம்பின் ஐ மீட்டமைப்பது எப்படி?
"MPIN can be easily reset by any AWW/AWC user. You are required to click on Forgot MPIN, and enter your registered mobile number. You will receive and OTP on your registered mobile number and you can ealily reset your MPIN","எந்த அடபிள்யூடபிள்யூ / அடபிள்யூசி பயனரால் எம்பின் ஐ எளிதாக மீட்டமைக்க முடியும். மறந்துவிட்ட எம்பின் ஐக் கிளிக் செய்து, உங்கள் பதிவுசெய்த மொபைல் எண்ணை உள்ளிடவும். உங்கள் பதிவுசெய்யப்பட்ட மொபைல் எண்ணில் நீங்கள் பெறுவீர்கள் மற்றும் OTP பெறுவீர்கள், மேலும் உங்கள் எம்பின் ஐ நீங்கள் எளிதாக மீட்டமைக்கலாம்."
In How many languages the Poshan Tracker App is available?,போஷன் டிராக்கர் பயன்பாடு எத்தனை மொழிகளில் கிடைக்கிறது?
Poshan Tracker App is available in 22 different languages,போஷன் டிராக்கர் பயன்பாடு 22 வெவ்வேறு மொழிகளில் கிடைக்கிறது
The various languages available are:,கிடைக்கும் பல்வேறு மொழிகள்:
English,ஆங்கிலம்
Hindi,இந்தி
Gujarati,குஜராத்தி
Punjabi,பஞ்சாபி
Marathi,மராத்தி
Bangla,பங்களா
Kannada,கன்னடம்
Tamil,தமிழ்
Telugu,தெலுங்கு
Malyalam,மல்லியம்
Odia,ஒடியா
Assamese,அசாமி
Dogri,Dogri
Konkani,Konkani
Bodo,Bodo
In how many languages AWW can enter the data while filling up the form?,படிவத்தை நிரப்பும்போது அடபிள்யூடபிள்யூ அல்லது அடபிள்யூசி எத்தனை மொழிகளில் தரவை உள்ளிடலாம்?
There are limited fields for data entry. Name is required to be entered in English language and for other fields numeric values are required. Most of the features are provided in check boxes or with drop down selection menu. Reports to be updated.,அடபிள்யூடபிள்யூ படிவத்தை நிரப்புவதை ஆங்கில மொழியில் மட்டுமே செய்ய முடியும்.
How many different forms are there in Poshan Tracker App?,போஷன் டிராக்கர் பயன்பாட்டில் எத்தனை வெவ்வேறு வடிவங்கள் உள்ளன?
There are 7 different types of forms for beneficiaries. This includes:,பயனாளிகளுக்கு 7 வெவ்வேறு வகையான படிவங்கள் உள்ளன. இதில் பின்வருவன அடங்கும்:
Lactating mother,பாலூட்டும் தாய்
Pregnant women,கர்ப்பிணி பெண்கள்
Child 0-6 Months,குழந்தை 0-6 மாதங்கள்
Child 6 Months to 3 Years,குழந்தை 6 மாதங்கள் முதல் 3 வயது வரை
Child  3 Years to 6 Years,குழந்தை 3 வயது முதல் 6 வயது வரை
Adolescent Girls (11 Years-19 Years),இளம் பருவ பெண்கள் (11 வயது -19 ஆண்டுகள்)
What information to be added in AWC forms?,அடபிள்யூசி படிவங்களில் என்ன தகவல் சேர்க்கப்பட வேண்டும்?
"AWW are required to enter details related to infrastructure present in a particular Anganwadi centre. This includes structure, basic amenities, facilities, sanitization, drinking water etc.","ஒரு குறிப்பிட்ட அங்கன்வாடி மையத்தில் இருக்கும் உள்கட்டமைப்பு தொடர்பான விவரங்களை அடபிள்யூடபிள்யூ உள்ளிட வேண்டும். இதில் கட்டமைப்பு, அடிப்படை வசதிகள், வசதிகள், சுத்திகரிப்பு, குடிநீர் போன்றவை அடங்கும்."
How AWWS can sign up on the app if they are unable to register via their mobile numbers?,"மொபைல் மொபைல் எண்கள் வழியாக பதிவு செய்ய முடியாவிட்டால், அங்கன்வாடி ஊழியர்கள் பயன்பாட்டில் எவ்வாறு பதிவுபெற முடியும்?"
In case AWW is unsuccessful in registering themselves there might be 2 possibilities:,அங்கன்வாடிஊழியர்கள் தங்களை பதிவு செய்ய முடியாமைக்கு இரண்டு காரணங்கள்: 
Their mobile number is not present in the data provided by the states to the MoWCD,மோடபிள்யூசிடி க்கு மாநிலங்கள் வழங்கிய தரவுகளில் அவற்றின் மொபைல் எண் இல்லை
They are newly added to the system and their mobile number is not yet provided by the state cell to the MoWCD.,"அவை கணினியில் புதிதாக சேர்க்கப்பட்டுள்ளன, அவற்றின் மொபைல் எண் இன்னும் மாநில கலத்தால் மோடபிள்யூசிடி க்கு வழங்கப்படவில்லை."
In both the above cases state nodal officers are empowered to add/ edit/Activate/Deactivate any of the AWW.,மேற்கூறிய இரண்டு நிகழ்வுகளிலும் அடபிள்யூடபிள்யூ ஐ சேர்க்க / திருத்த / செயல்படுத்த / செயலிழக்க மாநில நோடல் அதிகாரிகளுக்கு அதிகாரம் உண்டு.
How can one access Poshan Tracker Dashboard?,போஷன் டிராக்கர் டாஷ்போர்டை ஒருவர் எவ்வாறு அணுக முடியும்?
Poshan Tracker Dashboard can be accessed by signing onto the dashboard. Dashboard can be accessed by clicking the link ,டாஷ்போர்டில் கையொப்பமிடுவதன் மூலம் போஷன் டிராக்கர் டாஷ்போர்டை அணுகலாம். 
" Only nominated Nodal level officials at National, State, District, Project and Sector level are provided with a unique credentials to access the dashboard."," என்ற இணைப்பைக் கிளிக் செய்வதன் மூலம் டாஷ்போர்டை அணுக முடியும், தேசிய, மாநில, மாவட்ட, திட்டம் மற்றும் துறை மட்டத்தில் பரிந்துரைக்கப்பட்ட நோடல் நிலை அதிகாரிகள் மட்டுமே டாஷ்போர்டை அணுக ஒரு தனித்துவமான நற்சான்றிதழ்களுடன் வழங்கப்படுகிறார்கள்."
How one can add AWW/AWCs?,ஒருவர் அடபிள்யூடபிள்யூ / அடபிள்யூசி ஐ எவ்வாறு சேர்க்க முடியும்?
AWW/AWCs can only be added by nodal level official. Anybody in the above rank in the hierarchy.,"அடபிள்யூடபிள்யூ / அடபிள்யூசி களை நோடல் நிலை அதிகாரியால் மட்டுமே சேர்க்க முடியும். வரிசைக்கு மேலே உள்ள எவரும். தேசிய அளவிலான பயனர் மாநில, மாவட்டம், திட்டம் மற்றும் துறை அளவிலான பயனர்களை உருவாக்க முடியும். மாநில அளவிலான பயனர் மாவட்ட, திட்ட மற்றும் துறை அளவிலான பயனர்களை உருவாக்க முடியும், மாவட்ட அளவிலான பயனர் திட்ட மற்றும் துறை மட்ட பயனரை உருவாக்க முடியும், திட்ட அளவிலான பயனர் துறை அளவிலான பயனர்.காவை உருவாக்க முடியும்."
How many different types of reports can be generated over Poshan Tracker Dashboard?,போஷன் டிராக்கர் டாஷ்போர்டில் எத்தனை வகையான அறிக்கைகளை உருவாக்க முடியும்?
There are various reports that can be generated from,இதிலிருந்து உருவாக்கக்கூடிய பல்வேறு அறிக்கைகள் உள்ளன
General Reports:,பொது அறிக்கைகள்:
Number of app  downloads,பயன்பாட்டு பதிவிறக்கங்களின் எண்ணிக்கை
Total number of Anganwadi centers registered,பதிவு செய்யபட்ட அங்கன்வாடி மையங்களின் எண்ணிக்கை
Total number of beneficiaries registered (National/state/district/block wise),பதிவுசெய்யப்பட்ட மொத்த பயனாளிகளின் எண்ணிக்கை (தேசிய / மாநில / மாவட்டம் / தொகுதி வாரியாக)
Total Number of pregnant women registered(National/state/district/block wise),பதிவுசெய்யப்பட்ட கர்ப்பிணிப் பெண்களின் மொத்த எண்ணிக்கை (தேசிய / மாநில / மாவட்டம் / தொகுதி வாரியாக)
Total Number of  lactating mothers registered(National/state/district/block wise),பதிவுசெய்த பாலூட்டும் தாய்மார்களின் மொத்த எண்ணிக்கை (தேசிய / மாநில / மாவட்டம் / தொகுதி வாரியாக)
Total Number of children (0-6months) registered(National/state/district/block wise),பதிவுசெய்யப்பட்ட மொத்த குழந்தைகளின் எண்ணிக்கை (0-6 மாதங்கள்) (தேசிய / மாநில / மாவட்டம் / தொகுதி வாரியாக)
Total Number of children (6months-3years) registered(National/state/district/ block wise),பதிவுசெய்யப்பட்ட மொத்த குழந்தைகளின் எண்ணிக்கை (6 மாதங்கள் -3 ஆண்டுகள்) பதிவுசெய்யப்பட்டது (தேசிய / மாநில / மாவட்டம் / தொகுதி வாரியாக)
Total Number of children (3-6years) registered(National/state/district/ block wise),பதிவுசெய்யப்பட்ட மொத்த குழந்தைகளின் எண்ணிக்கை (3-6 வயது) பதிவுசெய்யப்பட்டது (தேசிய / மாநில / மாவட்டம் / தொகுதி வாரியாக)
Maternal and child nutrition:,தாய் மற்றும் குழந்தை ஊட்டச்சத்து:
How many beneficiaries got THR in 21 days,21 நாட்களில் எத்தனை பயனாளிகளுக்கு THR கிடைத்தது
How many children breastfed exclusively in the first hour after delivery,பிரசவத்திற்குப் பிறகு குறிப்பாக முதல் ஒரு மணிநேரத்தில் எத்தனை குழந்தைகள் தாய்ப்பால் அருந்தினர்
How many lactating mothers are given HCM,பாலூட்டும் தாய்மார்களில் எத்தனை பேருக்கு எச்.சி.எம் கொடுக்கப்பட்டது.
Average level of calcium in children aged 3-6 years,பிரசவத்திற்குப் பிறகு குறிப்பாக முதல் ஒரு மணிநேரத்தில் எத்தனை குழந்தைகள் தாய்ப்பால் அருந்தினர்
Average level of iron in children aged 3-6years,3-6 வயது குழந்தைகளில் கால்சியத்தின் சராசரி நிலை
"Total number of vaccinations administered per month (block, district, state, national level)",3-6 வயது குழந்தைகளில் இரும்பின் சராசரி நிலை
Vaccinations specific report administered per month (BCG/OPV/Hepatitis B/Rotavirus/Polio/Pneumococcal/Pentavalent,"ஒரு மாதத்தில் போடப்பட்ட தடுப்பூசி (தொகுதி, மாவட்டம், மாநிலம், தேசிய அளவில்)"
AWC infrastructure:,செலுத்தப்பட்ட குறிப்பிட்ட தடுப்பூசிகளின் அறிக்கை மாதம்தோறும் (பி.சி.ஜி / ஓ.பி.வி / ஹெபடைடிஸ் பி / ரோட்டா வைரஸ் / போலியோ / நியூமோகாக்கல் / பென்டாவலண்ட்)
"Number of AWCs (block, district, state, national level)",அடபிள்யூசி உள்கட்டமைப்பு:
"Total number of Balvatikas (block district, state, national level)","அடபிள்யூசி களின் எண்ணிக்கை (தொகுதி, மாவட்டம், மாநிலம், தேசிய அளவில்)"
"Total number of AWCs (block, district, state, national level) with clean drinking water","பால்வதிகாக்களின் மொத்த எண்ணிக்கை (தொகுதி மாவட்டம், மாநிலம், தேசிய அளவில்)"
"Total number of AWCs (block, district, state, national level) with working weighing scale","சுத்தமான குடிநீருடன் அங்கன்வாடி மையங்களின் மொத்த எண்ணிக்கை (தொகுதி, மாவட்டம், மாநிலம், தேசிய அளவில்)"
"Total number of AWCs (block, district, state, national level) with electricity","வேலை செய்யும் எடை கருவியுடன் உள்ள மொத்த அங்கன்வாடி மையங்களின் எண்ணிக்கை (தொகுதி, மாவட்டம், மாநிலம், தேசிய நிலை)"
Total number of AWCs that are government owned,"மின்சார இணைப்புடன் கூடிய மொத்த அங்கன்வாடிகளின் எண்ணிக்கை (தொகுதி, மாவட்டம், மாநிலம், தேசிய அளவில்)"
Total number of AWCs that are privately owned,அரசாங்கத்திற்கு சொந்தம அங்கன்வாடிகளின் மொத்த எண்ணிக்கை
How to contact Poshan Tracker Team?,தனியாருக்குச் சொந்தமான அடபிள்யூசி களின் மொத்த எண்ணிக்கை
Poshan Tracker Team can be contacted by sending emails at support-poshantrackr@gov.in. For handholding and support we are also available over Video Conference each day 4:15 PM to 5:15 PM.,போஷான் டிராக்கர் குழுவை support-poshantrackr@gov.in இல் மின்னஞ்சல்களை அனுப்புவதன் மூலம் தொடர்பு கொள்ளலாம். கையிருப்பு மற்றும் ஆதரவுக்காக ஒவ்வொரு நாளும் பிற்பகல் 4:15 மணி முதல் மாலை 5:15 மணி வரை வீடியோ மாநாட்டிலும் கிடைக்கிறோம்.
What is Poshan Calculator,போஷன் கால்குலேட்டர் என்றால் என்ன
Poshan Calculator helps to identify various health conditions of the child as per World Health Organization (WHO) standards.,உலக சுகாதார அமைப்பின் (WHO) தரநிலைகளின்படி குழந்தையின் பல்வேறு சுகாதார நிலைமைகளை கண்டறிய போஷன் கால்குலேட்டர் உதவுகிறது.
WHO standards are :,WHO தரநிலைகள் :
Stunting ( Height for Age)- ,ஸ்டண்டிங் (வயதுக்கு ஏற்ற உயரம்)- 
0 months to 6 years,0 மாதங்கள் முதல் 6 வயது வரை
Severely Stunted,மிகவும் வளர்ச்சி குன்றிய
Moderately stunted,மிதமான வளர்ச்சி குன்றியது
Normal,இயல்பான
Underweight (Weight for Age)- ,குறைந்த எடை (வயதுக்கு ஏற்ற எடை)- 
Severely Underweight,கடுமையான எடை குறைவு
Moderately Underweight,ஓரளவு எடை குறைவு
Wasting (Weight for Height)- ,விரயம் (உயரத்திற்க்கான எடை)- 
0 months to 5 years,0 மாதங்கள் முதல் 5 வயது வரை
Severely Wasted (SAM),கடுமையான ஊட்டச்சத்து குறைபாடு (SAM)
Moderately Wasted (MAM),மிதமான ஊட்டச்சத்து குறைபாடு (MAM)
Overweight,அதிக எடை
Obese,உடல் பருமன்
Above standards are defined as per given above mentioned age brackets,மேலே குறிப்பிடப்பட்ட தரநிலைகள் வயது வரம்புகளின்படி வரையறுக்கப்பட்டுள்ளன
About Reference tables,குறிப்பு அட்டவணைகள் பற்றி
The WHO Multicentre Growth Reference Study (MGRS) was undertakenbetween 1997 and 2003 to generate new growth curves for assessing the growth and development of infants and young children around the world.,உலகெங்கிலும் உள்ள கைக்குழந்தைகள் மற்றும் சிறு குழந்தைகளின் வளர்ச்சி மற்றும் வளர்ச்சியை மதிப்பிடுவதற்கான புதிய வளர்ச்சி வளைவுகளை உருவாக்க 1997 மற்றும் 2003 க்கு இடையில் WHO மல்டிசென்டர் க்ரோத் ரெஃபரன்ஸ் ஸ்டடி (MGRS) மேற்கொள்ளப்பட்டது.
"The MGRS collected primary growth data and related information from approximately 8500 children from widely different ethnic backgrounds and cultural settings (Brazil, Ghana, India, Norway, Oman and the USA).","MGRS ஆனது பல்வேறு இனப் பின்னணிகள் மற்றும் கலாச்சார அமைப்புகளைச் சேர்ந்த (பிரேசில், கானா, இந்தியா, நார்வே, ஓமன் மற்றும் அமெரிக்கா) சுமார் 8500 குழந்தைகளிடமிருந்து முதன்மை வளர்ச்சித் தரவு மற்றும் தொடர்புடைய தகவல்களைச் சேகரித்தது."
The new growth curves are expected to provide a single international standard that represents the best description of physiological growth for all children from birth to five years of age and to establish the breastfed infant as the normative model for growth and development.,புதிய வளர்ச்சி வளைவுகள் பிறப்பு முதல் ஐந்து வயது வரை உள்ள அனைத்து குழந்தைகளுக்கும் உடலியல் வளர்ச்சியின் சிறந்த விளக்கத்தை பிரதிபலிக்கும் ஒரு சர்வதேச தரத்தை வழங்கும் மற்றும் தாய்ப்பால் கொடுக்கும் குழந்தை வளர்ச்சிக்கான நெறிமுறை மாதிரியாக நிறுவப்படும் என்று எதிர்பார்க்கப்படுகிறது.
How to revive your Health?,உங்கள் ஆரோக்கியத்தை எவ்வாறு மீட்டெடுப்பது?
How to revive your health if you are Severely Wasted (SAM),நீங்கள் கடுமையான ஊட்டச்சத்து குறைபாடு உள்ளவராக இருந்தால் (SAM) உங்கள் ஆரோக்கியத்தை எவ்வாறு மீட்டெடுப்பது
How to revive your health if you are Moderately Wasted (MAM),நீங்கள் மிதமான ஊட்டச்சத்து குறைபாடு உள்ளவராக இருந்தால் (MAM) உங்கள் ஆரோக்கியத்தை எவ்வாறு மீட்டெடுப்பது
How to revive your health if you are Underweight,நீங்கள் எடை குறைவாக இருந்தால் உங்கள் ஆரோக்கியத்தை எவ்வாறு மீட்டெடுப்பது
Check Ticket Status,டிக்கெட் நிலையை சரிபார்க்கவும்
Please provide your mobile number and a ticket number.,உங்கள் மொபைல் எண் மற்றும் டிக்கெட் நம்பரை வழங்கவும்.
Mobile ,மொபைல் 
Ticket Number ,டிக்கெட் நம்பர் 
View Ticket,டிக்கெட்டைப் பார்க்க
Average level of iron in children aged 3-6years,3-6 வயது குழந்தைகளில் இரும்பின் சராசரி நிலை
"Total number of vaccinations administered per month (block, district, state, national level)","ஒரு மாதத்தில் போடப்பட்ட தடுப்பூசி (தொகுதி, மாவட்டம், மாநிலம், தேசிய அளவில்)"
Vaccinations specific report administered per month (BCG/OPV/Hepatitis B/Rotavirus/Polio/Pneumococcal/Pentavalent,செலுத்தப்பட்ட குறிப்பிட்ட தடுப்பூசிகளின் அறிக்கை மாதம்தோறும் (பி.சி.ஜி / ஓ.பி.வி / ஹெபடைடிஸ் பி / ரோட்டா வைரஸ் / போலியோ / நியூமோகாக்கல் / பென்டாவலண்ட்)
AWC infrastructure:,அடபிள்யூசி உள்கட்டமைப்பு:
"Number of AWCs (block, district, state, national level)","அடபிள்யூசி களின் எண்ணிக்கை (தொகுதி, மாவட்டம், மாநிலம், தேசிய அளவில்)"
"Total number of Balvatikas (block district, state, national level)","பால்வதிகாக்களின் மொத்த எண்ணிக்கை (தொகுதி மாவட்டம், மாநிலம், தேசிய அளவில்)"
"Total number of AWCs (block, district, state, national level) with clean drinking water","சுத்தமான குடிநீருடன் அங்கன்வாடி மையங்களின் மொத்த எண்ணிக்கை (தொகுதி, மாவட்டம், மாநிலம், தேசிய அளவில்)"
"Total number of AWCs (block, district, state, national level) with working weighing scale","வேலை செய்யும் எடை கருவியுடன் உள்ள மொத்த அங்கன்வாடி மையங்களின் எண்ணிக்கை (தொகுதி, மாவட்டம், மாநிலம், தேசிய நிலை)"
"Total number of AWCs (block, district, state, national level) with electricity","மின்சார இணைப்புடன் கூடிய மொத்த அங்கன்வாடிகளின் எண்ணிக்கை (தொகுதி, மாவட்டம், மாநிலம், தேசிய அளவில்)"
Total number of AWCs that are government owned,அரசாங்கத்திற்கு சொந்தம அங்கன்வாடிகளின் மொத்த எண்ணிக்கை
Total number of AWCs that are privately owned,தனியாருக்குச் சொந்தமான அடபிள்யூசி களின் மொத்த எண்ணிக்கை
How to contact Poshan Tracker Team?,போஷன் டிராக்கர் குழுவை எவ்வாறு தொடர்பு கொள்வது?
Welcome! The following are the Terms of Service (“Terms”) that govern your use of the Poshan Tracker Platform hosted at ,நன்றி! பின்வருபவை 
", and all associated sites linked to it, its subsidiaries, and affiliates (collectively, the “Site”)."," இல் ஹோஸ்ட் செய்யப்பட்ட போஷன் டிராக்கர் பிளாட்ஃபார்ம் மற்றும் இணைக்கப்பட்ட அனைத்து தளங்களும் அதன் நிறுவனங்கள் மற்றும் துணை நிறுவனங்கள் (ஒட்டுமொத்தமாக, ""தளம்"") உங்கள் பயன்பாட்டை நிர்வகிக்கும் சேவை விதிமுறைகள் (“விதிமுறைகள்”)."
I. OWNERSHIP,I. உரிமை
"The Site and all data, text, designs, pages, print screens, images, artwork, photographs, audio and video clips, HTML code, source code, or software that reside or are viewable or otherwise discoverable on the Site, and all participants booked from the Site, (collectively, termed as the “Content”) are owned by Ministry of Women and Child Development and their authorised service providers.","தளம் மற்றும் அனைத்து தரவு, உரை, வடிவமைப்புகள், பக்கங்கள், அச்சுத் திரைகள், படங்கள், கலைப்படைப்புகள், புகைப்படங்கள், ஆடியோ மற்றும் வீடியோ கிளிப்புகள், HTML குறியீடு, மூலக் குறியீடு அல்லது தளத்தில் வசிக்கும் அல்லது பார்க்கக்கூடிய அல்லது வேறுவிதமாகக் கண்டறியக்கூடிய மென்பொருள், மற்றும் தளத்தில் இருந்து முன்பதிவு செய்துள்ள அனைத்து பங்கேற்பாளர்களும், (ஒட்டுமொத்தமாக, ""உள்ளடக்கம்"" என அழைக்கப்படுகிறது) பெண்கள் மற்றும் குழந்தைகள் மேம்பாட்டு அமைச்சகம் மற்றும் அவர்களின் அங்கீகரிக்கப்பட்ட சேவை வழங்குநர்களுக்கு சொந்தமானது."
II. CONSENT,II. சம்மதம்
"Our Privacy Policy, Open API Policy and any other policies, rules or guidelines that may be applicable to particular offers or features on the Site are incorporated in these Terms. By visiting or using the Site, you expressly agree to these Terms, as updated from time to time.","எங்கள் தனியுரிமைக் கொள்கை, API கொள்கை மற்றும் தளத்தில் உள்ள குறிப்பிட்ட சலுகைகள் அல்லது அம்சங்களுக்குப் பொருந்தக்கூடிய பிற கொள்கைகள், விதிகள் அல்லது வழிகாட்டுதல்கள் இந்த விதிமுறைகளில் இணைக்கப்பட்டுள்ளன. தளத்தைப் பார்வையிடுவதன் மூலம் அல்லது பயன்படுத்துவதன் மூலம், அவ்வப்போது புதுப்பிக்கப்படும் இந்த விதிமுறைகளை நீங்கள் வெளிப்படையாக ஒப்புக்கொள்கிறீர்கள்."
"If you do not agree with any part of these terms, do not use the site. You may not use the Site in any manner and may not accept the Terms if you are not of legal age to form a binding contract.","இந்த விதிமுறைகளில் ஏதேனும் ஒரு பகுதியை நீங்கள் ஏற்கவில்லை என்றால், தளத்தைப் பயன்படுத்த வேண்டாம். நீங்கள் எந்த வகையிலும் தளத்தைப் பயன்படுத்தக்கூடாது மற்றும் பிணைப்பு ஒப்பந்தத்தை உருவாக்குவதற்கு நீங்கள் சட்டப்பூர்வ வயதுடையவராக இல்லாவிட்டால் விதிமுறைகளை ஏற்க முடியாது."
III. NOTICE REGARDING FUTURE CHANGES TO TERMS:,III. விதிமுறைகளில் எதிர்கால மாற்றங்கள் குறித்த அறிவிப்பு:
"We reserve the unconditional right to change, modify, add, or remove any part of these Terms at any time, without specifically notifying you of such changes. Any changes or updates will be effective immediately. You take the responsibility to check these Terms of Use periodically for changes. Your continued use of the platform post such revision shall constitute acceptance of the modified Terms.","மாற்றங்களை உங்களுக்குத் தெரிவிக்காமல், எந்த நேரத்திலும் இந்த விதிமுறைகளின் எந்தப் பகுதியையும் மாற்ற, திருத்த, சேர்க்க அல்லது அகற்ற நிபந்தனையற்ற உரிமையை நாங்கள் வைத்திருக்கிறோம். ஏதேனும் மாற்றங்கள் அல்லது புதுப்பிப்புகள் செய்யப்பட்டால் அவை உடனடியாக நடைமுறைக்கு வரும். இந்த பயன்பாட்டு விதிமுறைகளை மாறுதல்களை அவ்வப்போது சரிபார்ப்பது உங்களுடைய பொறுப்பு. அத்தகைய திருத்தத்திற்குப் பிறகு நீங்கள் இயங்குதளத்தைத் தொடர்ந்து பயன்படுத்துவது, மாற்றியமைக்கப்பட்ட விதிமுறைகளை ஏற்றுக்கொள்வதாக அமையும்."
IV. ACCOUNT REGISTRATION,IV. கணக்கு பதிவு
"You may browse the Site without registering for an account. You will be required to register for an account with your mobile number, if you intent to use certain features or services offered by the Site.","நீங்கள் ஒரு கணக்கிற்கு பதிவு செய்யாமல் தளத்தில் உலாவலாம். தளம் வழங்கும் சில அம்சங்கள் அல்லது சேவைகளைப் பயன்படுத்த நீங்கள் விரும்பினால், உங்கள் மொபைல் எண்ணுடன் ஒரு கணக்கைப் பதிவு செய்ய வேண்டும்."
"By acceptance of these Terms, you expressly agree to authorize us to use your identity information (including Aadhaar details) and also of all the other members registered in your account.","இந்த விதிமுறைகளை ஏற்றுக்கொள்வதன் மூலம், உங்களின் அடையாளத் தகவலையும் (ஆதார் விவரங்கள் உட்பட) மற்றும் உங்கள் கணக்கில் பதிவுசெய்யப்பட்ட மற்ற அனைத்து உறுப்பினர்களின் அடையாளத் தகவலையும் நாங்கள் பயன்படுத்துவதற்கு நீங்கள் வெளிப்படையாக ஒப்புக்கொள்கிறீர்கள்."
You are solely responsible for maintaining the confidentiality of your personal information and registration and all activities that might result from you failing from keeping this information secure. Your registration or mobile number shall be kept confidential,உங்கள் தனிப்பட்ட தகவல்கள் மற்றும் பதிவுகளைப் பாதுகாப்பாக வைத்திருக்கத் தவறியதன் விளைவாக ஏற்படக்கூடிய அனைத்து நடவடிக்கைகளின் இரகசியத்தன்மையைப் பேணுவதற்கு நீங்கள் மட்டுமே பொறுப்பு. உங்கள் பதிவு அல்லது மொபைல் எண் ரகசியமாக வைக்கப்படும்
You undertake that:,நான் மேற்கொள்வது:
You have obtained consent from the concerned individuals for creating their records through your account.,உங்கள் கணக்கு மூலம் சம்பந்தப்பட்ட நபர்களிடமிருந்து அவர்களின் பதிவுகளை உருவாக்குவதற்கு நீங்கள் அவர்களிடம் ஒப்புதல் பெற்றுள்ளீர்கள்.
Your account or mobile number shall not include the name of another person with the intent to impersonate that person.,உங்கள் கணக்கு அல்லது மொபைல் எண்ணில் அந்த நபரைப் போல் ஆள்மாறாட்டம் செய்யும் நோக்கத்துடன் மற்றொரு நபரின் பெயர் இடம்பெறக்கூடாது.
You shall not use another user's account without their permission.,மற்றொரு பயனரின் அனுமதியின்றி நீங்கள் அவர்களுடைய கணக்கைப் பயன்படுத்தக் கூடாது.
"You shall immediately notify us in writing, if you discover any unauthorized use of your account or other account-related security breach. If we receive a complaint that your account violates someone else's rights, or violates our policies we may cancel or block your account.","உங்கள் கணக்கின் அங்கீகரிக்கப்படாத பயன்பாடு அல்லது கணக்கு தொடர்பான பாதுகாப்பு மீறல் ஏதேனும் இருந்தால், உடனடியாக எங்களுக்கு எழுத்துப்பூர்வமாகத் தெரிவிக்க வேண்டும். உங்கள் கணக்கு வேறொருவரின் உரிமைகளை மீறுகிறது அல்லது எங்கள் கொள்கைகளை மீறுகிறது என்ற புகாரை நாங்கள் பெற்றால் உங்கள் கணக்கை நாங்கள் ரத்து செய்வோம்."
"You shall not attempt to conceal your identity by using multiple Internet Protocol addresses or mobile no, or by any other means, to register participants on the Site","பல இணைய நெறிமுறை முகவரிகள் அல்லது மொபைல் எண்ணைப் பயன்படுத்தி உங்கள் அடையாளத்தை மறைக்க முயற்சிக்காதீர்கள் அல்லது வேறு எந்த வழியிலும், பங்கேற்பாளர்களை தளத்தில் பதிவு செய்ய வேண்டாம்"
V. ACCESS PERMISSIONS,V. அணுகல் அனுமதிகள்
You will only access (or attempt to access) the Site by the means described in the Documentation and will comply with the terms and conditions of this Agreement.,ஆவணத்தில் விவரிக்கப்பட்டுள்ள வழிமுறைகளின் மூலம் மட்டுமே நீங்கள் தளத்தை அணுகுவீர்கள் (அல்லது அணுக முயற்சிப்பீர்கள்) மேலும் இந்த ஒப்பந்தத்தின் விதிமுறைகள் மற்றும் நிபந்தனைகளுக்கு இணங்குவீர்கள்.
"You will comply with all Central and State laws, rules and regulations applicable to you and your use of the Site and affecting any third-party rights.","எந்த மூன்றாம் தரப்பு உரிமைகளையும் பாதிக்காமல் உங்களுக்கும் உங்கள் தளத்தைப் பயன்படுத்துவதற்கும் பொருந்தக்கூடிய அனைத்து மத்திய மற்றும் மாநில சட்டங்கள், விதிகள் மற்றும் ஒழுங்குமுறைகளுக்கு நீங்கள் இணங்குவீர்கள்."
VI. ACCESS RESTRICTIONS,VI. அணுகல் கட்டுப்பாடுகள்
"You shall not, either on your own or through any other person:",நீங்கள் சொந்தமாகவோ அல்லது வேறு எந்த நபர் மூலமாகவோ செய்யக்கூடாது:
Restrict or inhibit any other person from using the Site,தளத்தைப் பயன்படுத்துவதற்கு நீங்கள் வேறு யாரையும் கட்டுப்படுத்தவோ அல்லது தடுக்கவோ கூடாது
Use the Site for any unlawful purpose,எந்தவொரு சட்டவிரோத நோக்கத்திற்காகவும் தளத்தைப் பயன்படுத்தக்கூடாது
"Express or imply that any statements you make are endorsed by us, without our prior written consent",எங்களின் முன் எழுத்துப்பூர்வ அனுமதியின்றி நீங்கள் வெளியிடும் எந்தவொரு அறிக்கையும் எங்களால் அங்கீகரிக்கப்பட்டவை என்பதை நீங்கள் வெளிப்படுத்தவோ அல்லது குறிக்கவோ கூடாது
"Impersonate any person or entity, whether actual or fictitious",உண்மையான அல்லது கற்பனையான எந்தவொரு நபராகவோ அல்லது நிறுவனமாகவோ ஆள்மாறாட்டம் செய்யக்கூடாது
Engage in spamming or flooding,ஸ்பேமிங் அல்லது வெள்ளத்தில் ஈடுபடக்கூடாது
Harvest or collect information about Site users,தள பயனர்கள் பற்றிய தகவல்களை நீங்கள் சேகரிக்கக்கூடாது
Open multiple accounts for yourself or any other individual using multiple mobile numbers,பல மொபைல் எண்களைப் பயன்படுத்தி உங்களுக்கோ அல்லது வேறு எந்த நபருக்கோ பல கணக்குகளைத் திறக்கக் கூடாது
"Submit any software or other materials that contain any viruses, worms, Trojan horses, defects, date bombs, time bombs or other items of destructive nature","வைரஸ்கள், ட்ரோஜன் ஹார்ஸ்கள், குறைபாடுகள், தேதி வெடிகுண்டுகள், நேர குண்டுகள் அல்லது அழிவுகரமான பிற பொருட்களைக் கொண்ட எந்தவொரு மென்பொருளையும் அல்லது பிற பொருட்களையும் நீங்கள் சமர்ப்பிக்கக்கூடாது"
"Manipulate identifiers, including by forging headers, in order to disguise the origin of any posting that you submit","நீங்கள் சமர்ப்பிக்கும் எந்தவொரு இடுகையின் மூலத்தையும் மறைப்பதற்காக, போலி தலைப்புகள் உட்பட அடையாளங்காட்டிகளைக் கையாளக் கூடாது"
Link to any portion of the Site other than the URL assigned to the home page of the Site,"தளத்தின் முகப்புப் பக்கத்திற்கு ஒதுக்கப்பட்ட URL ஐத் தவிர, தளத்தின் எந்தப் பகுதியையும் நீங்கள் இணைக்கக் கூடாது"
“Frame” or “Mirror” any part of the Site,"நீங்கள் தளத்தின் எந்தப் பகுதியையும் ""பிரேம்"" அல்லது ""மிரர்"" செய்யக்கூடாது"
"Modify, adapt, sub-license, translate, sell, reverse engineer, decompile or disassemble any portion of the Site, or otherwise attempt to derive any source code or underlying ideas or algorithms of any part of the Content","தளத்தின் எந்தப் பகுதியையும் மாற்றவோ, திருத்தவோ, துணை உரிமம் பெறவோ, மொழிபெயர்க்கவோ, விற்கவோ, தலைகீழ் பொறியியலாளரோ, சிதைக்கவோ அல்லது பிரிக்கவோ கூடாது, அல்லது உள்ளடக்கத்தின் எந்தப் பகுதியின் மூலக் குறியீடு அல்லது அடிப்படை யோசனைகள் அல்லது வழிமுறைகளைப் பெற முயற்சிக்கவும் கூடாது"
"Remove any copyright, trademark or other proprietary rights notices contained on the Site","தளத்தில் உள்ள எந்தவொரு பதிப்புரிமை, வர்த்தக முத்திரை அல்லது பிற தனியுரிம உரிமை அறிவிப்புகளை நீங்கள் அகற்றக்கூடாது"
"Use any computer program, bot, robot, spider, offline reader, site search/retrieval application or other manual or automatic device, tool, or process to retrieve, index, data mine, or in any way reproduce or circumvent the security structure, navigational structure, or presentation of the Content or the Site, including with respect to any CAPTCHA displayed on the Site.","எந்தவொரு கணினி நிரல், போட், ரோபோ, ஸ்பைடர், ஆஃப்லைன் ரீடர், தளத் தேடல்/மீட்டெடுக்கும் பயன்பாடு அல்லது பிற கையேடு அல்லது தானியங்கி சாதனம், கருவி அல்லது செயல்முறையை மீட்டெடுக்க, தளத்தில் காட்டப்படும் எந்த CAPTCHA உட்பட உள்ளடக்கம் அல்லது தளத்தின் கட்டமைப்பு, வழிசெலுத்தல் அமைப்பு அல்லது விளக்கக்காட்சி, குறியீட்டு, தரவுச் சுரங்கம் அல்லது எந்த வகையிலும் பாதுகாப்பை மீண்டும் உருவாக்கவோ அல்லது தவிர்க்கவோ நீங்கள் பயன்படுத்தக்கூடாது."
Use any automated software or computer system to search for or book appointment including sending information from your computer to another computer where such software or system is active,அத்தகைய மென்பொருள் அல்லது சிஸ்டம் செயலில் உள்ள மற்றொரு கணினிக்கு உங்கள் கணினியில் இருந்து தகவலை அனுப்புவது உட்பட எந்த ஒரு தானியங்கி மென்பொருள் அல்லது கணினி அமைப்பைத் தேட அல்லது முன்பதிவு செய்ய நீங்கள் பயன்படுத்தக்கூடாது
Take any action that imposes or may impose (in our sole discretion) an unreasonable or disproportionately large load on our infrastructure.,எங்கள் உள்கட்டமைப்பில் நியாயமற்ற அல்லது விகிதாசாரமாக பெரிய சுமையை (எங்கள் சொந்த விருப்பப்படி) சுமத்தும் எந்த நடவடிக்கையையும் நீங்கள் எடுக்கக்கூடாது.
"Use the Site or Reproduce, modify, display, publicly perform, distribute or create derivative works of the Site or the Content","நீங்கள் தளத்தைப் பயன்படுத்தவோ, மறுஉருவாக்கம் செய்யவோ, மாற்றவோ, காட்சிப்படுத்தவோ, பொதுவில் நிகழ்த்தவோ, விநியோகிக்கவோ அல்லது தளம் அல்லது உள்ளடக்கத்தின் வழித்தோன்றல் படைப்புகளை உருவாக்கவோ கூடாது"
"The Content in an attempt to, or in conjunction with, any device, program or service designed to circumvent any technological measure that effectively controls access to, or the rights in, the Site and/or Content in any way including, without limitation, by manual Decode, decrypt, modify, or reverse engineer certificate or underlying algorithms or automatic device or process, for any purpose","எந்தவொரு சாதனம், நிரல் அல்லது சேவையின் முயற்சியில், அல்லது அதனுடன் இணைந்து, தளம் மற்றும்/அல்லது உள்ளடக்கத்திற்கான அணுகல் அல்லது உரிமைகளை திறம்பட கட்டுப்படுத்தும் எந்தவொரு தொழில்நுட்ப நடவடிக்கையையும் தவிர்க்க வடிவமைக்கப்பட்டுள்ளது. கையேடு டிகோட், டிக்ரிப்ட், மாற்றியமைத்தல் அல்லது தலைகீழ் பொறியாளர் சான்றிதழ் அல்லது அடிப்படை அல்காரிதம்கள் அல்லது தானியங்கி சாதனம் அல்லது செயல்முறை, எந்த நோக்கத்திற்காகவும் நீங்கள் செய்யக்கூடாது"
"You will not use bot technology to search for registering participants through the Site; for the avoidance of doubt, this specifically prohibits you from using automated script based or automated software on the Site, and prohibits you from circumventing any security measure, access control system, or other technological control or measure on the Site that is used to enforce participation limits or to maintain the integrity of registering participants rules associated with one mobile number","தளத்தின் மூலம் பதிவு செய்யும் பங்கேற்பாளர்களைத் தேட நீங்கள் போட் தொழில்நுட்பத்தைப் பயன்படுத்த மாட்டீர்கள்; சந்தேகத்தைத் தவிர்ப்பதற்காக, தளத்தில் தானியங்கு ஸ்கிரிப்ட் அடிப்படையிலான அல்லது தானியங்கு மென்பொருளைப் பயன்படுத்துவதை இது குறிப்பாகத் தடைசெய்கிறது, மேலும் எந்தவொரு பாதுகாப்பு நடவடிக்கை, அணுகல் கட்டுப்பாட்டு அமைப்பு அல்லது பிற தொழில்நுட்பக் கட்டுப்பாடு அல்லது பங்கேற்பைச் செயல்படுத்தப் பயன்படும் தளத்தின் அளவைத் தவிர்ப்பதைத் தடுக்கிறது. வரம்புகள் அல்லது ஒரு மொபைல் எண்ணுடன் தொடர்புடைய பங்கேற்பாளர்களின் பதிவு விதிகளின் நேர்மையை பராமரிக்க வேண்டும்"
VII. INTELLECTUAL PROPERTY RIGHTS,VII. அறிவுசார் சொத்து உரிமைகள்
We own the intellectual property rights in the Site and Content. We may change the Content and features of the Site at any time.,தளம் மற்றும் உள்ளடக்கத்தில் அறிவுசார் சொத்துரிமைகளை நாங்கள் வைத்திருக்கிறோம். நாங்கள் எந்த நேரத்திலும் தளத்தின் உள்ளடக்கம் மற்றும் அம்சங்களை மாற்றலாம்.
"The registered and unregistered trademarks, logos, and service marks displayed on the Site are owned by us or our licensors. You may not use our trademarks, logos, and service marks in any way without our prior written permission.","தளத்தில் காட்டப்படும் பதிவுசெய்யப்பட்ட மற்றும் பதிவுசெய்யப்படாத வர்த்தக முத்திரைகள், லோகோக்கள் மற்றும் சேவை முத்திரைகள் எங்களுக்கு அல்லது எங்கள் உரிமதாரர்களுக்கு சொந்தமானது. எங்களின் முன் எழுத்துப்பூர்வ அனுமதியின்றி எங்களின் வர்த்தக முத்திரைகள், லோகோக்கள் மற்றும் சேவை முத்திரைகளை நீங்கள் எந்த வகையிலும் பயன்படுத்தக்கூடாது."
"Material featured on this website may be reproduced free of charge. However, no part of the Site and no Content may be copied, republished, reproduced, uploaded, posted, displayed publicly, encoded, translated, transmitted or distributed in any way to any other computer, server, Web site or other medium for publication in a derogatory manner or in a misleading context.","இந்த இணையதளத்தில் இடம்பெற்றுள்ள பொருள் இலவசமாக மீண்டும் உருவாக்கப்படலாம். எவ்வாறாயினும், தளத்தின் எந்தப் பகுதியும் மற்றும் உள்ளடக்கம் எதையும் நகலெடுக்கவோ, மறுபிரசுரம் செய்யவோ, மறுஉருவாக்கம் செய்யவோ, பதிவேற்றவோ, இடுகையிடவோ, பொதுவில் காட்டவோ, குறியிடவோ, மொழிபெயர்க்கவோ, அனுப்பவோ அல்லது எந்த வகையிலும் இழிவான முறையில் அல்லது தவறாக வழிநடத்தும் சூழலில் பிற கணினி, சர்வர், இணையதளம் அல்லது பிற ஊடகங்களில் வெளியிடப்படக்கூடாது."
"You may use information available on the Site, provided that you will (1) use such information only for your personal, non-commercial informational purpose and do not copy or post such information on any networked computer or broadcast it in any media, (2) not make any modifications to any such information and any additional representations or warranties relating to such documents and Content.","(1)உங்கள் தனிப்பட்ட, வணிகம் சாராத தகவல் நோக்கங்களுக்காக மட்டுமே நீங்கள் அத்தகைய தகவலைப் பயன்படுத்தினால், எந்தவொரு நெட்வொர்க் கணினியிலும் அத்தகைய தகவலை நகலெடுக்கவோ அல்லது இடுகையிடவோ அல்லது எந்த ஊடகத்திலும் ஒளிபரப்பவோ கூடாது எனில், தளத்தில் கிடைக்கும் தகவலை நீங்கள் பயன்படுத்தலாம்."
VIII. LIMITATIONS OF MULTI- LINGUAL INTERFACE,(2)அத்தகைய தகவல்கள் மற்றும் அத்தகைய ஆவணங்கள் மற்றும் உள்ளடக்கம் தொடர்பான கூடுதல் பிரதிநிதித்துவங்கள் அல்லது உத்தரவாதங்களை நீங்கள் எந்த மாற்றங்களையும் செய்யக்கூடாது.
"Translations on the Poshan Tracker Portal & App Chabot are done by third party translators. While the translations are done on a best effort basis, some of the parts may be incorrect. Certain files and other items on the website cannot be translated. In addition, on translation, some applications and/or services may not function as expected, due to language barriers. We are working constantly to rectify any errors, omissions, or ambiguities in the translations provided on this portal.","போஷன் டிராக்கர் போர்ட்டல் & ஆப் சாட்போட் இல் மொழிபெயர்ப்புகள் மூன்றாம் தரப்பு மொழிபெயர்ப்பாளர்களால் செய்யப்படுகின்றன. மொழிபெயர்ப்புகள் சிறந்த முயற்சியின் அடிப்படையில் செய்யப்பட்டாலும், சில பகுதிகள் தவறாக இருக்கலாம். இணையதளத்தில் உள்ள சில கோப்புகள் மற்றும் பிற உருப்படிகளை மொழிபெயர்க்க முடியாது. கூடுதலாக, மொழிபெயர்ப்பில், மொழி தடைகள் காரணமாக, சில பயன்பாடுகள் அல்லது சேவைகள் மொழி தடைகள் காரணமாக எதிர்பார்த்தபடி செயல்படாமல் போகலாம். இந்த போர்ட்டலில் வழங்கப்பட்டுள்ள மொழிபெயர்ப்புகளில் ஏதேனும் பிழைகள், தவறுகள் அல்லது தெளிவின்மைகள் இருந்தால் அவற்றைத் திருத்துவதற்கு நாங்கள் தொடர்ந்து பணியாற்றி வருகிறோம்."
IX. LINKS,IX. இணைப்புகள்
"The Site may contain links to other websites that may not be owned, maintained, or operated by us. The fact that these websites are linked, does not indicate any endorsement of these websites from us, since we do have any control over these websites. We are not responsible for these websites including any content or the privacy practices of these websites. We strongly encourage you to familiarize yourself with the terms of use of these websites. Your use of these websites is at your own risk and peril. It is solely up to you to take necessary precautions to ensure that the links you select or any software you may download is free of viruses, worms, Trojan horses, defects, date bombs, time bombs, and other or other computer programming routines which are of destructive nature","தளத்தில் எங்களுக்குச் சொந்தமான, பராமரிக்கப்படாத அல்லது இயக்கப்படாத பிற இணையதளங்களுக்கான இணைப்புகள் இருக்கலாம். இந்த இணையதளங்கள் இணைக்கப்பட்டிருப்பது, இந்த இணையதளங்களின் மீது எங்களிடம் எந்தக் கட்டுப்பாடும் இல்லாததால், இந்த இணையதளங்களுக்கு எங்களிடமிருந்து எந்த ஒப்புதலும் இல்லை. எந்தவொரு உள்ளடக்கம் அல்லது இந்த வலைத்தளங்களின் தனியுரிமை நடைமுறைகள் உட்பட இந்த வலைத்தளங்களுக்கு நாங்கள் பொறுப்பல்ல. இந்த வலைத்தளங்களின் பயன்பாட்டு விதிமுறைகளுடன் உங்களைப் பழக்கப்படுத்திக்கொள்ள நாங்கள் கடுமையாக ஊக்குவிக்கிறோம். இந்த இணையதளங்களைப் பயன்படுத்துவது உங்கள் சொந்த ஆபத்தில் உள்ளது. நீங்கள் தேர்ந்தெடுக்கும் இணைப்புகள் அல்லது நீங்கள் பதிவிறக்கம் செய்யும் எந்த மென்பொருளும் வைரஸ்கள், ட்ரோஜன் ஹார்ஸ்கள், குறைபாடுகள், தேதி குண்டுகள், நேர வெடிகுண்டுகள் மற்றும் பிற அல்லது பிற கணினி நிரலாக்க நடைமுறைகள் அழிக்கும் இயல்புடையது இல்லாமல் இருப்பதை உறுதிசெய்ய தேவையான முன்னெச்சரிக்கை நடவடிக்கைகளை எடுப்பது உங்களுடையது மட்டுமே"
X. ACCESS FROM OUTSIDE INDIA,X. இந்தியாவிற்கு வெளியே இருந்து அணுகல்
"The Site is directed to the people residing in India. We do not represent that Content available on or through the Site is appropriate or available in other locations. We may limit the availability of the Site or any service or product described on the Site to any person or geographic area at any time. If you choose to access the Site from outside India, you do so at your own risk.","இந்த தளம் இந்தியாவில் வசிக்கும் மக்களுக்கு மட்டுமே. தளத்தில் கிடைக்கும் உள்ளடக்கம் சரியானது அல்லது பிற இடங்களில் உள்ளது என்பதை நாங்கள் குறிப்பிடவில்லை. எந்த நேரத்திலும் எந்தவொரு நபருக்கும் அல்லது புவியியல் பகுதிக்கும் தளத்தில் விவரிக்கப்பட்டுள்ள தளம் அல்லது எந்தவொரு சேவை அல்லது தயாரிப்பின் கிடைக்கும் தன்மையை நாங்கள் கட்டுப்படுத்தலாம். இந்தியாவிற்கு வெளியே இருந்து தளத்தை அணுக நீங்கள் தேர்வுசெய்தால், உங்கள் சொந்த ஆபத்தில் அதைச் செய்கிறீர்கள்."
XI. VIOLATION OF THESE TERMS,XI. இந்த விதிமுறைகளை மீறுதல்
"We may investigate any violation of these Terms, including unauthorized use of the Site. We may provide law enforcement with information you provide to us related to your transactions to assist in any investigation or prosecution of you. We may take legal action that we feel is appropriate. If we determine that you have violated these Terms or the law, or for any other reason or for no reason, we may block your account and will prevent you from accessing the Site at any time without notice to you.","தளத்தின் அங்கீகரிக்கப்படாத பயன்பாடு உட்பட, இந்த விதிமுறைகளை மீறினால் நாங்கள் விசாரிக்கலாம். உங்கள் பரிவர்த்தனைகள் தொடர்பாக நீங்கள் எங்களுக்கு வழங்கிய தகவலை சட்ட அமலாக்கத்திற்கு நாங்கள் வழங்கலாம். பொருத்தமற்றதாக நாங்கள் கருதும் தகவலின் மீது சட்ட நடவடிக்கை எடுக்கலாம். வேறு எந்த காரணத்திற்காகவும் அல்லது காரணமின்றி நீங்கள் இந்த விதிமுறைகள் அல்லது சட்டத்தை மீறியுள்ளீர்கள் என்று நாங்கள் தீர்மானித்தால், நாங்கள் உங்கள் கணக்கைத் தடுக்கலாம் மற்றும் எந்த நேரத்திலும் உங்களுக்கு அறிவிப்பு இல்லாமல் தளத்தை அணுகுவதைத் தடுப்போம்."
XII. RE-DISTRIBUTION,XII. மறு விநியோகம்
"Authorized organizations shall not re-distribute any data that they are able to access through the API/ No-code webpage integration and shall ensure that integration of all such data shall compulsorily be limited to the specific services provided by Poshan Tracker. Under no circumstances, shall an organization use the data collected as part of the Poshan Abhiyaan of the Government for any purposes other than the purposes specified herein, and as may be permitted by the government.","அங்கீகரிக்கப்பட்ட நிறுவனங்கள் ஏபிஐ/குறியீடு இல்லாத வலைப்பக்க ஒருங்கிணைப்பு மூலம் அணுகக்கூடிய எந்தத் தரவையும் மீண்டும் விநியோகிக்கக் கூடாது, மேலும் அத்தகைய அனைத்து தரவுகளின் ஒருங்கிணைப்பு போஷன் டிராக்கரால் வழங்கப்படும் குறிப்பிட்ட சேவைகளுடன் கட்டாயமாக வரையறுக்கப்படுவதை உறுதிசெய்யும். எந்தவொரு சூழ்நிலையிலும், அரசாங்கத்தின் போஷன் அபியானின் ஒரு பகுதியாக சேகரிக்கப்பட்ட தரவை இங்கு குறிப்பிடப்பட்டுள்ள நோக்கங்களுக்காக, அரசாங்கத்தால் அனுமதிக்கப்பட்ட நோக்கங்களுக்காகவும் மட்டுமே பயன் படுத்தவேண்டும். வேறு எந்த நோக்கங்களுக்காகவும் இந்த தரவை ஒரு நிறுவனம் பயன்படுத்தக்கூடாது."
"XIII. COMPLIANCE WITH LAW, THIRD PARTY RIGHTS, AND OTHER TERMS OF SERVICE","XIII. சட்டம், மூன்றாம் தரப்பினரின் உரிமைகள் மற்றும் பிற சேவை விதிமுறைகளுடன் இணங்குதல்"
"The authorized organizations will comply with all applicable laws, regulation, policies and third-party rights (including and without limitation, any laws regarding the import or export of data or software, privacy, and local laws) established by Government of India. These organizations will not use the APIs/ No-code webpage integration to encourage or promote illegal activity or violation of third-party rights including these Terms with Poshan Tracker.","அங்கீகரிக்கப்பட்ட நிறுவனங்கள், இந்திய அரசாங்கத்தால் நிறுவப்பட்ட அனைத்து பொருந்தக்கூடிய சட்டங்கள், ஒழுங்குமுறை, கொள்கைகள் மற்றும் மூன்றாம் தரப்பு உரிமைகள் (தரவு அல்லது மென்பொருள், தனியுரிமை மற்றும் உள்ளூர் சட்டங்களின் இறக்குமதி அல்லது ஏற்றுமதி தொடர்பான சட்டங்கள் உட்பட மற்றும் வரம்பு இல்லாமல்) இணங்கும். இந்த நிறுவனங்கள் போஷன் டிராக்கர் உடன் இந்த விதிமுறைகள் உட்பட சட்டவிரோத செயல்பாடு அல்லது மூன்றாம் தரப்பு உரிமைகளை மீறுவதை ஊக்குவிக்க APIகள்/குறியீடு இல்லாத வலைப்பக்க ஒருங்கிணைப்பைப் பயன்படுத்தாது."
XIV. CORRECTNESS OF DATA PROVIDED BY THIRD PARTY SYSTEMS,XIV. மூன்றாம் தரப்பு அமைப்புகளால் வழங்கப்பட்ட தரவுகளின் சரியான தன்மை
"The ASPs collecting data from Poshan Tracker and displaying to users shall be solely responsible for the correctness of such data and any liability arising out of any data so provided, shall completely rest with such third party. Any liabilities civil or criminal, arising out of any incorrect data, shall solely lie with the concerned ASP.","போஷன் டிராக்கர் இலிருந்து தரவைச் சேகரித்து பயனர்களுக்குக் காண்பிக்கும் ASPகள் அத்தகைய தரவின் சரியான தன்மைக்கு அவர்கள் மட்டுமே பொறுப்பாவார்கள் மற்றும் அவ்வாறு வழங்கப்பட்ட எந்தவொரு தரவிலிருந்து எழும் எந்தவொரு பொறுப்பும் மூன்றாம் தரப்பினர் உடையதாக இருக்கும். தவறான தரவுகளிலிருந்து எழும், எந்தவொரு சிவில் அல்லது கிரிமினல் பொறுப்புகள், ஏதேனும் சம்பந்தப்பட்ட ஏஎஸ்பியிடம் மட்டுமே இருக்கும்."
XV. INDEMNITY AND LIMITATION OF LIABILITY,XV. இழப்பீடு மற்றும் பொறுப்பு வரம்பு
"You agree to defend, indemnify and hold harmless Poshan Tracker and its affiliates, its officers, directors, employees and agents, from and against any and all claims, damages, obligations, losses, liabilities, costs or debt, and expenses including but not limited to attorneys fees relating to any allegation or third-party legal proceeding to the extent arising from:","பாதிப்பில்லாத போஷான் டிராக்கர் மற்றும் அதன் துணை நிறுவனங்கள், அதன் அதிகாரிகள், இயக்குநர்கள், ஊழியர்கள் மற்றும் முகவர்கள், எந்தவொரு மற்றும் அனைத்து உரிமைகோரல்கள், சேதங்கள், கடமைகள், இழப்புகள், பொறுப்புகள், செலவுகள் அல்லது கடன்கள் மற்றும் செலவுகள் உட்பட ஆனால் வரம்புக்குட்படுத்தப்படாத செலவுகளைப் பாதுகாக்கவும், இழப்பீடு வழங்கவும், வைத்திருக்கவும் ஒப்புக்கொள்கிறீர்கள். ஏதேனும் குற்றச்சாட்டு அல்லது மூன்றாம் தரப்பு சட்ட நடவடிக்கை தொடர்பான வழக்குரைஞர்களுக்கான கட்டணங்கள்:"
Your use of and access to the Site and Service;,தளம் மற்றும் சேவைக்கான உங்கள் பயன்பாடு மற்றும் அணுகல்;
Your violation of any term of this Agreement;,இந்த ஒப்பந்தத்தின் எந்தவொரு விதிமுறையையும் நீங்கள் மீறுவது;
"Your violation of any third party right, including without limitation, any copyright, property, or privacy right; or","எந்தவொரு மூன்றாம் தரப்பு உரிமையையும் நீங்கள் மீறுவது, கட்டுப்பாடு இல்லாமல், எந்த பதிப்புரிமை, சொத்து அல்லது தனியுரிமை உரிமையும் உட்பட; அல்லது"
Any claim that your User Content caused damage to a third party. This defense and indemnification obligation will survive this Agreement and your use of the Service and Website/App.,உங்கள் பயனர் உள்ளடக்கம் மூன்றாம் தரப்பினருக்கு சேதம் விளைவித்தது. இந்த ஒப்பந்தம் மற்றும் சேவை இணையதளம்/ஆப்ஸின் உங்கள் பயன்பாட்டிலிருந்து இந்த பாதுகாப்பு மற்றும் இழப்பீட்டுக் கடமை நிலைத்திருக்கும்.
XVI. JURISDICTION,XVI. அதிகார வரம்பு
Your use of the Site and any dispute arising out of such use of the Site is subject to the laws of India and place of jurisdiction shall be New Delhi.,"நீங்கள் தளத்தைப் பயன்படுத்துவதும், அந்த தளத்தைப் பயன்படுத்துவதால் எழும் எந்தவொரு சர்ச்சையும் இந்தியாவின் சட்டங்களுக்கு உட்பட்டது மற்றும் அதிகார வரம்பிற்கு உட்பட்ட இடம் புது தில்லி."
20 December 2021,20 டிசம்பர் 2021
"Poshan Abhiyaan is India’s flagship programme to improve nutritional outcomes for children, adolescents, pregnant women and lactating mothers by leveraging technology, a targeted approach and convergence.","போஷன் அபியான் என்பது தொழில்நுட்பம், இலக்கு அணுகுமுறை மற்றும் ஒருங்கிணைப்பு ஆகியவற்றின் மூலம் குழந்தைகள், இளம் பருவத்தினர், கர்ப்பிணிப் பெண்கள் மற்றும் பாலூட்டும் தாய்மார்களுக்கான ஊட்டச்சத்து விளைவுகளை மேம்படுத்துவதற்கான இந்தியாவின் முதன்மைத் திட்டமாகும்."
"Poshan Tracker Portal or App is governed by Ministry of Woman and Child Development, Government of India, hereinafter referred to as “MWCD”, “our”, “us”, “we” which shall include a reference to other departments and divisions of the program/campaign. References to Poshan Tracker Portal or App in this policy include Poshan Tracker or any other Apps or portals that are integrated with Poshan Tracker through APIs / related sites, apps, communications and services (“Services”) hereinafter collectively referred to as “Poshan Tracker or System.”","போஷன் டிராக்கர் போர்டல் அல்லது ஆப் ஆனது இந்திய அரசின் பெண்கள் மற்றும் குழந்தைகள் மேம்பாட்டு அமைச்சகத்தால் நிர்வகிக்கப்படுகிறது, இனிமேல் ""MWCD"", ""எங்கள்"", ""நாங்கள்"", ""நாங்கள்"" என குறிப்பிடப்படும், இதில் மற்ற துறைகள் மற்றும் நிகழ்ச்சி/பிரசாரம் பிரிவுகள் பற்றிய குறிப்பு இருக்கும். இந்தக் கொள்கையில் உள்ள போஷன் டிராக்கர் போர்டல் அல்லது ஆப் பற்றிய குறிப்புகளில் போஷன் டிராக்கர் அல்லது போஷன் டிராக்கர் உடன் ஒருங்கிணைக்கப்பட்ட APIகள் / தொடர்புடைய தளங்கள், பயன்பாடுகள், தகவல் தொடர்புகள் மற்றும் சேவைகள் (“சேவைகள்”) மூலம் இனிமேல் கூட்டாக “போஷன் டிராக்கர் அல்லது அமைப்பு"" என குறிப்பிடப்படும்."
"Our Privacy Policy applies when you use our Services (described below). This Privacy Policy is meant to help you understand what information we collect, why we collect it, and how it is used and shared. The collecting and retaining agency in respect of your information is MWCD.","நீங்கள் எங்கள் சேவைகளைப் பயன்படுத்தும் போது எங்கள் தனியுரிமைக் கொள்கை பொருந்தும் (கீழே விவரிக்கப்பட்டுள்ளது). இந்தத் தனியுரிமைக் கொள்கையானது, நாங்கள் எந்தத் தகவலைச் சேகரிக்கிறோம், எதற்காகச் சேகரிக்கிறோம், அது எவ்வாறு பயன்படுத்தப்படுகிறது மற்றும் பகிரப்படுகிறது என்பதைப் புரிந்துகொள்ள உதவும். உங்கள் தகவலைச் சேகரிக்கும் மற்றும் தக்கவைத்துக்கொள்ளும் நிறுவனம் MWCD ஆகும்."
"We are committed to protecting the security of your personal information and safeguarding your privacy. Any information or data collected and processed on the System is done in accordance with the provisions of Information Technology Act, 2000 read with its Rules and other national and state laws relating to the collection and processing of personal data.","உங்கள் தனிப்பட்ட தகவலின் பாதுகாப்பைப் பாதுகாப்பதற்கும் உங்கள் தனியுரிமையைப் பாதுகாப்பதற்கும் நாங்கள் கடமைப்பட்டுள்ளோம். கணினியில் சேகரிக்கப்பட்டு செயலாக்கப்படும் எந்தத் தகவலும், தகவல் தொழில்நுட்பச் சட்டம், 2000 இன் விதிகள் மற்றும் தனிப்பட்ட தரவைச் சேகரிப்பது மற்றும் செயலாக்குவது தொடர்பான பிற தேசிய மற்றும் மாநிலச் சட்டங்களுடன் படிக்கப்பட்ட விதிகளின்படி செய்யப்படுகிறது."
This Privacy Policy is required to be read in conjunction with the Terms of Service available at ,இந்த தனியுரிமைக் கொள்கையானது 
". Your access to and use of the System is conditional upon your acceptance of this Privacy Policy and the Terms of Service. By accessing and/or using the System, you represent that you have read, understood and are bound by the Terms of Service and this Privacy Policy, and that you consent to your information and data being collected, stored and used in the manner laid out in this Privacy Policy."," இல் கிடைக்கும் சேவை விதிமுறைகளுடன் இணைந்து படிக்கப்பட வேண்டும். இந்த தனியுரிமைக் கொள்கை மற்றும் சேவை விதிமுறைகளை நீங்கள் ஏற்றுக்கொள்வதன் மூலம் உங்கள் கணினிக்கான அணுகல் மற்றும் பயன்பாடு நிபந்தனைக்குட்பட்டது. சிஸ்டத்தை அணுகுதல் மற்றும்/அல்லது பயன்படுத்துவதன் மூலம், சேவை விதிமுறைகள் மற்றும் இந்த தனியுரிமைக் கொள்கையை நீங்கள் படித்து, புரிந்து கொண்டு, அதற்குக் கட்டுப்பட்டிருப்பதைக் குறிப்பிடுகிறீர்கள், மேலும் இந்த தனியுரிமைக் கொள்கையில் உங்கள் தகவல் மற்றும் தரவு சேகரிக்கப்பட்டு, சேமித்து வைக்கப்பட்டுள்ள முறையில் பயன்படுத்தப்படுவதை ஒப்புக்கொள்கிறீர்கள்."
You hereby acknowledge that the collection of your information as described in Clause 1 of this Privacy Policy is necessary to fulfil the purposes specified in Clause 2 and 3 of this Privacy Policy.,இந்த தனியுரிமைக் கொள்கையின் பிரிவு 1ல் விவரிக்கப்பட்டுள்ளபடி உங்கள் தகவலைச் சேகரிப்பது இந்தத் தனியுரிமைக் கொள்கையின் 2 மற்றும் 3வது பிரிவில் குறிப்பிடப்பட்டுள்ள நோக்கங்களை நிறைவேற்றுவது அவசியம் என்பதை நீங்கள் ஒப்புக்கொள்கிறீர்கள்.
1. INFORMATION WE COLLECT,1. நாங்கள் சேகரிக்கும் தகவல்
1.1. Information you provide to us.,1.1. நீங்கள் எங்களுக்கு வழங்கும் தகவல்.
"We collect the content and other information that you provide when you use our Services, including when you sign up for an account. This can include- (i) Name (ii) Mobile number (iii) Date of Birth (iv)Gender (v) Name of Child (vi) Aadhaar Number (vii) Address","நீங்கள் எங்கள் சேவைகளைப் பயன்படுத்தும் போது நீங்கள் வழங்கும் உள்ளடக்கம் மற்றும் பிற தகவல்களை நாங்கள் சேகரிக்கிறோம், நீங்கள் கணக்கில் பதிவு செய்வது உட்பட. இதில் அடங்கும்- (i) பெயர் (ii) மொபைல் எண் (iii) பிறந்த தேதி (iv) பாலினம் (v) குழந்தையின் பெயர் (vi) ஆதார் எண் (vii) முகவரி"
"If you choose not to provide data which is required to provide you with a product or feature, you cannot use that product or feature. You may, however, choose not to share personal data where providing the data is optional.","ஒரு தயாரிப்பு அல்லது அம்சத்தை உங்களுக்கு வழங்கத் தேவையான தரவை வழங்க வேண்டாம் என நீங்கள் தேர்வுசெய்தால், அந்த தயாரிப்பு அல்லது அம்சத்தை நீங்கள் பயன்படுத்த முடியாது. இருப்பினும், தரவை வழங்குவது விருப்பமானதாக இருந்தால், தனிப்பட்ட தரவைப் பகிர வேண்டாம் என்று நீங்கள் தேர்வு செய்யலாம்."
1.2. Information from use of services.,1.2. சேவைகளின் பயன்பாட்டிலிருந்து தகவல்.
"We log usage data when you visit or otherwise use our Services, including our sites, app and platform technology.","எங்கள் தளங்கள், பயன்பாடு மற்றும் இயங்குதளத் தொழில்நுட்பம் உட்பட, எங்கள் சேவைகளைப் பார்வையிடும்போது அல்லது பயன்படுத்தும்போது பயன்பாட்டுத் தரவை நாங்கள் பதிவு செய்கிறோம்."
"We may use various technologies to collect and store information, including cookies, local storage, such as browser web storage or application data caches, databases, and server logs to collect and use your information in certain cases.","குக்கீகள், லோக்கல் ஸ்டோரேஜ், உலாவி வலைச் சேமிப்பகம் அல்லது பயன்பாட்டுத் தரவுத் தேக்ககங்கள், தரவுத்தளங்கள் மற்றும் சேவையகப் பதிவுகள் உள்ளிட்ட தகவல்களைச் சேகரித்துச் சேமிப்பதற்கும், குறிப்பிட்ட சந்தர்ப்பங்களில் உங்கள் தகவலைச் சேகரித்துப் பயன்படுத்துவதற்கும் பல்வேறு தொழில்நுட்பங்களை நாங்கள் பயன்படுத்தலாம்."
1.3. Information from third parties.,1.3. மூன்றாம் தரப்பினரிடமிருந்து தகவல்.
"Our System provides API to Third – Party Sites that may collect your personal information. Poshan Tracker is not in any manner responsible for the security of such information or their privacy practices or content of those Third – Party Sites. Additionally, you may also encounter “cookies” or other similar devices on certain pages of the Third – Party Sites and it is hereby clarified by Poshan Tracker that the System does not control the use of cookies by these Third – Party Sites. These third-party service providers and Third-Party Sites may have their own privacy policies governing the storage and retention of your information that you may be subject to. This Privacy Policy does not govern any information provided to, stored on, or used by these third-party providers and Third-Party Sites. We recommend that when you enter a Third-Party Site, you review the Third Party Site’s privacy policy as it relates to safeguarding of your information. You agree and acknowledge that Poshan Tracker will not be liable for the information published in search results or by any Third-Party Sites.","உங்கள் தனிப்பட்ட தகவல்களைச் சேகரிக்கக்கூடிய மூன்றாம் தரப்பு தளங்களுக்கு எங்கள் அமைப்பு API ஐ வழங்குகிறது. அத்தகைய தகவல் அல்லது அவர்களின் தனியுரிமை நடைமுறைகள் அல்லது அந்த மூன்றாம் தரப்பு தளங்களின் உள்ளடக்கத்திற்கு போஷன் டிராக்கர் எந்த வகையிலும் பொறுப்பாக இல்லை. கூடுதலாக, மூன்றாம் தரப்பு தளங்களின் சில பக்கங்களில் ""குக்கீகள்"" அல்லது பிற ஒத்த சாதனங்களையும் நீங்கள் சந்திக்கலாம், மேலும் இந்த மூன்றாம் தரப்பு தளங்கள் குக்கீகளைப் பயன்படுத்துவதை கணினி கட்டுப்படுத்தாது என்பதை போஷன் டிராக்கர் மூலம் தெளிவுபடுத்துகிறது. இந்த மூன்றாம் தரப்பு சேவை வழங்குநர்கள் மற்றும் மூன்றாம் தரப்பு தளங்கள் நீங்கள் உட்பட்ட உங்கள் தகவலைச் சேமித்து வைத்திருத்தல் ஆகியவற்றை நிர்வகிக்கும் தங்கள் தனியுரிமைக் கொள்கைகளைக் கொண்டிருக்கலாம். இந்தத் தனியுரிமைக் கொள்கையானது, இந்த மூன்றாம் தரப்பு வழங்குநர்கள் மற்றும் மூன்றாம் தரப்பு தளங்களுக்கு வழங்கப்படும், சேமித்து வைத்திருக்கும் அல்லது பயன்படுத்தப்படும் எந்தத் தகவலையும் நிர்வகிக்காது. நீங்கள் மூன்றாம் தரப்பு தளத்தை உள்ளிடும்போது, உங்கள் தகவலைப் பாதுகாப்பது தொடர்பான மூன்றாம் தரப்பு தளத்தின் தனியுரிமைக் கொள்கையை மதிப்பாய்வு செய்யுமாறு பரிந்துரைக்கிறோம். தேடல் முடிவுகளிலோ அல்லது எந்த மூன்றாம் தரப்பு தளங்களிலோ வெளியிடப்படும் தகவல்களுக்கு போஷன் டிராக்கர் பொறுப்பேற்காது என்பதை நீங்கள் ஒப்புக்கொள்கிறீர்கள்."
2. HOW WE USE PERSONAL INFORMATION,2. தனிப்பட்ட தகவலை நாங்கள் எவ்வாறு பயன்படுத்துகிறோம்
We use the information we collect from all our services for the following purposes:,எங்கள் எல்லா சேவைகளிலிருந்தும் நாங்கள் சேகரிக்கும் தகவலை பின்வரும் நோக்கங்களுக்காகப் பயன்படுத்துகிறோம்:
2.1. Deliver our services.,2.1. எங்கள் சேவைகளை வழங்கவும்.
"The information collected under Clause 1, shall be used for the purpose of facilitating the health of the beneficiaries.","பிரிவு 1-ன் கீழ் சேகரிக்கப்பட்ட தகவல்கள், பயனாளிகளின் ஆரோக்கியத்தை எளிதாக்கும் நோக்கத்திற்காகப் பயன்படுத்தப்படும்."
"We provide our products, which includes updating, securing, and troubleshooting the information/data/ materials and contents of the System, as well as providing support.","கணினியின் தகவல்/தரவு/ பொருட்கள் மற்றும் உள்ளடக்கங்களை புதுப்பித்தல், பாதுகாத்தல் மற்றும் சரிசெய்தல் மற்றும் ஆதரவை வழங்குதல் உள்ளிட்ட எங்கள் தயாரிப்புகளை நாங்கள் வழங்குகிறோம்."
"When you register on Poshan Tracker, the Mobile number with which you registered, will be used to locate your record from the database. These can also be used to assess the health status as recorded in the Poshan Tracker system.","நீங்கள் போஷன் டிராக்கர் இல் பதிவு செய்யும் போது, நீங்கள் பதிவு செய்த மொபைல் எண், தரவுத்தளத்திலிருந்து உங்கள் பதிவைக் கண்டறிய பயன்படுத்தப்படும். போஷன் டிராக்கர் அமைப்பில் பதிவு செய்யப்பட்டுள்ள சுகாதார நிலையை மதிப்பிடவும் இவை பயன்படுத்தப்படலாம்."
2.2. Communicate with you.,2.2. உங்களுடன் தொடர்பு கொள்ளுங்கள்.
"We also send SMSs on your registered mobile number to alert you about registration, we also use your information to respond to you when you contact us and to investigate, respond to and resolve complaints and for Service issues (e.g. bugs).","பதிவுசெய்தல் குறித்து உங்களை எச்சரிக்க உங்கள் பதிவு செய்யப்பட்ட மொபைல் எண்ணுக்கு SMS அனுப்புகிறோம், நீங்கள் எங்களைத் தொடர்புகொள்ளும்போது உங்களுக்குப் பதிலளிக்கவும், புகார்களை விசாரிக்கவும், பிரச்னைகளைத் தீர்க்கவும், சேவைச் சிக்கல்களுக்கு (எ.கா. பிழைகள்) உங்கள் தகவலைப் பயன்படுத்துகிறோம்."
2.3. Verification.,2.3. சரிபார்ப்பு.
"We use the information we have, to help verify accounts. The records may be used for verification of health status for the purposes of Poshan Tracker control and response.","கணக்குகளைச் சரிபார்க்க எங்களிடம் உள்ள தகவலைப் பயன்படுத்துகிறோம். போஷன் டிராக்கர் கட்டுப்பாடு, பதிலளிப்பு நோக்கங்களுக்காக மற்றும் சுகாதார நிலையை சரிபார்ப்பதற்காக பதிவுகள் பயன்படுத்தப்படலாம்."
2.4. Security and Audit.,2.4. பாதுகாப்பு மற்றும் தணிக்கை.
"We use your data (including your communications) for security purposes or to prevent or investigate possible fraud or other violations of our Terms of Service and/or attempts to harm our Members, Visitors or others.","பாதுகாப்பு நோக்கங்களுக்காக அல்லது சாத்தியமான மோசடி அல்லது எங்கள் சேவை விதிமுறைகளின் பிற மீறல்கள் மற்றும் எங்கள் உறுப்பினர்கள், பார்வையாளர்கள் அல்லது பிறருக்கு தீங்கு விளைவிக்கும் முயற்சிகளைத் தடுக்க அல்லது விசாரிக்க உங்கள் தரவை (உங்கள் தகவல்தொடர்புகள் உட்பட) பயன்படுத்துகிறோம்."
"The Poshan Tracker system is regularly audited by auditors engaged by MWCD, for security and scalability of the system. The records may be used for such audits.","போஷன் டிராக்கர் அமைப்பு, அமைப்பின் பாதுகாப்பு மற்றும் அளவிடுதல் ஆகியவற்றிற்காக, MWCD ஆல் ஈடுபட்டுள்ள தணிக்கையாளர்களால் தொடர்ந்து தணிக்கை செய்யப்படுகிறது. அத்தகைய தணிக்கைகளுக்கு பதிவுகள் பயன்படுத்தப்படலாம்."
2.5. Research and operational activities.,2.5. ஆராய்ச்சி மற்றும் செயல்பாட்டு நடவடிக்கைகள்.
"We also use the data to operate our services, which includes analyzing our performance, meeting our legal obligations, developing our workforce, and doing research. We may also use the information to perform certain necessary operation for improvement of the System and for all acts incidental or ancillary to the provision of the System and for developing and providing new technologies and services.","எங்கள் சேவைகளை இயக்கவும் தரவைப் பயன்படுத்துகிறோம், இதில் எங்கள் செயல்திறனைப் பகுப்பாய்வு செய்தல், எங்கள் சட்டப்பூர்வ கடமைகளை நிறைவேற்றுதல், எங்கள் பணியாளர்களை மேம்படுத்துதல் மற்றும் ஆராய்ச்சி செய்தல் ஆகியவை அடங்கும். சிஸ்டத்தை மேம்படுத்துவதற்கும், தற்செயலான அல்லது துணைச் செயல்களுக்கும், புதிய தொழில்நுட்பங்கள் மற்றும் சேவைகளை உருவாக்குவதற்கும், வழங்குவதற்கும் தேவையான சில செயல்பாடுகளைச் செய்வதற்கும் நாங்கள் தகவலைப் பயன்படுத்தலாம்."
2.6. Surveys and Feedbacks.,2.6. ஆய்வுகள் மற்றும் கருத்துகள்.
"The System also takes feedback about system performance and experience. Information on name, mobile number, date of registration and health status may be used for these purposes","கணினி செயல்திறன் மற்றும் அனுபவம் பற்றிய கருத்துக்களையும் கணினி எடுத்துக்கொள்கிறது. இந்த நோக்கங்களுக்காக பெயர், மொபைல் எண், பதிவு செய்யப்பட்ட தேதி மற்றும் சுகாதார நிலை பற்றிய தகவல்கள் பயன்படுத்தப்படலாம்"
3. SHARING OF INFORMATION,3. தகவல் பகிர்வு
3.1. Tracking health progress.,3.1. சுகாதார முன்னேற்றத்தைக் கண்காணித்தல்.
"The personal information collected from you at the time of registration under Clause 1 above, will be stored securely and only be used by the Government of India or State Govts for the purpose of tracking health progress and status, generating reports, heat maps and other statistical visualizations for the purpose of the management of Poshan Tracker in the country,. Your Reference ID (Mobile number) will only be co-related with your personal information in order to communicate to you through SMS as per the clause 1 above.","மேலே உள்ள பிரிவு 1 இன் கீழ் பதிவு செய்யும் போது உங்களிடமிருந்து சேகரிக்கப்பட்ட தனிப்பட்ட தகவல்கள் பாதுகாப்பாக சேமிக்கப்படும், மேலும் அவை இந்திய அரசு அல்லது மாநில அரசுகளால் சுகாதார முன்னேற்றம் மற்றும் நிலையை கண்காணிக்கும் நோக்கத்திற்காக மட்டுமே பயன்படுத்தப்படும், அறிக்கைகள் உருவாக்குதல், வெப்ப வரைபடங்கள், காட்சிப்படுத்தல்கள் மற்றும் பிற புள்ளிவிவரங்கள் நாட்டில் போஷன் டிராக்கரின் நிர்வாகத்தின் நோக்கத்திற்காக பயன்படுத்தப்படும். மேலே உள்ள பிரிவு 1 இன் படி SMS மூலம் உங்களுடன் தொடர்புகொள்வதற்காக உங்கள் குறிப்பு ஐடி (மொபைல் எண்) உங்கள் தனிப்பட்ட தகவலுடன் மட்டுமே தொடர்புடையதாக இருக்கும்."
"We do not disclose or transfer your information to any other third parties without your consent, unless such disclosure or transfer is:","அத்தகைய வெளிப்படுத்தல் அல்லது பரிமாற்றம் இல்லாதவரை, உங்கள் அனுமதியின்றி வேறு எந்த மூன்றாம் தரப்பினருக்கும் உங்கள் தகவலை வெளியிடவோ அல்லது மாற்றவோ மாட்டோம்:"
1. Required in order to comply with any applicable law or court order or direction; or,1. பொருந்தக்கூடிய சட்டம் அல்லது நீதிமன்ற உத்தரவு அல்லது வழிகாட்டுதலுக்கு இணங்குவதற்குத் தேவை; அல்லது
"2. Requested by any appropriate Governmental agency as per applicable law for the purpose of, inter alia, verification of identity, prevention, detection, investigation, prosecution or punishment of any offences or incidents.","2. ஏதேனும் குற்றங்கள் அல்லது சம்பவங்களின் அடையாளச் சரிபார்ப்பு, தடுத்தல், கண்டறிதல், விசாரணை, வழக்குத் தொடுத்தல் அல்லது தண்டனை போன்றவற்றின் நோக்கத்திற்காக, பொருந்தக்கூடிய சட்டத்தின்படி ஏதேனும் பொருத்தமான அரசு நிறுவனத்தால் கோரப்பட்டது."
3.2. Legal Disclosures.,3.2. சட்ட வெளிப்பாடுகள்.
"We may access, preserve and share your information in response to a legal request, subpoena, or other legal process or if we have a good faith belief that disclosure is reasonably necessary to (1) investigate, prevent or take action regarding fraud or  illegal activities or to assist government enforcement agencies; (2) enforce our agreements with you; (3) investigate and defend ourselves against any third-party claims or allegations; (4) protect the security or integrity of our Services (such as by sharing with companies facing similar threats); or (5) exercise or protect the rights and safety of any person.","சட்டக் கோரிக்கை, சப்போனா அல்லது பிற சட்டச் செயல்முறைகளுக்குப் பதிலளிக்கும் வகையில் உங்கள் தகவலை நாங்கள் அணுகலாம், பாதுகாத்துப் பகிரலாம் அல்லது (1) மோசடி அல்லது சட்டவிரோத நடவடிக்கைகள் குறித்து விசாரணை, தடுக்க அல்லது நடவடிக்கை எடுப்பதற்கு வெளிப்படுத்துதல் நியாயமானதே அவசியம் என்று எங்களுக்கு நல்ல நம்பிக்கை இருந்தால் அல்லது அரசாங்க அமலாக்க நிறுவனங்களுக்கு உதவுதல்; (2) உங்களுடன் எங்கள் ஒப்பந்தங்களைச் செயல்படுத்துதல்; (3) எந்த மூன்றாம் தரப்பு உரிமைகோரல்கள் அல்லது குற்றச்சாட்டுகளுக்கு எதிராக நம்மை நாமே விசாரித்து பாதுகாத்துக்கொள்ளவும்; (4) எங்கள் சேவைகளின் பாதுகாப்பு அல்லது ஒருமைப்பாட்டைப் பாதுகாத்தல் (அத்தகைய அச்சுறுத்தல்களை எதிர்கொள்ளும் நிறுவனங்களுடன் பகிர்ந்து கொள்வது போன்றவை); அல்லது (5) எந்தவொரு நபரின் உரிமைகள் மற்றும் பாதுகாப்பைப் பயன்படுத்துதல் அல்லது பாதுகாத்தல்."
4. RETENTION,4. தக்கவைத்தல்
"All personal information collected from you under Clause 1 at the time of registration will be retained for as long as your record remains in existence and if any medical or administrative interventions have been commenced under Clause 2, subject to Clause4(b) below, for such period thereafter as is required for such interventions to be completed.","பதிவு செய்யும் போது பிரிவு 1ன் கீழ் உங்களிடமிருந்து சேகரிக்கப்பட்ட அனைத்து தனிப்பட்ட தகவல்களும் உங்கள் பதிவு இருக்கும் வரையில் சேமிக்கப்படும் மற்றும் ஏதேனும் மருத்துவ அல்லது நிர்வாகத் தலையீடுகள் கீழே உள்ள உட்பிரிவு 4(b) க்கு உட்பட்டு பிரிவு 2ன் கீழ் தொடங்கப்பட்டிருந்தால், அத்தகைய தலையீடுகள் முடிக்கப்படுவதற்கு தேவையான கால அவகாசம் எடுக்கப்படும்."
"All personal information collected under Clauses 1 will be retained on the application Server, to the extent that such information relates to people who have been registered for the event.","உட்பிரிவு 1ன் கீழ் சேகரிக்கப்பட்ட அனைத்து தனிப்பட்ட தகவல்களும், நிகழ்வுக்காகப் பதிவுசெய்யப்பட்ட நபர்களுடன் தொடர்புடைய தகவல்களின் அளவிற்கு, பயன்பாட்டு சேவையகத்தில் சேமிக்கப்படும்."
"Nothing set out herein shall apply to the anonymized, aggregated datasets generated by the personal data of registered users of Poshan Tracker or any reports, heat maps or other visualization created using such datasets.","போஷன் டிராக்கர் இன் பதிவுசெய்யப்பட்ட பயனர்களின் தனிப்பட்ட தரவு அல்லது அத்தகைய தரவுத்தொகுப்புகளைப் பயன்படுத்தி உருவாக்கப்பட்ட அறிக்கைகள், வெப்ப வரைபடங்கள் அல்லது பிற காட்சிப்படுத்தல் மூலம் உருவாக்கப்பட்ட அநாமதேய, ஒருங்கிணைந்த தரவுத்தொகுப்புகளுக்கு இங்கு குறிப்பிடப்பட்டுள்ள எதுவும் பொருந்தாது."
5. RIGHTS,5. உரிமைகள்
"As a registered user, you have the right to access your profile at any time. Although, the changes can only be done as prescribed by the Poshan Tracker system from time to time.","பதிவுசெய்யப்பட்ட பயனராக, எந்த நேரத்திலும் உங்கள் சுயவிவரத்தை அணுக உங்களுக்கு உரிமை உள்ளது. இருப்பினும், போஷன் டிராக்கர் அமைப்பால் அவ்வப்போது பரிந்துரைக்கப்பட்ட மாற்றங்களை மட்டுமே செய்ய முடியும்."
You cannot manage the communications that you receive from us or how you receive them.,எங்களிடமிருந்து நீங்கள் பெறும் தகவல்தொடர்புகளையோ அல்லது அவற்றை எவ்வாறு பெறுகிறீர்கள் என்பதையோ உங்களால் நிர்வகிக்க முடியாது.
6. DATA SECURITY,6. தரவு பாதுகாப்பு
"Poshan Tracker Platform has reasonable security measures and safeguards in place to protect your privacy and personal information from loss, misuse, unauthorized access, disclosure, destruction, and alteration of the information in compliance with applicable laws. Further, whenever you change or access your account on the System or any information relating to it, we offer the use of a secure server. It is further clarified that you have, so long as you access and/or use the System (directly or indirectly), the obligation to ensure that you, shall at all times, take adequate physical, managerial, and technical safeguards, at your end, to preserve the integrity and security of your data which shall include and not be limited to your personal information.","போஷன் டிராக்கர் பிளாட்ஃபார்ம் உங்கள் தனியுரிமை மற்றும் தனிப்பட்ட தகவல்களை இழப்பு, தவறாகப் பயன்படுத்துதல், அங்கீகரிக்கப்படாத அணுகல், வெளிப்படுத்துதல், அழித்தல் மற்றும் பொருந்தக்கூடிய சட்டங்களுக்கு இணங்க தகவல்களை மாற்றுதல் ஆகியவற்றிலிருந்து பாதுகாக்க நியாயமான பாதுகாப்பு நடவடிக்கைகள் மற்றும் பாதுகாப்புகளைக் கொண்டுள்ளது. மேலும், சிஸ்டத்தில் உங்கள் கணக்கை மாற்றும்போதோ அல்லது அணுகும்போதோ அல்லது அது தொடர்பான எந்தத் தகவலுக்கும், நாங்கள் பாதுகாப்பான சர்வரைப் பயன்படுத்துகிறோம். நீங்கள் கணினியை (நேரடியாகவோ அல்லது மறைமுகமாகவோ) அணுகும் மற்றும்/அல்லது பயன்படுத்தும் வரை, உங்கள் முடிவில் போதுமான உடல், மேலாண்மை மற்றும் தொழில்நுட்ப பாதுகாப்புகளை நீங்கள் எப்போதும் எடுத்துக்கொள்வதை உறுதிசெய்யும் கடமை உங்களுக்கு உள்ளது என்பது மேலும் தெளிவுபடுத்தப்படுகிறது., உங்கள் தரவின் ஒருமைப்பாடு மற்றும் பாதுகாப்பைப் பாதுகாக்க, அதில் உங்கள் தனிப்பட்ட தகவல்கள் அடங்கும் மற்றும் மட்டுப்படுத்தப்படவில்லை."
7. CHANGES TO PRIVACY POLICY,7. தனியுரிமைக் கொள்கையில் மாற்றங்கள்
"Poshan Tracker reserve the unconditional right to change, modify, add, or remove any part of this Privacy Policy at any time, without specifically notifying you of such changes. Any changes or updates will be effective immediately. You should review this Privacy Policy regularly for changes.","போஷன் டிராக்கர் இந்த தனியுரிமைக் கொள்கையின் எந்தப் பகுதியையும், எந்த நேரத்திலும், அத்தகைய மாற்றங்களைப் பற்றி உங்களுக்குத் தெரிவிக்காமல், எந்த நேரத்திலும் மாற்ற, மாற்ற, சேர்க்க அல்லது அகற்ற நிபந்தனையற்ற உரிமையைப் பெற்றுள்ளார். ஏதேனும் மாற்றங்கள் அல்லது புதுப்பிப்புகள் செய்யப்பட்டால் அவை உடனடியாக நடைமுறைக்கு வரும். மாற்றங்களுக்கு இந்த தனியுரிமைக் கொள்கையை நீங்கள் தொடர்ந்து மதிப்பாய்வு செய்ய வேண்டும்."
"We will use commercially reasonable efforts to generally notify all users of any material changes to this Privacy Policy, such as through a notice on the System. However, as a user of the System, you should regularly check the Privacy Policy for any changes. We will also update the “Last Updated” date at the top of this Privacy Policy, which reflects the effective date of this Privacy Policy. Your continued access or use of the System after the date of the new Privacy Policy constitutes your acceptance of the new Privacy Policy. If you do not agree to the new Privacy Policy, you must stop accessing and/or using the System. You hereby acknowledge that any collection, storage, processing or other use of your information shall be governed by the Privacy Policy as applicable at the time of such collection, storage, processing or other use.","இந்த தனியுரிமைக் கொள்கையில் ஏதேனும் பொருள் மாற்றங்கள் இருந்தால், சிஸ்டத்தில் அறிவிப்பு மூலம் அனைத்துப் பயனர்களுக்கும் பொதுவாகத் தெரிவிக்க வணிக ரீதியாக நியாயமான முயற்சிகளைப் பயன்படுத்துவோம். இருப்பினும், கணினியின் பயனராக, ஏதேனும் மாற்றங்கள் இருந்தால் தனியுரிமைக் கொள்கையை நீங்கள் தொடர்ந்து சரிபார்க்க வேண்டும். இந்தத் தனியுரிமைக் கொள்கையின் மேலே உள்ள ""கடைசியாகப் புதுப்பிக்கப்பட்ட"" தேதியையும் நாங்கள் புதுப்பிப்போம், இது இந்தத் தனியுரிமைக் கொள்கையின் நடைமுறைத் தேதியைப் பிரதிபலிக்கிறது. புதிய தனியுரிமைக் கொள்கையின் தேதிக்குப் பிறகு உங்கள் தொடர்ச்சியான அணுகல் அல்லது கணினியைப் பயன்படுத்துவது புதிய தனியுரிமைக் கொள்கையை நீங்கள் ஏற்றுக்கொள்வதைக் குறிக்கிறது. புதிய தனியுரிமைக் கொள்கையை நீங்கள் ஏற்கவில்லை என்றால், நீங்கள் கணினியை அணுகுவதையும்/அல்லது பயன்படுத்துவதையும் நிறுத்த வேண்டும். எந்தவொரு சேகரிப்பு, சேமிப்பகம், செயலாக்கம் அல்லது உங்கள் தகவலின் பிற பயன்பாடு, அத்தகைய சேகரிப்பு, சேமிப்பகம், செயலாக்கம் அல்லது பிற பயன்பாட்டின் போது பொருந்தக்கூடிய தனியுரிமைக் கொள்கையால் நிர்வகிக்கப்படும் என்பதை நீங்கள் இதன்மூலம் ஒப்புக்கொள்கிறீர்கள்."
Careers At Poshan Tracker,போஷன் டிராக்கரில் வேலை
We believe in building doers. Poshan Tracker is a project of Ministry of Women and Child Development. Digital India Corporation is the technical partner of MoWCD. Poshan Tracker focuses on eradication of malnutrition from India. It serves as a mechanism to monitor and improvise on the service delivery under Poshan Abhiyaan.,"செயல்புரிபவர்களை உருவாக்குவதில் நாங்கள் நம்பிக்கை கொண்டுள்ளோம் போஷன் டிராக்கர் மகளிர் மற்றும் சிறுவர் முன்னேற்ற அமைச்சகத்தின் திட்டமாகும் டிஜிடல் இந்தியா கார்ப்பரேஷன் MoWCD.-இன் தொழில்நுட்பக் கூட்டாளியாகும் இந்தியாவிலுருந்து ஊட்டச்சத்துக் குறைவை அறவே ஒழிப்பதில் போஷன் டிராக்கர் கவனம் செலுத்துகிறது. அது போஷன் அபியானின் கீழ் சேவை வழங்குதலைக் கண்காணிப்பதற்கும், மேன்மைப்படுத்தவதற்குமான ஒரு மெகானிசமாகச் செயல்படுகிறது.."
Job openings,நிரப்பப்பட உள்ள பணியிடங்கள்
Video Conference,வீடியோ மாநாடு
Monday to Friday,திங்கள் முதல் வெள்ளி வரை
Book VC,புத்தகம் வி.சி.
Get In Touch,தொடர்பில் இருங்கள்
"Ministry of Women and Child Development, Government of India, Shastri Bhawan, New Delhi","பெண்கள் மற்றும் குழந்தைகள் மேம்பாட்டு அமைச்சகம், இந்திய அரசு, சாஸ்திரி பவன், புது தில்லி"
