data,language
പോഷൻ കാൽക്കുലേറ്റർ എങ്ങനെ ഉപയോഗിക്കാം?,ml
നിങ്ങൾക്കും നിങ്ങളുടെ കുടുംബത്തിനും സുരക്ഷിതവും കാര്യക്ഷമവുമായ ഡിജിറ്റൽ ഹെൽത്ത് റെക്കോർഡുകൾ സൃഷ്‌ടിക്കുന്നതിനുള്ള ആദ്യപടിയാണ് ABHA (ഹെൽത്ത് ഐഡി) ഉപയോഗിക്കുന്നത്.,ml
"പങ്കെടുക്കുന്ന ഹെൽത്ത് കെയർ പ്രൊവൈഡർമാരുമായുള്ള നിങ്ങളുടെ ആശയവിനിമയം ഇത് പ്രാപ്തമാക്കുന്നു, കൂടാതെ നിങ്ങളുടെ ഡിജിറ്റൽ ലാബ് റിപ്പോർട്ടുകൾ, കുറിപ്പടികൾ, രോഗനിർണയം എന്നിവ പരിശോധിച്ചുറപ്പിച്ച ഹെൽത്ത് കെയർ പ്രൊഫഷണലുകളിൽ നിന്നും ആരോഗ്യ സേവന ദാതാക്കളിൽ നിന്നും പരിധികളില്ലാതെ സ്വീകരിക്കാനും നിങ്ങളെ അനുവദിക്കുന്നു.",ml
കുട്ടികൾ‌ക്കും ക o മാരക്കാർ‌ക്കും മുൻ‌ഗണനകൾ‌ക്കുമുള്ള പോഷക ഫലങ്ങൾ‌ മെച്ചപ്പെടുത്തുന്നതിനുള്ള ഇന്ത്യയുടെ മുൻ‌നിര പദ്ധതിയാണ് പോഷൻ‌ അഭിയാൻ.,ml
"അംഗൻവാടി സെന്ററിന്റെ (എഡബ്ല്യുസി) പ്രവർത്തനങ്ങൾ, അംഗൻവാടി വർക്കേഴ്സിന്റെ (എഡബ്ല്യുഡബ്ല്യു) സേവന ഡെലിവറികൾ, ഗർഭിണികൾ, മുലയൂട്ടുന്ന അമ്മമാർ, കുട്ടികൾ എന്നിവരുടെ സമ്പൂർണ്ണ ഗുണഭോക്തൃ മാനേജുമെന്റ് എന്നിവയെക്കുറിച്ച് 360 ഡിഗ്രി കാഴ്ച നൽകുക എന്നതാണ് പോഷാൻ ട്രാക്കർ ആപ്ലിക്കേഷന്റെ ലക്ഷ്യം.",ml
"നിർ‌ദ്ദിഷ്‌ട സൂചകങ്ങളിൽ‌ എല്ലാ എ‌ഡബ്ല്യുസി, എ‌ഡബ്ല്യുഡബ്ല്യു, ഗുണഭോക്താക്കൾ എന്നിവരുടെ തത്സമയ നിരീക്ഷണവും ട്രാക്കുചെയ്യലും നിർദ്ദിഷ്ട സംവിധാനം പ്രാപ്തമാക്കണം.",ml
ഒരാൾക്ക് എങ്ങനെ പോഷാൻ ട്രാക്കർ എ. പി. പി ഡൗൺലോഡുചെയ്യാനാകും?,ml
"ഇല്ല, പോഷൻ ട്രാക്കർ പതിപ്പിന് മാത്രം ലഭ്യമാണ്.",ml
മൊബൈലിൽ പോഷൻ ട്രാക്കർ ആപ്പ് ഇൻസ്റ്റാൾ ചെയ്യുന്നതിനുള്ള ഏറ്റവും കുറഞ്ഞ ആവശ്യകത എന്താണ്?,ml
ആൻഡ്രോയിഡ് പതിപ്പ് 6.0 ഉം അതിന് മുകളിലുള്ളതുമായ ആൻഡ്രോയിഡ് ഫോണിൽ മാത്രമേ പോഷൻ ട്രാക്കർ ആപ്പ് ഇൻസ്റ്റാൾ ചെയ്യാൻ കഴിയൂ.,ml
AWW-ന് അവരുടെ ആധാർ നമ്പർ അടിസ്ഥാനമാക്കി ഒരു AWC-യിൽ നിന്ന് മറ്റൊരു AWC-ലേക്ക് ഒരു ഗുണഭോക്താവിനെ മൈഗ്രേറ്റ് ചെയ്യാൻ 'മൈഗ്രേറ്റ് ബെനിഫിഷ്യറി' ഓപ്ഷൻ ഉപയോഗിക്കാം.,ml
ഒരു ഗുണഭോക്താവിന്റെ യോഗ്യത എന്താണ്?,ml
ഒരു ഗുണഭോക്താവിന് ഒരു മാസത്തിൽ കുറഞ്ഞത് 21 ദിവസത്തേക്ക് THR-ന് അർഹതയുണ്ട്.,ml
ടേക്ക് ഹോം റേഷൻ ലഭിക്കാൻ അർഹതയുള്ളത് ആരാണ്?,ml
"ഗർഭിണികൾ, മുലയൂട്ടുന്ന അമ്മമാർ, 6 മാസം മുതൽ 3 വയസ്സ് വരെയുള്ള കുട്ടികൾ, കൗമാരക്കാരായ പെൺകുട്ടികൾ.",ml
റേഷൻ വീട്ടിലേക്ക് കൊണ്ടുപോകുന്നതിനെക്കുറിച്ച് എനിക്ക് എവിടെ അന്വേഷിക്കാനാകും?,ml
ദയവായി നിങ്ങളുടെ അംഗൻവാടി വർക്കറുമായി ബന്ധപ്പെടുക.,ml
അധിക സപ്ലിമെന്ററി ഭക്ഷണത്തിന് അർഹതയുള്ളവർ.,ml
പോഷകാഹാരക്കുറവ് തിരിച്ചറിയുന്ന കുട്ടികൾക്ക് അധിക ഭക്ഷണ സപ്ലിമെന്റുകൾക്ക് അർഹതയുണ്ട്.,ml
ഒരു ഗുണഭോക്താവിന് ഒരു മാസത്തിൽ കുറഞ്ഞത് 21 ദിവസത്തേക്ക് HCM-ന് അർഹതയുണ്ട്.,ml
ചൂട് പാകം ചെയ്ത ഭക്ഷണത്തിന് അർഹതയുള്ളത് ആരാണ്?,ml
ദയവായി നിങ്ങളുടെ അങ്കണവാടി കേന്ദ്രവുമായി ബന്ധപ്പെടുക.,ml
അധിക സപ്ലിമെന്ററി ഭക്ഷണത്തിന് ആർക്കാണ് അർഹത?,ml
"കുട്ടികൾക്കിടയിലെ വളർച്ച മുരടിപ്പ്, ക്ഷീണം, ഭാരക്കുറവ് എന്നിവയുടെ ചലനാത്മകമായ തിരിച്ചറിയൽ, പോഷകാഹാര സേവന വിതരണത്തിന്റെ അവസാന മൈൽ ട്രാക്കിംഗ് എന്നിവയ്ക്കായി പോഷൻ ട്രാക്കറിന് കീഴിലുള്ള സാങ്കേതികവിദ്യ പ്രയോജനപ്പെടുത്തുന്നു.",ml
അങ്കണവാടി ജീവനക്കാരുടെ പ്രയത്നത്തിന്റെ പ്രതിഫലനത്തോടൊപ്പം സേവനങ്ങൾ കാര്യക്ഷമമായി എത്തിക്കുന്നതിനുള്ള ഒരു തൊഴിൽ സഹായമാണ് പോഷൻ ട്രാക്കർ.,ml
"പോഷൻ അഭിയാന് കീഴിലുള്ള നിർണായകവും ഗുണഭോക്താക്കളെ കേന്ദ്രീകരിച്ചുള്ളതുമായ സേവന ഡെലിവറി ആപ്ലിക്കേഷനാണിത്, ഇത് അനലിറ്റിക്‌സിനൊപ്പം തത്സമയ ഡാറ്റ പ്രോത്സാഹിപ്പിക്കും.",ml
"കേന്ദ്രീകൃത ഡാറ്റ ആർക്കിടെക്ചർ ഉപയോഗിച്ചാണ് ഇത് നിർമ്മിച്ചിരിക്കുന്നത്, അത് മറ്റ് മന്ത്രാലയങ്ങളുടെയും പ്രോഗ്രാമുകളുടെയും ഡിജിറ്റൽ സാങ്കേതിക സംവിധാനങ്ങളുമായി വിന്യസിക്കുന്നു.",ml
"അങ്കണവാടികളുടെ (എഡബ്ല്യുസി) പ്രവർത്തനങ്ങളുടെ 360 ഡിഗ്രി വീക്ഷണം, അങ്കണവാടി വർക്കർമാരുടെ (എഡബ്ല്യുഡബ്ല്യു) സേവനങ്ങൾ, ഗർഭിണികൾക്കും മുലയൂട്ടുന്ന അമ്മമാർക്കും കുട്ടികൾക്കും പൂർണ്ണമായ ഗുണഭോക്തൃ മാനേജ്മെന്റ് നൽകുക എന്നിവയാണ് ലക്ഷ്യം.",ml
ഗുണഭോക്താക്കൾക്ക് നൽകുന്ന സേവനങ്ങളിൽ സുതാര്യത നൽകാൻ പൊതു ഡാഷ്ബോർഡ് സഹായിക്കുന്നു.,ml
"ടേക്ക് ഹോം റേഷൻ (THR), ഹോട്ട് കുക്ക്ഡ് മീൽ (HCM), ശിശുക്കൾക്കും ഗർഭിണികൾക്കും വാക്സിനേഷൻ പോലുള്ള സേവനങ്ങൾ.",ml
"ആരോഗ്യ സൂചകങ്ങളായ മുരടിപ്പ്, ക്ഷീണം, ഭാരക്കുറവ് എന്നിവയുടെ വ്യാപനം ലോകാരോഗ്യ സംഘടനയുടെ മാനദണ്ഡങ്ങൾക്കനുസരിച്ചാണ് അളക്കുന്നത്.",ml
ക്രമമായ വളർച്ചാ നിരീക്ഷണം കുട്ടികൾക്ക് പ്രസക്തവും സമയബന്ധിതവുമായ സഹായം നൽകാൻ AWW-കളെ സഹായിക്കുന്നു.,ml
"ഗുണഭോക്താക്കളുടെയും ഡ്യൂട്ടി വഹിക്കുന്നവരുടെയും തത്സമയ ഹാജർ രേഖപ്പെടുത്തുന്നതിലൂടെ ഡെലിവറി സംവിധാനത്തിന്റെ കാര്യക്ഷമമായ ഓഡിറ്റും ഇത് ഉറപ്പാക്കുന്നു. . ഈ മാനേജ്മെന്റ് ഇൻഫർമേഷൻ സിസ്റ്റം പോഷകാഹാര പരിപാടിയെ കാര്യക്ഷമമായി സ്കെയിൽ ചെയ്യാൻ സഹായിക്കും, അതുവഴി നല്ല സ്വാധീനം സൃഷ്ടിക്കുകയും രേഖപ്പെടുത്തുകയും ചെയ്യും.",ml
ഇന്റർനെറ്റ് ഇല്ലാതെ എ. പി. പി ആക്സസ് ചെയ്യാൻ കഴിയുമോ?,ml
"ഇല്ല, സാധുവായ ഇന്റർനെറ്റ് കണക്ഷൻ ഇല്ലാതെ അപ്ലിക്കേഷൻ പ്രവർത്തിക്കുന്നില്ല.",ml
പോഷൻ ട്രാക്കർ ആപ്പിന്റെ ടാർഗെറ്റ് യൂസർബേസ് ആരാണ്?,ml
അംഗൻവാടി തൊഴിലാളികൾക്കും അംഗൻവാടി കേന്ദ്രങ്ങൾക്കും ഗുണഭോക്താക്കളുടെ ഡാറ്റ ഫോമുകളിൽ നൽകുന്നതിന് വേണ്ടിയാണ് പോഷൻ ട്രാക്കർ ആപ്പ്.,ml
ഇത് പൊതുജനങ്ങൾക്കായി വികസിപ്പിച്ചതല്ല.,ml
പോഷൻ ട്രാക്കർ അപ്ലിക്കേഷനിൽ എങ്ങനെ ലോഗിൻ ചെയ്യാം?,ml
എഒപ്പംഒപ്പം- കൾ അവരുടെ മൊബൈൽ നമ്പറുകൾ ലോഗിൻ സ്ക്രീനിൽ നൽകാൻ അഭ്യർത്ഥിക്കുന്നു.,ml
"നിങ്ങളുടെ രജിസ്റ്റർ ചെയ്ത മൊബൈൽ നമ്പറിലേക്ക് ഒരു ഒ‌ടി‌പി അയയ്‌ക്കും, നിങ്ങൾ‌ക്കാവശ്യമുള്ള പോസ്റ്റും നിങ്ങളുടെ എം‌പി‌എൻ‌ സജ്ജമാക്കുക.",ml
എന്താണ് എം‌പി‌ൻ?,ml
പോഷൻ ട്രാക്കർ എപിപിയിൽ രജിസ്റ്റർ ചെയ്യുമ്പോൾ ഒരു അംഗൻവാടി പ്രവർത്തകൻ സജ്ജമാക്കിയ 4 അക്ക പാസ്‌കോഡാണ് എം‌പി‌ൻ.,ml
എം‌പി‌ൻ എങ്ങനെ സജ്ജമാക്കാം?,ml
ബന്ധപ്പെട്ട അംഗൻ‌വാടി പ്രവർത്തകന് അവന്റെ / അവളുടെ മൊബൈൽ‌ നമ്പറിനെതിരെ ഒരു ഒ‌ടി‌പി അഭ്യർത്ഥിച്ച് എം‌പി‌എൻ‌ സജ്ജമാക്കാൻ‌ കഴിയും.,ml
"മൊബൈൽ‌ നമ്പർ‌ ഇതിനകം ഡാറ്റാബേസിൽ‌ ഉണ്ടെങ്കിൽ‌, ബന്ധപ്പെട്ട അംഗൻ‌വാഡി വ്യക്തിക്ക് രജിസ്റ്റർ‌ ചെയ്‌ത മൊബൈൽ‌ നമ്പറിൽ‌ 4 അക്ക ഒ‌ടി‌പി ലഭിക്കും.",ml
"ഒ‌ടി‌പിയിൽ‌ പ്രവേശിക്കുന്ന പോസ്റ്റ്, എ‌ഡബ്ല്യുഡബ്ല്യുവിന് ഇച്ഛാനുസൃതമാക്കിയ എം‌പി‌എൻ എളുപ്പത്തിൽ സജ്ജമാക്കാൻ കഴിയും.",ml
"എം‌പി‌ൻ എപ്പോൾ, എങ്ങനെ ഉപയോഗിക്കണം?",ml
"പോഷാൻ ട്രാക്കർ ആപ്പിലേക്ക് ലോഗിൻ ചെയ്യുമ്പോൾ, അവ സജ്ജീകരിച്ചിട്ടുള്ള എംപിഐയിൽ എഡബ്ല്യുഡബ്ല്യുകൾ പ്രവേശിക്കേണ്ടതുണ്ട്.",ml
പോഷൺ ട്രാക്കർ ആപ്പ് പ്രവർത്തിപ്പിക്കുന്നതിനും ഗുണഭോക്താക്കളുടെ ഫോമുകളിൽ വിവരങ്ങൾ എന്റർ ചെയ്യുന്നതിനും ഈ എംപിഐഎൻ ഒരു പാസ് കോഡായി പ്രവർത്തിക്കും.,ml
എം‌പി‌ൻ പുന: സജ്ജമാക്കുന്നതെങ്ങനെ?,ml
ഏത് AWW/ AWC ഉപയോക്താവിനും എളുപ്പത്തിൽ പുന: സജ്ജമാക്കാൻ കഴിയും.,ml
"നിങ്ങൾ മറന്ന പമ്പ്ൽ ക്ലിക്കുചെയ്യേണ്ടതുണ്ട്, കൂടാതെ നിങ്ങളുടെ രജിസ്റ്റർ ചെയ്ത മൊബൈൽ നമ്പർ നൽകുക.",ml
"നിങ്ങളുടെ രജിസ്റ്റർ ചെയ്ത മൊബൈൽ നമ്പറിൽ നിങ്ങൾക്ക് OTP ലഭിക്കും, കൂടാതെ നിങ്ങളുടെ എം‌പി‌ൻ എളുപ്പത്തിൽ പുന: സജ്ജമാക്കാനും കഴിയും.",ml
പോഷാൻ ട്രാക്കർ ആപ്പ് എത്ര ഭാഷകളിൽ ലഭ്യമാണ്?,ml
ഇംഗ്ലീഷ് ഭാഷയിൽ മാത്രം ഫോം പൂരിപ്പിക്കൽ എഒപ്പംഒപ്പം ന് ചെയ്യാൻ കഴിയും.,ml
പോഷൻ ട്രാക്കർ ആപ്പിൽ എത്ര വ്യത്യസ്ത ഫോമുകൾ ഉണ്ട്?,ml
ഗുണഭോക്താക്കൾക്കായി 7 വ്യത്യസ്ത തരം ഫോമുകൾ ഉണ്ട്.,ml
ഒരു പ്രത്യേക അംഗൻ‌വാടി കേന്ദ്രത്തിൽ‌ നിലവിലുള്ള അടിസ്ഥാന സ to കര്യങ്ങളുമായി ബന്ധപ്പെട്ട വിശദാംശങ്ങൾ‌ നൽ‌കുന്നതിന് എഒപ്പംഒപ്പം ആവശ്യമാണ്.,ml
"ഘടന, അടിസ്ഥാന സ, കര്യങ്ങൾ, സൗകര്യങ്ങൾ, ശുചിത്വം, കുടിവെള്ളം എന്നിവ ഇതിൽ ഉൾപ്പെടുന്നു.",ml
മൊബൈൽ‌ നമ്പറുകൾ‌ വഴി രജിസ്റ്റർ‌ ചെയ്യാൻ‌ കഴിയുന്നില്ലെങ്കിൽ‌ എഒപ്പംഒപ്പംS അപ്ലിക്കേഷനിൽ‌ എങ്ങനെ സൈൻ‌ അപ്പ് ചെയ്യാൻ‌ കഴിയും?,ml
മേൽപ്പറഞ്ഞ രണ്ട് കേസുകളിലും ഏതെങ്കിലും എഒപ്പംഒപ്പം ചേർക്കാനോ / എഡിറ്റുചെയ്യാനോ / സജീവമാക്കാനോ / നിർജ്ജീവമാക്കാനോ സ്റ്റേറ്റ് നോഡൽ ഓഫീസർമാർക്ക് അധികാരമുണ്ട്.,ml
ഒരാൾക്ക് എങ്ങനെ പോഷാൻ ട്രാക്കർ ഡാഷ്‌ബോർഡ് ആക്‌സസ് ചെയ്യാൻ കഴിയും?,ml
"ദേശീയ, സംസ്ഥാന, ജില്ല, പ്രോജക്റ്റ്, സെക്ടർ തലങ്ങളിലെ നാമനിർദ്ദേശം ചെയ്യപ്പെട്ട നോഡൽ ലെവൽ ഓഫീസർമാർക്ക് മാത്രമേ ഡാഷ്‌ബോർഡ് ആക്‌സസ് ചെയ്യുന്നതിന് സവിശേഷമായ യോഗ്യതാപത്രങ്ങൾ നൽകിയിട്ടുള്ളൂ.",ml
ഒരാൾക്ക് എങ്ങനെ എഒപ്പംഒപ്പം / എഒപ്പംഒപ്പം ചേർക്കാൻ കഴിയും?,ml
AWW / AWC- കൾ നോഡൽ ലെവൽ ഉദ്യോഗസ്ഥർക്ക് മാത്രമേ ചേർക്കാൻ കഴിയൂ.,ml
ശ്രേണിയിൽ മുകളിലുള്ള റംഗിലുള്ള ആരെങ്കിലും.,ml
"ദേശീയ തലത്തിലുള്ള ഉപയോക്താവിന് സംസ്ഥാന, ജില്ല, പ്രോജക്റ്റ്, മേഖല തലത്തിലുള്ള ഉപയോക്താക്കളെ സൃഷ്ടിക്കാൻ കഴിയും.",ml
"സംസ്ഥാനതലത്തിലുള്ള ഉപയോക്താവിന് ജില്ല, പ്രോജക്റ്റ്, സെക്ടർ ലെവൽ ഉപയോക്താക്കളെ സൃഷ്ടിക്കാൻ കഴിയും, ജില്ലാതല ഉപയോക്താവിന് പ്രോജക്റ്റ്, സെക്ടർ ലെവൽ ഉപയോക്താവിനെ സൃഷ്ടിക്കാൻ കഴിയും, പ്രോജക്റ്റ് ലെവൽ ഉപയോക്താവിന് സെക്ടർ ലെവൽ യൂസർ.",ml
ക സൃഷ്ടിക്കാൻ കഴിയും.,ml
പോഷൻ ട്രാക്കർ ഡാഷ്‌ബോർഡിൽ എത്ര വ്യത്യസ്ത തരം റിപ്പോർട്ടുകൾ സൃഷ്ടിക്കാൻ കഴിയും?,ml
 support-poshantrackr@gov. in ൽ ഇമെയിലുകൾ അയച്ചുകൊണ്ട് പോഷൻ ട്രാക്കർ ടീമിനെ ബന്ധപ്പെടാം.,ml
ഹാൻഡ്‌ഹോൾഡിംഗിനും പിന്തുണയ്‌ക്കും ഞങ്ങൾ ഓരോ ദിവസവും ഉച്ചകഴിഞ്ഞ് 4:15 മുതൽ 5:15 വരെ വീഡിയോ കോൺഫറൻസിലൂടെ ലഭ്യമാണ്.,ml
ഒരു ഗുണഭോക്താവിന് അപേക്ഷ ഉപയോഗിച്ച് നേരിട്ട് രജിസ്റ്റർ ചെയ്യാം.,ml
"വിവിധ വംശീയ പശ്ചാത്തലങ്ങളിൽ നിന്നും സാംസ്കാരിക പശ്ചാത്തലങ്ങളിൽ നിന്നുമുള്ള (ബ്രസീൽ, ഘാന, ഇന്ത്യ, നോർവേ, ഒമാൻ, യുഎസ്എ) ഏകദേശം 8500 കുട്ടികളിൽ നിന്ന് പ്രാഥമിക വളർച്ചാ വിവരങ്ങളും അനുബന്ധ വിവരങ്ങളും MGRS ശേഖരിച്ചു.",ml
ജനനം മുതൽ അഞ്ച് വയസ്സുവരെയുള്ള എല്ലാ കുട്ടികൾക്കും ശാരീരിക വളർച്ചയുടെ ഏറ്റവും മികച്ച വിവരണവും വളർച്ചയ്ക്കും വികാസത്തിനുമുള്ള മാതൃകാ മാതൃകയായി മുലയൂട്ടുന്ന ശിശുവിനെ പ്രതിനിധീകരിക്കുന്ന ഒരൊറ്റ അന്താരാഷ്ട്ര നിലവാരം പുതിയ വളർച്ചാ വളവുകൾ നൽകുമെന്ന് പ്രതീക്ഷിക്കുന്നു.,ml
നിങ്ങളുടെ ആരോഗ്യം എങ്ങനെ പുനരുജ്ജീവിപ്പിക്കാം?,ml
"സൈറ്റ് സന്ദർശിക്കുകയോ ഉപയോഗിക്കുകയോ ചെയ്യുന്നതിലൂടെ, കാലാകാലങ്ങളിൽ അപ്ഡേറ്റ് ചെയ്യുന്ന ഈ നിബന്ധനകൾ നിങ്ങൾ വ്യക്തമായി അംഗീകരിക്കുന്നു.",ml
"ഈ നിബന്ധനകളുടെ ഏതെങ്കിലും ഭാഗം നിങ്ങൾ അംഗീകരിക്കുന്നില്ലെങ്കിൽ, സൈറ്റ് ഉപയോഗിക്കരുത്.",ml
എന്തെങ്കിലും മാറ്റങ്ങളോ അപ്‌ഡേറ്റുകളോ ഉടനടി പ്രാബല്യത്തിൽ വരും.,ml
മാറ്റങ്ങൾക്കായി കാലാകാലങ്ങളിൽ ഈ ഉപയോഗ നിബന്ധനകൾ പരിശോധിക്കുന്നതിനുള്ള ഉത്തരവാദിത്തം നിങ്ങൾ ഏറ്റെടുക്കുന്നു.,ml
"സൈറ്റ് വാഗ്ദാനം ചെയ്യുന്ന ചില സവിശേഷതകളോ സേവനങ്ങളോ ഉപയോഗിക്കാൻ നിങ്ങൾ ആഗ്രഹിക്കുന്നുവെങ്കിൽ, നിങ്ങളുടെ മൊബൈൽ നമ്പർ ഉപയോഗിച്ച് ഒരു അക്കൗണ്ടിനായി നിങ്ങൾ രജിസ്റ്റർ ചെയ്യേണ്ടതുണ്ട്.",ml
"ഈ നിബന്ധനകൾ അംഗീകരിച്ചുകൊണ്ട്, നിങ്ങളുടെ ഐഡന്റിറ്റി വിവരങ്ങളും (ആധാർ വിശദാംശങ്ങൾ ഉൾപ്പെടെ) നിങ്ങളുടെ അക്കൗണ്ടിൽ രജിസ്റ്റർ ചെയ്തിട്ടുള്ള മറ്റെല്ലാ അംഗങ്ങളുടെയും വിവരങ്ങൾ ഉപയോഗിക്കുന്നതിന് ഞങ്ങളെ അധികാരപ്പെടുത്താൻ നിങ്ങൾ വ്യക്തമായി സമ്മതിക്കുന്നു.",ml
നിങ്ങളുടെ സ്വകാര്യ വിവരങ്ങളുടെയും രജിസ്ട്രേഷന്റെയും രഹസ്യസ്വഭാവം കാത്തുസൂക്ഷിക്കുന്നതിനും ഈ വിവരങ്ങൾ സുരക്ഷിതമായി സൂക്ഷിക്കുന്നതിൽ നിങ്ങൾ പരാജയപ്പെടുന്നതിന്റെ ഫലമായുണ്ടാകുന്ന എല്ലാ പ്രവർത്തനങ്ങളുടെയും ഉത്തരവാദിത്തം നിങ്ങൾക്കാണ്.,ml
നിങ്ങളുടെ അക്കൗണ്ടിലോ മൊബൈൽ നമ്പറിലോ ആ വ്യക്തിയായി ആൾമാറാട്ടം നടത്തുക എന്ന ഉദ്ദേശ്യത്തോടെ മറ്റൊരു വ്യക്തിയുടെ പേര് ഉൾപ്പെടുത്തരുത്.,ml
മറ്റൊരു ഉപയോക്താവിന്റെ അനുമതി കൂടാതെ അവരുടെ അക്കൗണ്ട് നിങ്ങൾ ഉപയോഗിക്കരുത്.,ml
"നിങ്ങളുടെ അക്കൗണ്ടിന്റെ ഏതെങ്കിലും അനധികൃത ഉപയോഗമോ അക്കൗണ്ടുമായി ബന്ധപ്പെട്ട മറ്റ് സുരക്ഷാ ലംഘനമോ കണ്ടെത്തിയാൽ, നിങ്ങൾ ഉടൻ ഞങ്ങളെ രേഖാമൂലം അറിയിക്കും.",ml
നിങ്ങളുടെ അക്കൗണ്ട് മറ്റൊരാളുടെ അവകാശങ്ങൾ ലംഘിക്കുകയോ ഞങ്ങളുടെ നയങ്ങൾ ലംഘിക്കുകയോ ചെയ്യുന്നതായി ഞങ്ങൾക്ക് പരാതി ലഭിച്ചാൽ ഞങ്ങൾ നിങ്ങളുടെ അക്കൗണ്ട് റദ്ദാക്കുകയോ ബ്ലോക്ക് ചെയ്യുകയോ ചെയ്യാം.,ml
ഞങ്ങൾ എപ്പോൾ വേണമെങ്കിലും സൈറ്റിന്റെ ഉള്ളടക്കവും സവിശേഷതകളും മാറ്റിയേക്കാം.,ml
"സൈറ്റിൽ പ്രദർശിപ്പിച്ചിരിക്കുന്ന രജിസ്റ്റർ ചെയ്തതും രജിസ്റ്റർ ചെയ്യാത്തതുമായ വ്യാപാരമുദ്രകൾ, ലോഗോകൾ, സേവന മാർക്കുകൾ എന്നിവ ഞങ്ങളുടെ അല്ലെങ്കിൽ ഞങ്ങളുടെ ലൈസൻസർമാരുടെ ഉടമസ്ഥതയിലുള്ളതാണ്.",ml
ഞങ്ങളുടെ മുൻകൂർ രേഖാമൂലമുള്ള അനുമതിയില്ലാതെ നിങ്ങളുടെ വ്യാപാരമുദ്രയും ലോഗോയും സേവന അടയാളങ്ങളും ഒരു തരത്തിലും ഉപയോഗിക്കരുത്.,ml
ഈ വെബ്‌സൈറ്റിൽ ഫീച്ചർ ചെയ്‌തിരിക്കുന്ന മെറ്റീരിയൽ സൗജന്യമായി പുനർനിർമ്മിച്ചേക്കാം.,ml
"എന്നിരുന്നാലും, സൈറ്റിന്റെ ഒരു ഭാഗവും ഉള്ളടക്കവും പകർത്താനോ പുനഃപ്രസിദ്ധീകരിക്കാനോ പുനർനിർമ്മിക്കാനോ അപ്‌ലോഡ് ചെയ്യാനോ പോസ്റ്റുചെയ്യാനോ പൊതുവായി പ്രദർശിപ്പിക്കാനോ എൻകോഡ് ചെയ്യാനോ വിവർത്തനം ചെയ്യാനോ പ്രക്ഷേപണം ചെയ്യാനോ മറ്റേതെങ്കിലും വിധത്തിൽ മറ്റേതെങ്കിലും കമ്പ്യൂട്ടറിലേക്കോ സെർവറിലേക്കോ വെബ്‌സൈറ്റിലേക്കോ മറ്റ് മാധ്യമങ്ങളിലേക്കോ പ്രസിദ്ധീകരണത്തിനായി വിതരണം ചെയ്യാനോ പാടില്ല.",ml
അപകീർത്തികരമായ രീതിയിൽ അല്ലെങ്കിൽ തെറ്റിദ്ധരിപ്പിക്കുന്ന സന്ദർഭത്തിൽ.,ml
"നിങ്ങൾ (1) അത്തരം വിവരങ്ങൾ നിങ്ങളുടെ സ്വകാര്യ, വാണിജ്യേതര വിവര ആവശ്യങ്ങൾക്കായി മാത്രം ഉപയോഗിക്കുകയാണെങ്കിൽ, അത്തരം വിവരങ്ങൾ ഏതെങ്കിലും നെറ്റ്‌വർക്കുചെയ്‌ത കമ്പ്യൂട്ടറിൽ പകർത്തുകയോ പോസ്റ്റ് ചെയ്യുകയോ ഏതെങ്കിലും മീഡിയയിൽ പ്രക്ഷേപണം ചെയ്യുകയോ ചെയ്യുകയാണെങ്കിൽ, നിങ്ങൾക്ക് സൈറ്റിൽ ലഭ്യമായ വിവരങ്ങൾ ഉപയോഗിക്കാം, (2 ) അത്തരം വിവരങ്ങളിൽ എന്തെങ്കിലും മാറ്റങ്ങൾ വരുത്തരുത്, അത്തരം രേഖകളും ഉള്ളടക്കവുമായി ബന്ധപ്പെട്ട ഏതെങ്കിലും അധിക പ്രാതിനിധ്യങ്ങളോ വാറന്റികളോ ഉണ്ടാകരുത്.",ml
"മെറ്റീരിയൽ പ്രസിദ്ധീകരിക്കുകയോ മറ്റുള്ളവർക്ക് നൽകുകയോ ചെയ്യുന്നിടത്തെല്ലാം, ഉറവിടം പ്രാധാന്യത്തോടെ അംഗീകരിച്ചിരിക്കണം.",ml
"വിവർത്തനങ്ങൾ മികച്ച പ്രയത്നത്തിന്റെ അടിസ്ഥാനത്തിലാണെങ്കിലും, ചില ഭാഗങ്ങൾ തെറ്റായിരിക്കാം.",ml
വെബ്‌സൈറ്റിലെ ചില ഫയലുകളും മറ്റ് ഇനങ്ങളും വിവർത്തനം ചെയ്യാൻ കഴിയില്ല.,ml
"കൂടാതെ, പരിഭാഷയിൽ, ഭാഷാ തടസ്സങ്ങൾ കാരണം ചില ആപ്ലിക്കേഷനുകളും കൂടാതെ/അല്ലെങ്കിൽ സേവനങ്ങളും പ്രതീക്ഷിച്ച പോലെ പ്രവർത്തിച്ചേക്കില്ല.",ml
"ഈ വെബ്‌സൈറ്റുകൾ ലിങ്ക് ചെയ്‌തിരിക്കുന്നു എന്ന വസ്തുത ഞങ്ങളിൽ നിന്നുള്ള ഈ വെബ്‌സൈറ്റുകളുടെ ഏതെങ്കിലും അംഗീകാരത്തെ സൂചിപ്പിക്കുന്നില്ല, കാരണം ഈ വെബ്‌സൈറ്റുകളിൽ ഞങ്ങൾക്ക് എന്തെങ്കിലും നിയന്ത്രണമുണ്ട്.",ml
ഈ വെബ്‌സൈറ്റുകളുടെ ഏതെങ്കിലും ഉള്ളടക്കമോ സ്വകാര്യതാ രീതികളോ ഉൾപ്പെടെയുള്ള ഈ വെബ്‌സൈറ്റുകൾക്ക് ഞങ്ങൾ ഉത്തരവാദികളല്ല.,ml
ഈ വെബ്‌സൈറ്റുകളുടെ ഉപയോഗ നിബന്ധനകൾ സ്വയം പരിചയപ്പെടാൻ ഞങ്ങൾ നിങ്ങളെ ശക്തമായി പ്രോത്സാഹിപ്പിക്കുന്നു.,ml
ഈ വെബ്‌സൈറ്റുകളുടെ നിങ്ങളുടെ ഉപയോഗം നിങ്ങളുടെ സ്വന്തം ഉത്തരവാദിത്തത്തിലും അപകടത്തിലുമാണ്.,ml
സൈറ്റിലോ സൈറ്റിലൂടെയോ ലഭ്യമായ ഉള്ളടക്കം ഉചിതമോ മറ്റ് സ്ഥലങ്ങളിൽ ലഭ്യമോ ആണെന്ന് ഞങ്ങൾ പ്രതിനിധീകരിക്കുന്നില്ല.,ml
സൈറ്റിന്റെ ലഭ്യത അല്ലെങ്കിൽ സൈറ്റിൽ വിവരിച്ചിരിക്കുന്ന ഏതെങ്കിലും സേവനത്തിന്റെ അല്ലെങ്കിൽ ഉൽപ്പന്നത്തിന്റെ ലഭ്യത ഞങ്ങൾ എപ്പോൾ വേണമെങ്കിലും ഏതെങ്കിലും വ്യക്തിക്കോ ഭൂമിശാസ്ത്രപരമായ പ്രദേശത്തിനോ പരിമിതപ്പെടുത്തിയേക്കാം.,ml
നിങ്ങളുടെ ഇടപാടുകളുമായി ബന്ധപ്പെട്ട് നിങ്ങൾ ഞങ്ങൾക്ക് നൽകുന്ന വിവരങ്ങൾ നിയമപാലകർക്ക് ഞങ്ങൾ നൽകിയേക്കാം.,ml
ഞങ്ങൾക്ക് ഉചിതമെന്ന് തോന്നുന്ന നിയമനടപടി സ്വീകരിക്കാം.,ml
"പോഷൻ ട്രാക്കർ പോർട്ടൽ അല്ലെങ്കിൽ ആപ്പ് നിയന്ത്രിക്കുന്നത് ഇന്ത്യാ ഗവൺമെന്റിലെ സ്ത്രീ-ശിശു വികസന മന്ത്രാലയമാണ്, ഇനി മുതൽ ""MWCD"", ""ഞങ്ങളുടെ"", ""ഞങ്ങൾ"", ""ഞങ്ങൾ"" എന്നിങ്ങനെ പരാമർശിക്കപ്പെടുന്നു, അതിൽ മറ്റ് വകുപ്പുകളേയും ഡിവിഷനുകളേയും കുറിച്ചുള്ള ഒരു റഫറൻസ് ഉൾപ്പെടുന്നു. പ്രോഗ്രാം/പ്രചാരണം. ഈ നയത്തിലെ പോഷൻ ട്രാക്കർ പോർട്ടൽ അല്ലെങ്കിൽ ആപ്പിനെ കുറിച്ചുള്ള റഫറൻസുകളിൽ പോഷൻ ട്രാക്കർ അല്ലെങ്കിൽ പോഷൻ ട്രാക്കറുമായി സംയോജിപ്പിച്ചിട്ടുള്ള മറ്റേതെങ്കിലും ആപ്പുകൾ അല്ലെങ്കിൽ പോർട്ടലുകൾ എന്നിവ ഉൾപ്പെടുന്നു.",ml
"ഈ സ്വകാര്യതാ നയം, ഞങ്ങൾ എന്ത് വിവരങ്ങളാണ് ശേഖരിക്കുന്നത്, എന്തിനാണ് ഞങ്ങൾ അത് ശേഖരിക്കുന്നത്, അത് എങ്ങനെ ഉപയോഗിക്കുകയും പങ്കിടുകയും ചെയ്യുന്നു എന്ന് മനസിലാക്കാൻ നിങ്ങളെ സഹായിക്കുന്നതിന് വേണ്ടിയുള്ളതാണ്.",ml
നിങ്ങളുടെ വിവരങ്ങൾ ശേഖരിക്കുകയും നിലനിർത്തുകയും ചെയ്യുന്ന ഏജൻസി MWCD ആണ്.,ml
നിങ്ങളുടെ സ്വകാര്യ വിവരങ്ങളുടെ സുരക്ഷ പരിരക്ഷിക്കുന്നതിനും നിങ്ങളുടെ സ്വകാര്യത സംരക്ഷിക്കുന്നതിനും ഞങ്ങൾ പ്രതിജ്ഞാബദ്ധരാണ്.,ml
"2000-ലെ ഇൻഫർമേഷൻ ടെക്‌നോളജി ആക്‌ട്, അതിന്റെ നിയമങ്ങളും വ്യക്തിഗത ഡാറ്റയുടെ ശേഖരണവും സംസ്‌കരണവുമായി ബന്ധപ്പെട്ട മറ്റ് ദേശീയ, സംസ്ഥാന നിയമങ്ങളും അനുസരിച്ചാണ് സിസ്റ്റത്തിൽ ശേഖരിക്കുകയും പ്രോസസ്സ് ചെയ്യുകയും ചെയ്യുന്ന ഏതൊരു വിവരവും അല്ലെങ്കിൽ ഡാറ്റയും ചെയ്യുന്നത്.",ml
ഈ സ്വകാര്യതാ നയവും സേവന നിബന്ധനകളും നിങ്ങൾ അംഗീകരിച്ചതിന് മേൽ നിങ്ങളുടെ സിസ്റ്റത്തിലേക്കുള്ള പ്രവേശനവും ഉപയോഗവും വ്യവസ്ഥാപിതമാണ്.,ml
"സിസ്റ്റം ആക്‌സസ് ചെയ്യുന്നതിലൂടെയും കൂടാതെ/അല്ലെങ്കിൽ ഉപയോഗിക്കുന്നതിലൂടെയും, നിങ്ങൾ സേവന നിബന്ധനകളും ഈ സ്വകാര്യതാ നയവും വായിക്കുകയും മനസ്സിലാക്കുകയും അവയ്ക്ക് വിധേയരായിരിക്കുകയും ചെയ്യുന്നുവെന്നും നിങ്ങളുടെ വിവരങ്ങളും ഡാറ്റയും ശേഖരിക്കുകയും സംഭരിക്കുകയും ഉപയോഗിക്കുകയും ചെയ്യുന്ന രീതിയിൽ നിങ്ങൾ സമ്മതിക്കുകയും ചെയ്യുന്നു.",ml
ഈ സ്വകാര്യതാ നയത്തിൽ.,ml
"ഈ സ്വകാര്യതാ നയത്തിന്റെ ക്ലോസ് 1-ൽ വിവരിച്ചിരിക്കുന്ന നിങ്ങളുടെ വിവരങ്ങളുടെ ശേഖരണം ഈ സ്വകാര്യതാ നയത്തിന്റെ ക്ലോസ് 2, 3 എന്നിവയിൽ വ്യക്തമാക്കിയ ഉദ്ദേശ്യങ്ങൾ നിറവേറ്റുന്നതിന് ആവശ്യമാണെന്ന് നിങ്ങൾ ഇതിനാൽ അംഗീകരിക്കുന്നു.",ml
നിങ്ങൾ ഒരു അക്കൗണ്ടിനായി സൈൻ അപ്പ് ചെയ്യുമ്പോൾ ഉൾപ്പെടെ ഞങ്ങളുടെ സേവനങ്ങൾ ഉപയോഗിക്കുമ്പോൾ നിങ്ങൾ നൽകുന്ന ഉള്ളടക്കവും മറ്റ് വിവരങ്ങളും ഞങ്ങൾ ശേഖരിക്കുന്നു.,ml
"എന്നിരുന്നാലും, ഡാറ്റ നൽകുന്നത് ഓപ്ഷണൽ ആയിരിക്കുന്നിടത്ത് വ്യക്തിഗത ഡാറ്റ പങ്കിടരുതെന്ന് നിങ്ങൾക്ക് തിരഞ്ഞെടുക്കാം.",ml
1.2. സേവനങ്ങളുടെ ഉപയോഗത്തിൽ നിന്നുള്ള വിവരങ്ങൾ.,ml
"ഞങ്ങളുടെ സൈറ്റുകൾ, ആപ്പ്, പ്ലാറ്റ്ഫോം സാങ്കേതികവിദ്യ എന്നിവയുൾപ്പെടെ ഞങ്ങളുടെ സേവനങ്ങൾ നിങ്ങൾ സന്ദർശിക്കുമ്പോഴോ ഉപയോഗിക്കുമ്പോഴോ ഞങ്ങൾ ഉപയോഗ ഡാറ്റ ലോഗ് ചെയ്യുന്നു.",ml
"കുക്കികൾ, പ്രാദേശിക സംഭരണം, ബ്രൗസർ വെബ് സംഭരണം അല്ലെങ്കിൽ ആപ്ലിക്കേഷൻ ഡാറ്റ കാഷെകൾ, ഡാറ്റാബേസുകൾ, സെർവർ ലോഗുകൾ എന്നിവ ഉൾപ്പെടെയുള്ള വിവരങ്ങൾ ശേഖരിക്കാനും സംഭരിക്കാനും ഞങ്ങൾ വിവിധ സാങ്കേതികവിദ്യകൾ ഉപയോഗിച്ചേക്കാം.",ml
1.3. മൂന്നാം കക്ഷികളിൽ നിന്നുള്ള വിവരങ്ങൾ.,ml
നിങ്ങളുടെ സ്വകാര്യ വിവരങ്ങൾ ശേഖരിച്ചേക്കാവുന്ന മൂന്നാം കക്ഷി സൈറ്റുകൾക്ക് ഞങ്ങളുടെ സിസ്റ്റം API നൽകുന്നു.,ml
അത്തരം വിവരങ്ങളുടെ സുരക്ഷയ്‌ക്കോ അവരുടെ സ്വകാര്യതാ രീതികൾക്കോ ​​മൂന്നാം കക്ഷി സൈറ്റുകളുടെ ഉള്ളടക്കത്തിനോ പോഷൻ ട്രാക്കർ ഒരു തരത്തിലും ഉത്തരവാദിയല്ല.,ml
"കൂടാതെ, മൂന്നാം കക്ഷി സൈറ്റുകളുടെ ചില പേജുകളിൽ ""കുക്കികൾ"" അല്ലെങ്കിൽ മറ്റ് സമാന ഉപകരണങ്ങൾ നിങ്ങൾക്ക് നേരിടേണ്ടി വന്നേക്കാം, ഈ മൂന്നാം കക്ഷി സൈറ്റുകൾ കുക്കികളുടെ ഉപയോഗം സിസ്റ്റം നിയന്ത്രിക്കുന്നില്ലെന്ന് പോഷൻ ട്രാക്കർ ഇതിനാൽ വ്യക്തമാക്കുന്നു.",ml
ഈ മൂന്നാം കക്ഷി സേവന ദാതാക്കൾക്കും മൂന്നാം കക്ഷി സൈറ്റുകൾക്കും നിങ്ങൾ വിധേയമായേക്കാവുന്ന നിങ്ങളുടെ വിവരങ്ങളുടെ സംഭരണവും നിലനിർത്തലും നിയന്ത്രിക്കുന്ന അവരുടെ സ്വന്തം സ്വകാര്യതാ നയങ്ങൾ ഉണ്ടായിരിക്കാം.,ml
ഈ സ്വകാര്യതാ നയം ഈ മൂന്നാം കക്ഷി ദാതാക്കൾക്കും മൂന്നാം കക്ഷി സൈറ്റുകൾക്കും നൽകുന്നതോ സംഭരിച്ചതോ ഉപയോഗിക്കുന്നതോ ആയ ഒരു വിവരവും നിയന്ത്രിക്കുന്നില്ല.,ml
"നിങ്ങൾ ഒരു മൂന്നാം കക്ഷി സൈറ്റിൽ പ്രവേശിക്കുമ്പോൾ, നിങ്ങളുടെ വിവരങ്ങൾ സംരക്ഷിക്കുന്നതുമായി ബന്ധപ്പെട്ട മൂന്നാം കക്ഷി സൈറ്റിന്റെ സ്വകാര്യതാ നയം അവലോകനം ചെയ്യാൻ ഞങ്ങൾ ശുപാർശ ചെയ്യുന്നു.",ml
തിരയൽ ഫലങ്ങളിലോ ഏതെങ്കിലും മൂന്നാം കക്ഷി സൈറ്റുകളിലോ പ്രസിദ്ധീകരിക്കുന്ന വിവരങ്ങൾക്ക് പോഷൻ ട്രാക്കർ ബാധ്യസ്ഥനല്ലെന്ന് നിങ്ങൾ സമ്മതിക്കുകയും അംഗീകരിക്കുകയും ചെയ്യുന്നു.,ml
"ക്ലോസ് 1 പ്രകാരം ശേഖരിക്കുന്ന വിവരങ്ങൾ, ഗുണഭോക്താക്കളുടെ ആരോഗ്യം സുഗമമാക്കുന്നതിന് ഉപയോഗിക്കും.",ml
"സിസ്റ്റത്തിന്റെ വിവരങ്ങൾ/ഡാറ്റ/ മെറ്റീരിയലുകളും ഉള്ളടക്കങ്ങളും അപ്‌ഡേറ്റ് ചെയ്യൽ, സുരക്ഷിതമാക്കൽ, ട്രബിൾഷൂട്ട് ചെയ്യൽ, പിന്തുണ നൽകൽ എന്നിവ ഉൾപ്പെടുന്ന ഞങ്ങളുടെ ഉൽപ്പന്നങ്ങൾ ഞങ്ങൾ നൽകുന്നു.",ml
"നിങ്ങൾ പോഷൻ ട്രാക്കറിൽ രജിസ്റ്റർ ചെയ്യുമ്പോൾ, നിങ്ങൾ രജിസ്റ്റർ ചെയ്ത മൊബൈൽ നമ്പർ, ഡാറ്റാബേസിൽ നിന്ന് നിങ്ങളുടെ റെക്കോർഡ് കണ്ടെത്താൻ ഉപയോഗിക്കും.",ml
പോഷൻ ട്രാക്കർ സിസ്റ്റത്തിൽ രേഖപ്പെടുത്തിയിരിക്കുന്ന ആരോഗ്യനില വിലയിരുത്താനും ഇവ ഉപയോഗിക്കാം.,ml
2.2. നിങ്ങളുമായി ആശയവിനിമയം നടത്തുക.,ml
"രജിസ്ട്രേഷനെ കുറിച്ച് നിങ്ങളെ അറിയിക്കുന്നതിന് ഞങ്ങൾ നിങ്ങളുടെ രജിസ്റ്റർ ചെയ്ത മൊബൈൽ നമ്പറിലേക്ക് SMS-കളും അയയ്‌ക്കുന്നു, നിങ്ങൾ ഞങ്ങളെ ബന്ധപ്പെടുമ്പോൾ നിങ്ങളോട് പ്രതികരിക്കുന്നതിനും പരാതികൾ അന്വേഷിക്കുന്നതിനും പ്രതികരിക്കുന്നതിനും പരിഹരിക്കുന്നതിനും സേവന പ്രശ്‌നങ്ങൾ (ഉദാ.",ml
ബഗുകൾ) എന്നിവയ്‌ക്കും ഞങ്ങൾ നിങ്ങളുടെ വിവരങ്ങൾ ഉപയോഗിക്കുന്നു.,ml
2.3. സ്ഥിരീകരണം.,ml
അക്കൗണ്ടുകൾ സ്ഥിരീകരിക്കാൻ സഹായിക്കുന്നതിന് ഞങ്ങളുടെ പക്കലുള്ള വിവരങ്ങൾ ഞങ്ങൾ ഉപയോഗിക്കുന്നു.,ml
പോഷൻ ട്രാക്കർ നിയന്ത്രണത്തിനും പ്രതികരണത്തിനും വേണ്ടി ആരോഗ്യ നില പരിശോധിക്കുന്നതിന് രേഖകൾ ഉപയോഗിക്കാം.,ml
2.4. സുരക്ഷയും ഓഡിറ്റും.,ml
സുരക്ഷാ ആവശ്യങ്ങൾക്കായി അല്ലെങ്കിൽ ഞങ്ങളുടെ സേവന നിബന്ധനകളുടെ കൂടാതെ/അല്ലെങ്കിൽ ഞങ്ങളുടെ അംഗങ്ങളെയോ സന്ദർശകരേയോ മറ്റുള്ളവരെയോ ഉപദ്രവിക്കാനുള്ള ശ്രമങ്ങൾ തടയാനോ അല്ലെങ്കിൽ സാധ്യമായ വഞ്ചനയോ മറ്റ് ലംഘനങ്ങളോ തടയാനോ അന്വേഷിക്കാനോ ഞങ്ങൾ നിങ്ങളുടെ ഡാറ്റ (നിങ്ങളുടെ ആശയവിനിമയങ്ങൾ ഉൾപ്പെടെ) ഉപയോഗിക്കുന്നു.,ml
സിസ്റ്റത്തിന്റെ സുരക്ഷയ്ക്കും സ്കേലബിളിറ്റിക്കുമായി എംഡബ്ല്യുസിഡി ഏർപ്പെട്ടിരിക്കുന്ന ഓഡിറ്റർമാരാൽ പോഷൻ ട്രാക്കർ സിസ്റ്റം പതിവായി ഓഡിറ്റ് ചെയ്യപ്പെടുന്നു.,ml
അത്തരം ഓഡിറ്റുകൾക്ക് രേഖകൾ ഉപയോഗിക്കാം.,ml
2.5. ഗവേഷണ പ്രവർത്തനങ്ങളും പ്രവർത്തനങ്ങളും.,ml
"ഞങ്ങളുടെ സേവനങ്ങൾ പ്രവർത്തിപ്പിക്കുന്നതിനും ഞങ്ങൾ ഡാറ്റ ഉപയോഗിക്കുന്നു, അതിൽ ഞങ്ങളുടെ പ്രകടനം വിശകലനം ചെയ്യുക, ഞങ്ങളുടെ നിയമപരമായ ബാധ്യതകൾ നിറവേറ്റുക, ഞങ്ങളുടെ തൊഴിൽ ശക്തി വികസിപ്പിക്കുക, ഗവേഷണം ചെയ്യുക എന്നിവ ഉൾപ്പെടുന്നു.",ml
സിസ്‌റ്റം മെച്ചപ്പെടുത്തുന്നതിനും സിസ്റ്റത്തിന്റെ പ്രൊവിഷനോട് ആകസ്മികമോ അനുബന്ധമോ ആയ എല്ലാ പ്രവർത്തനങ്ങൾക്കും പുതിയ സാങ്കേതികവിദ്യകളും സേവനങ്ങളും വികസിപ്പിക്കുന്നതിനും നൽകുന്നതിനും ആവശ്യമായ ചില പ്രവർത്തനങ്ങൾ നടത്തുന്നതിനും ഞങ്ങൾ വിവരങ്ങൾ ഉപയോഗിച്ചേക്കാം.,ml
2.6. സർവേകളും ഫീഡ്‌ബാക്കും.,ml
സിസ്റ്റം പ്രകടനത്തെക്കുറിച്ചും അനുഭവത്തെക്കുറിച്ചും സിസ്റ്റം ഫീഡ്‌ബാക്ക് എടുക്കുന്നു.,ml
മുകളിലെ ക്ലോസ് 1 പ്രകാരം രജിസ്‌ട്രേഷൻ സമയത്ത് നിങ്ങളിൽ നിന്ന് ശേഖരിക്കുന്ന വ്യക്തിഗത വിവരങ്ങൾ സുരക്ഷിതമായി സൂക്ഷിക്കുകയും ആരോഗ്യ പുരോഗതിയും നിലയും ട്രാക്ക് ചെയ്യുന്നതിനും റിപ്പോർട്ടുകൾ സൃഷ്ടിക്കുന്നതിനും ഹീറ്റ് മാപ്പുകൾക്കും മറ്റ് സ്റ്റാറ്റിസ്റ്റിക്കലുകൾക്കും വേണ്ടി ഇന്ത്യാ ഗവൺമെന്റോ സംസ്ഥാന സർക്കാരുകളോ മാത്രമേ ഉപയോഗിക്കൂ.,ml
"രാജ്യത്തെ പോഷൻ ട്രാക്കറിന്റെ മാനേജ്മെന്റിന്റെ ഉദ്ദേശ്യത്തിനായുള്ള ദൃശ്യവൽക്കരണങ്ങൾ,.",ml
മുകളിലെ ക്ലോസ് 1 അനുസരിച്ച് SMS മുഖേന നിങ്ങളോട് ആശയവിനിമയം നടത്തുന്നതിന് നിങ്ങളുടെ റഫറൻസ് ഐഡി (മൊബൈൽ നമ്പർ) നിങ്ങളുടെ സ്വകാര്യ വിവരങ്ങളുമായി മാത്രം ബന്ധപ്പെട്ടിരിക്കും.,ml
3.2. നിയമപരമായ വെളിപ്പെടുത്തലുകൾ.,ml
ഒരു നിയമപരമായ അഭ്യർത്ഥനയ്‌ക്കോ സബ്‌പോണയ്‌ക്കോ മറ്റ് നിയമപരമായ പ്രക്രിയയ്‌ക്കോ മറുപടിയായി ഞങ്ങൾ നിങ്ങളുടെ വിവരങ്ങൾ ആക്‌സസ് ചെയ്യാനും സംരക്ഷിക്കാനും പങ്കിടാനും കഴിയും അല്ലെങ്കിൽ (1) വഞ്ചന അല്ലെങ്കിൽ നിയമവിരുദ്ധ പ്രവർത്തനങ്ങളെക്കുറിച്ച് അന്വേഷിക്കാനോ തടയാനോ നടപടിയെടുക്കാനോ വെളിപ്പെടുത്തൽ ആവശ്യമാണെന്ന് ഞങ്ങൾക്ക് നല്ല വിശ്വാസമുണ്ടെങ്കിൽ അല്ലെങ്കിൽ സർക്കാർ നിർവ്വഹണ ഏജൻസികളെ സഹായിക്കാൻ; (2) നിങ്ങളുമായുള്ള ഞങ്ങളുടെ കരാറുകൾ നടപ്പിലാക്കുക; (3) ഏതെങ്കിലും മൂന്നാം കക്ഷി ക്ലെയിമുകൾ അല്ലെങ്കിൽ ആരോപണങ്ങൾക്കെതിരെ സ്വയം അന്വേഷിക്കുകയും പ്രതിരോധിക്കുകയും ചെയ്യുക; (4) ഞങ്ങളുടെ സേവനങ്ങളുടെ സുരക്ഷയോ സമഗ്രതയോ സംരക്ഷിക്കുക (സമാന ഭീഷണികൾ നേരിടുന്ന കമ്പനികളുമായി പങ്കിടുന്നത് പോലെ); അല്ലെങ്കിൽ (5) ഏതെങ്കിലും വ്യക്തിയുടെ അവകാശങ്ങളും സുരക്ഷയും പ്രയോഗിക്കുകയോ സംരക്ഷിക്കുകയോ ചെയ്യുക.,ml
"ക്ലോസുകൾ 1 പ്രകാരം ശേഖരിക്കുന്ന എല്ലാ വ്യക്തിഗത വിവരങ്ങളും ആപ്ലിക്കേഷൻ സെർവറിൽ നിലനിർത്തും, അത്തരം വിവരങ്ങൾ ഇവന്റിനായി രജിസ്റ്റർ ചെയ്ത ആളുകളുമായി ബന്ധപ്പെട്ടിരിക്കുന്നു.",ml
"പോഷൻ ട്രാക്കറിന്റെ രജിസ്റ്റർ ചെയ്ത ഉപയോക്താക്കളുടെ വ്യക്തിഗത ഡാറ്റ അല്ലെങ്കിൽ അത്തരം ഡാറ്റാസെറ്റുകൾ ഉപയോഗിച്ച് സൃഷ്‌ടിച്ച ഏതെങ്കിലും റിപ്പോർട്ടുകൾ, ഹീറ്റ് മാപ്പുകൾ അല്ലെങ്കിൽ മറ്റ് വിഷ്വലൈസേഷൻ എന്നിവയിലൂടെ സൃഷ്‌ടിച്ച അജ്ഞാതവും സംഗ്രഹിച്ചതുമായ ഡാറ്റാസെറ്റുകൾക്ക് ഇവിടെ പറഞ്ഞിരിക്കുന്നതൊന്നും ബാധകമല്ല.",ml
"എന്നിരുന്നാലും, കാലാകാലങ്ങളിൽ പോഷൻ ട്രാക്കർ സിസ്റ്റം നിർദ്ദേശിക്കുന്ന മാറ്റങ്ങൾ മാത്രമേ ചെയ്യാൻ കഴിയൂ.",ml
ഞങ്ങളിൽ നിന്ന് നിങ്ങൾക്ക് ലഭിക്കുന്ന ആശയവിനിമയങ്ങളോ അവ എങ്ങനെ സ്വീകരിക്കുന്നുവെന്നോ നിങ്ങൾക്ക് മാനേജ് ചെയ്യാൻ കഴിയില്ല.,ml
"കൂടാതെ, നിങ്ങൾ സിസ്റ്റത്തിൽ നിങ്ങളുടെ അക്കൗണ്ട് മാറ്റുമ്പോഴോ ആക്‌സസ് ചെയ്യുമ്പോഴോ അല്ലെങ്കിൽ അതുമായി ബന്ധപ്പെട്ട ഏതെങ്കിലും വിവരങ്ങൾ നൽകുമ്പോഴോ, ഞങ്ങൾ ഒരു സുരക്ഷിത സെർവറിന്റെ ഉപയോഗം വാഗ്ദാനം ചെയ്യുന്നു.",ml
നിങ്ങൾ സിസ്റ്റം ആക്‌സസ്സുചെയ്യുകയും/അല്ലെങ്കിൽ ഉപയോഗിക്കുകയും ചെയ്യുന്നിടത്തോളം കാലം (നേരിട്ടോ അല്ലാതെയോ) നിങ്ങൾ എല്ലായ്‌പ്പോഴും മതിയായ ശാരീരികവും മാനേജുമെന്റും സാങ്കേതികവുമായ സുരക്ഷാ മുൻകരുതലുകൾ എടുക്കുന്നുണ്ടെന്ന് ഉറപ്പാക്കാനുള്ള ബാധ്യത നിങ്ങൾക്കുണ്ടെന്ന് കൂടുതൽ വ്യക്തമാക്കുന്നു.,ml
", നിങ്ങളുടെ ഡാറ്റയുടെ സമഗ്രതയും സുരക്ഷിതത്വവും സംരക്ഷിക്കുന്നതിന്, അതിൽ നിങ്ങളുടെ സ്വകാര്യ വിവരങ്ങൾ ഉൾപ്പെടുന്നതും അതിൽ മാത്രം പരിമിതപ്പെടാത്തതുമായിരിക്കണം.",ml
മാറ്റങ്ങൾക്കായി നിങ്ങൾ ഈ സ്വകാര്യതാ നയം പതിവായി അവലോകനം ചെയ്യണം.,ml
"സിസ്റ്റത്തിലെ ഒരു അറിയിപ്പ് പോലെ, ഈ സ്വകാര്യതാ നയത്തിലെ എന്തെങ്കിലും ഭൌതിക മാറ്റങ്ങളെ കുറിച്ച് എല്ലാ ഉപയോക്താക്കളെയും പൊതുവായി അറിയിക്കുന്നതിന് വാണിജ്യപരമായി ന്യായമായ ശ്രമങ്ങൾ ഞങ്ങൾ ഉപയോഗിക്കും.",ml
"എന്നിരുന്നാലും, സിസ്റ്റത്തിന്റെ ഒരു ഉപയോക്താവെന്ന നിലയിൽ, എന്തെങ്കിലും മാറ്റങ്ങൾക്കായി നിങ്ങൾ പതിവായി സ്വകാര്യതാ നയം പരിശോധിക്കണം.",ml
"ഈ സ്വകാര്യതാ നയത്തിന്റെ പ്രാബല്യത്തിലുള്ള തീയതിയെ പ്രതിഫലിപ്പിക്കുന്ന ഈ സ്വകാര്യതാ നയത്തിന്റെ മുകളിലുള്ള ""അവസാനം അപ്ഡേറ്റ് ചെയ്ത"" തീയതിയും ഞങ്ങൾ അപ്ഡേറ്റ് ചെയ്യും.",ml
പുതിയ സ്വകാര്യതാ നയത്തിന്റെ തീയതിക്ക് ശേഷമുള്ള നിങ്ങളുടെ തുടർച്ചയായ ആക്‌സസ് അല്ലെങ്കിൽ സിസ്റ്റത്തിന്റെ ഉപയോഗം പുതിയ സ്വകാര്യതാ നയം നിങ്ങൾ അംഗീകരിക്കുന്നു.,ml
"നിങ്ങൾ പുതിയ സ്വകാര്യതാ നയം അംഗീകരിക്കുന്നില്ലെങ്കിൽ, നിങ്ങൾ സിസ്റ്റം ആക്സസ് ചെയ്യുന്നത് കൂടാതെ/അല്ലെങ്കിൽ ഉപയോഗിക്കുന്നത് നിർത്തണം.",ml
"നിങ്ങളുടെ വിവരങ്ങളുടെ ശേഖരണം, സംഭരണം, പ്രോസസ്സിംഗ് അല്ലെങ്കിൽ മറ്റ് ഉപയോഗം എന്നിവ അത്തരം ശേഖരണമോ സംഭരണമോ പ്രോസസ്സിംഗോ മറ്റ് ഉപയോഗമോ ചെയ്യുമ്പോൾ ബാധകമായ സ്വകാര്യതാ നയത്താൽ നിയന്ത്രിക്കപ്പെടുമെന്ന് നിങ്ങൾ ഇതിനാൽ അംഗീകരിക്കുന്നു.",ml
MoWCD യുടെ ടെക്നിക്കല്‍ പാര്‍ട്ടര്‍ ഡിജിറ്റല്‍ ഇന്ത്യ കോര്‍പറേഷന്‍ ആണ്.,ml
പോഷകാഹാരക്കുറവ് ഇല്ലാതാക്കുക എന്നതാണ് പോഷണ്‍ട്രാക്കറിന്‍റെ  ലക്ഷ്യം പോഷണ്‍ അഭിയാന്‍റെ കീഴിലുള്ള വിതരണ സംവിധാനത്തെ നിരീക്ഷിച്ച് മെച്ചപ്പെടുത്താന്‍ ഇത് സഹായിക്കുന്നു.,ml
