en,or,translated_helsinki
ABHA (Health ID),ABHA (ସ୍ୱାସ୍ଥ୍ୟ ID),ABHA (Saudi ID)
Language,ଭାଷା,Language
About,ବିଷୟରେ,About
Resources,ଉତ୍ସଗୁଡ଼ିକ,Sources
Vaccination Schedule,ଟୀକାକରଣ ସୂଚୀ,Can not open message
Dashboard,ଡ୍ୟାସବୋର୍ଡ,Dashboard
Helpdesk,ସହାୟତା ଡେସ୍କ,Help Disk
Beneficiary Redressal,ହିତାଧିକାରୀ ପ୍ରତିକାର,Could not close temporary folder: %s
State Helpdesk,ରାଜ୍ୟ ସହାୟତା,Could not close temporary folder: %s
FAQ,ପ୍ରାୟତଃ ପଚରାଯାଇଥିବା ପ୍ରଶ୍ନ,Prompted Questions
Poshan Calculator,ପୃଷ୍ଟିକର କାଲ୍କୁଲେଟର୍,Peripherals Calculator
Login,ଲଗଇନ,Login
Anganwadi Workers,ଅଙ୍ଗନୱାଡି କର୍ମୀ,Angwadi Work
Download Mobile App from Play Store,ପ୍ଲେ ଷ୍ଟୋରରୁ ମୋବାଇଲ୍ ଆପ୍ ଡାଉନଲୋଡ୍ କରନ୍ତୁ,Download mobiles from the play store
Scan the QR Code to Download the App,ଆପ୍ ଡାଉନଲୋଡ୍ କରିବାକୁ QR କୋଡ୍ ସ୍କାନ୍ କରନ୍ତୁ,QR code scan for downloading
What’s New on Poshan Tracker,ପୃଷ୍ଟିକର ଟ୍ରାକର୍ ରେ କଣ ନୂଆ ଅଛି,What new track the mouse has
Poshan Tracker adds new application features,ପୋଷଣ ଟ୍ରାକର୍ ନୂତନ ଆପ୍ଲିକେସନ୍ ବୈଶିଷ୍ଟ୍ୟଗୁଡିକ ଯୋଡିଥାଏ,Adds a new application attribute
Poshan Tracker adds new Reports feature,ପୋଷଣ ଟ୍ରାକର୍ ନୂତନ ରିପୋର୍ଟ୍ ବୈଶିଷ୍ଟ୍ୟ ଯୋଡିଥାଏ,Adds a new report to the report's list
Poshan Tracker adds new Resources on Website,ପୋଷଣ ଟ୍ରାକର୍ ୱେବସାଇଟ୍ ବୈଶିଷ୍ଟ୍ୟରେ ନୂତନ ଉତ୍ସ ଯୋଡିଥାଏ,Adds a new source to the website properties of the query tracker
Resources for growth monitoring and general awareness,ଅଭିବୃଦ୍ଧି ମନିଟରିଂ ଏବଂ ସାଧାରଣ ସଚେତନତା ପାଇଁ ସମ୍ବଳ,Watching for extra monitors and general warnings
Growth monitoring charts,ଅଭିବୃଦ୍ଧି ମନିଟରିଂ ଚାର୍ଟଗୁଡିକ,Enhanced monitoring chats
New beneficiary addition with skip OTP option,ସ୍କିପ୍ OTP ବିକଳ୍ପ ସହିତ ନୂତନ ହିତାଧିକାରୀ ଯୋଗ,Add new authorization with the Script OTP option
Mobile number need to be validated within a week,ଏକ ସପ୍ତାହ ମଧ୍ୟରେ ମୋବାଇଲ୍ ନମ୍ଵର୍ ବୈଧ ହେବା ଆବଶ୍ୟକ,Mobile minimum must be valid within a week
Anganwadi Worker profile page,ଅଙ୍ଗନୱାଡି ୱାର୍କର ପ୍ରୋଫାଇଲ୍ ପୃଷ୍ଠା,Angwadi Worker's Profile Page
Stunting and Underweight Growth Parameters,ଷ୍ଟଣ୍ଟିଂ ଏବଂ କମ୍ ଓଜନ ଅଭିବୃଦ୍ଧି ପାରାମିଟର୍,STDIFIC AND MEDICAL DEVELOPMENT POLICY Parametres
Beneficiaries status change notifications,ହିତାଧିକାରୀଙ୍କ ସ୍ଥିତି ପରିବର୍ତ୍ତନ ବିଜ୍ଞପ୍ତିଗୁଡିକ,Could not close temporary folder: %s
Migrated from one category to another,ଗୋଟିଏ ବର୍ଗରୁ ଅନ୍ୟ ବର୍ଗକୁ ସ୍ଥାନାନ୍ତରିତ ହୋଇଛି,Another class is replaced by another class
Beneficiary record becoming inactive,ହିତାଧିକାରୀ ରେକର୍ଡ ନିଷ୍କ୍ରିୟ ହେବା,Disable arbitrary records
Beneficiary migration from one AWC to another AWC,ହିତାଧିକାରୀ ଗୋଟିଏ ଏଡବ୍ଲୁସିରୁ ଅନ୍ୟ ଏକ ଏଡବ୍ଲୁସିକୁ ସ୍ଥାନାନ୍ତର,Can not initialise the Ximian Evolution shell.
Beneficiary deletion by AWW,ଏଡବ୍ଲୁଡବ୍ଲୁ ଦ୍ୱାରା ହିତାଧିକାରୀ ବିଲୋପ,Credits to the translators. This string should be marked as translatable
Default language selection,ଡିଫଲ୍ଟ ଭାଷା ଚୟନ,Default Language Selection
"Beneficiary concerns accessibility to AWW, along with status update once resolved","ହିତାଧିକାରୀ ଏଡବ୍ଲୁଡବ୍ଲୁକୁ ପ୍ରବେଶଯୋଗ୍ୟତା ବିଷୟରେ ଚିନ୍ତା କରନ୍ତି, ଥରେ ସମାଧାନ ହେବା ପରେ ସ୍ଥିତି ଅପଡେଟ୍ ସହ","Handles the accessibility policy, including status updates after a settlement"
Growth monitoring report for all health indicators,ସମସ୍ତ ସ୍ୱାସ୍ଥ୍ୟ ସୂଚକ ପାଇଁ ଅଭିବୃଦ୍ଧି ମନିଟରିଂ ରିପୋର୍ଟ,enhanced monitoring report for all static markers
Application downloaded status by AWW,ଏଡବ୍ଲୁଡବ୍ଲୁ ଦ୍ୱାରା ଆପ୍ଲିକେସନ୍ ଡାଉନଲୋଡ୍ ସ୍ଥିତି,Status of application download by debug
Beneficiary count report : Number of records becoming inactive and number of records migrating from one category to another,ହିତାଧିକାରୀ ଗଣନା ରିପୋର୍ଟ : ରେକର୍ଡଗୁଡିକର ସଂଖ୍ୟା ନିଷ୍କ୍ରିୟ ହେବା ଏବଂ ଗୋଟିଏ ବର୍ଗରୁ ଅନ୍ୟ ବର୍ଗକୁ ସ୍ଥାନାନ୍ତରିତ ରେକର୍ଡ୍ ସଂଖ୍ୟା,Credits to the translators. This string should be marked as translatable
Poshan Calculator is designed to measure growth of the child based on standards defined by World Health Organization (WHO).,ବିଶ୍ୱ ସ୍ୱାସ୍ଥ୍ୟ ସଂଗଠନ (WHO) ଦ୍ୱାରା ବ୍ୟାଖ୍ୟା କରାଯାଇଥିବା ମାନାଙ୍କ ଉପରେ ଆଧାର କରି ଶିଶୁର ଅଭିବୃଦ୍ଧି ମାପିବା ପାଇଁ ପୃଷ୍ଟିକର କାଲ୍କୁଲେଟର ଡିଜାଇନ୍ କରାଯାଇଛି.,The peer's calculator is designed to measure the child's growth based on the manna defined by WHO.
How to use Poshan Calculator?,ପୃଷ୍ଟିକର କାଲ୍କୁଲେଟର କିପରି ବ୍ୟବହାର କରିବେ?,How to use peer's calculator?
Select Gender,ଲିଙ୍ଗ ଚୟନ କରନ୍ତୁ |,Select Link 7
Enter Date of Birth,ଜନ୍ମ ତାରିଖ ପ୍ରବେଶ କରନ୍ତୁ |,Enter _Birthday:
Enter Height in centimeter,ସେଣ୍ଟିମିଟରରେ ଉଚ୍ଚତା ପ୍ରବେଶ କରନ୍ତୁ |,Enter height in centimetres
Enter Weight in kilogram,କିଲୋଗ୍ରାମରେ ଓଜନ ପ୍ରବେଶ କରନ୍ତୁ |,Get speed in kilograms
Click on Show Results,ଶୋ' ଫଳାଫଳ ଉପରେ କ୍ଲିକ୍ କରନ୍ତୁ |,Click to deal a new hand
Gender,ଲିଙ୍ଗ,Ling
Boy,ବାଳକ,Organisation
Girl,ବାଳିକା,Baltic
Date of Birth,ଜନ୍ମ ତାରିଖ,_Other Organiser
Height (CM),ଉଚ୍ଚତା (ସେମି),Height (Semi)
*Height should be between 38 to 150,*ଉଚ୍ଚତା 38 ରୁ 150 ମଧ୍ୟରେ ହେବା ଉଚିତ୍,* Height should be between 38 and 150
CM,ସେମି,Semy
Weight (KG),ଓଜନ (କେଜି),Warning (Casey)
*Weight should be between 0.90 to 58,*ଓଜନ 0.90 ରୁ 58 ମଧ୍ୟରେ ହେବା ଉଚିତ୍,* Age must be between 0.90 and 58
KG,କେଜି,Caji
Show Results,ଫଳାଫଳଗୁଡିକ ଦେଖାନ୍ତୁ,Show _Effects
ABHA (Health ID) and its Benefits,ABHA (ସ୍ୱାସ୍ଥ୍ୟ ID) ଏବଂ ଏହାର ଉପକାରିତା,ABA (valid ID) and its utility
ABHA (earlier known as Health ID) is an acronym for Ayushman Bharat Health Account.,ABHA (ପୂର୍ବରୁ ସ୍ୱାସ୍ଥ୍ୟ ID ଭାବରେ ଜଣାଶୁଣା) ଆୟୁଷ୍ମାନ ଭାରତ ସ୍ବାସ୍ଥ୍ୟ ଖାତା ପାଇଁ ଏକ ସଂକ୍ଷିପ୍ତ ଶବ୍ଦ |,Abha (formerly known as a security ID) is a short word for an Indian public account.
Using ABHA (Health ID) is the first step towards creating safer and efficient digital health records for you and your family.,ABHA (ସ୍ୱାସ୍ଥ୍ୟ ID) ବ୍ୟବହାର କରିବା ଆପଣଙ୍କ ଏବଂ ଆପଣଙ୍କ ପରିବାର ପାଇଁ ନିରାପଦ ଏବଂ ଦକ୍ଷ ଡିଜିଟାଲ୍ ସ୍ୱାସ୍ଥ୍ୟ ରେକର୍ଡ ସୃଷ୍ଟି କରିବାର ପ୍ରଥମ ପଦକ୍ଷେପ |,The first way to create free and low-digital security records for you and your family is to use ABHA.
"It enables your interaction with participating healthcare providers, and allows you to receive your digital lab reports, prescriptions and diagnosis seamlessly from verified healthcare professionals and health service providers.","ଏହା ଅଂଶଗ୍ରହଣକାରୀ ସ୍ୱାସ୍ଥ୍ୟସେବା ପ୍ରଦାନକାରୀଙ୍କ ସହିତ ଆପଣଙ୍କର ପାରସ୍ପରିକ କ୍ରିୟାକୁ ସକ୍ଷମ କରିଥାଏ ଏବଂ ଯାଞ୍ଚ ହୋଇଥିବା ସ୍ୱାସ୍ଥ୍ୟ ସେବା ବୃତ୍ତିଗତ ଏବଂ ସ୍ୱାସ୍ଥ୍ୟ ସେବା ପ୍ରଦାନକାରୀଙ୍କ ଠାରୁ ଆପଣଙ୍କର ଡିଜିଟାଲ୍ ଲ୍ୟାବ୍ ରିପୋର୍ଟ, ପ୍ରେସକ୍ରିପସନ୍ ଏବଂ ନିରାକରଣକୁ ନିରନ୍ତର ଭାବରେ ଗ୍ରହଣ କରିବାକୁ ଅନୁମତି ଦେଇଥାଏ |","This enables you to work with the Participant and allows you to receive your digital library reports, transcripts and structures from your digital service provider."
Know More,ଅଧିକ ଜାଣନ୍ତୁ,Learn More
Frequently Asked Questions,ପ୍ରାୟତଃ ପଚରାଯାଇଥିବା ପ୍ରଶ୍ନ,Prompted Questions
ALL,ସମସ୍ତ,All
BENEFICIARY REGISTRATION,ହିତାଧିକାରୀ ପଞ୍ଜିକରଣ,Could not close temporary folder: %s
Take Home Ration,ଘର ରାସନ ନିଅନ୍ତୁ,Home Retrieval
Hot Cooked Meal,ଗରମ ରନ୍ଧା ଖାଦ୍ୟ,Gram-to-ounce Depreciation
What is Poshan Abhiyaan?,ପୋଷନ୍ ଅଭିଯାନ କଣ ଅଟେ?,What is the last statement?
"Poshan Abhiyaan is India’s flagship programme to improve nutritional outcomes for children, adolescents, pregnant women and lactating mothers by leveraging technology, a targeted approach and convergence.","ଶିଶୁ, କିଶୋର, ଗର୍ଭବତୀମାନଙ୍କ ପାଇଁ ପୁଷ୍ଟିକର ପରିଣାମକୁ ସୁଦୃଢ଼ କରିବା ପାଇଁ ପୋଷନ୍ ଅଭିଆନ୍ ହେଉଛି ଭାରତର ଏକ ପ୍ରମୂଖ କାର୍ଯ୍ୟକ୍ରମ ।","A major event in India is asked to improve the growth of rice for the Shichu, Kishur, and the poor."
What is the purpose of Launching Poshan Tracker?,ପୋଷନ୍ ଟ୍ରାକର୍ ଆରମ୍ଭ କରିବାର ଉଦ୍ଦେଶ୍ୟ କଣ?,What is the goal of the track start?
"The purpose of POSHAN Tracker application is to provide a 360-degree view of the activities of the Anganwadi Centre (AWC), service deliveries of Anganwadi Workers (AWWs) and complete beneficiary management for pregnant women, lactating mothers and children. The proposed system should enable real-time monitoring and tracking of all AWCs, AWWs and beneficiaries on the defined indicators.","ଅଙ୍ଗନୱାଡି କେନ୍ଦ୍ର (ଏଡବ୍ଲ୍ୟୁସି)ର କାର୍ଯ୍ୟକଳାପ, ଅଙ୍ଗନୱାଡି କର୍ମୀ (ଏଡବ୍ଲ୍ୟୁଡବ୍ଲ୍ୟୁ)ର ସେବା ବିତରଣ ଏବଂ ଗର୍ଭବତୀ ମହିଳା, ସ୍ତନପାନ କରାଉଥିବା ମାଆ ଏବଂ ଶିଶୁମାନଙ୍କ ପାଇଁ ସମ୍ପୂର୍ଣ୍ଣ ହିତାଧିକାରୀ ପରିଚାଳନା ବିଷୟରେ 360-ଡିଗ୍ରୀ ଦୃଶ୍ୟ ପ୍ରଦାନ କରିବା ହେୁଛି ପୋଷନ୍ ଟ୍ରାକର୍ ଆପ୍ଲିକେସନ୍‌ର ଉଦ୍ଦେଶ୍ୟ । ପ୍ରସ୍ତାବିତ ପ୍ରଣାଳୀ ନିର୍ଦ୍ଦିଷ୍ଟ ସଙ୍କେତ ଉପରେ ସମସ୍ତ ଏଡବ୍ଲ୍ୟୁସି, ଏଡବ୍ଲ୍ୟୁଡବ୍ଲ୍ୟୁ ଏବଂ ହିତାଧିକାରୀଙ୍କ ପ୍ରକୃତ ନୀରିକ୍ଷଣ ଏବଂ ଟ୍ରାକିଂକୁ ସକ୍ଷମ କରିବା ଉଚିତ ।","The project of Angwadi Centre (Advulce) is aimed at providing a 360-degree view of the management of complete administrative management of children and children of the former trucker application, the development of the services of Angwadi Works (Advulture), and the development of pregnant women, and the management of adult mothers and children. The aim of the previous trucker application is to provide a 360-degree view of the management of fully-fledged children and children."
How can one Download Poshan Tracker App?,ଜଣେ କିପରି ଭାବେ ପୋଷନ୍ ଟ୍ରାକର୍ ଆପ୍‌ ଡାଉନଲୋଡ୍ କରିପାରିବେ?,How can you download the track's last?
Poshan Tracker App is available over Google playstore,ଗୁଗଲ୍ ପ୍ଲେ ଷ୍ଟୋର,Google Play Store
Is poshan trackers app available over Apple I Store also?,ଆପଲ୍ ଆଇ ଷ୍ଟୋରରେ ପୋଷନ୍ ଟ୍ରାକ୍ ଆପ୍ ମଧ୍ୟ ଉପଲବ୍ଧ ରହିଛି କି?,Is there a track available in the Apple IO store?
"No, Poshan Tracker is available only for Android version","ନା, କେବଳ ଆଣ୍ଡ୍ରଏଡ୍ ଭର୍ସନ୍‌ ପାଇଁ ପୋଷନ୍ ଟ୍ରାକର୍ ଉପଲବ୍ଧ ।","No, search tracker is only available for Android versions."
What is the minimum requirement to install Poshan Tracker App in mobile?,ମୋବାଇଲରେ ପୋଷନ୍ ଟ୍ରାକର୍ ଆପ୍ ଇନଷ୍ଟଲ୍‌ କରିବାର ସର୍ବନିମ୍ନ ଆବଶ୍ୟକତା କଣ କଣ ରହିଛି?,What is the minimum requirement for new trackrs to be installed on mobile phones?
Poshan Tracker App can only be installed in Android Phone with Android version 6.0 and above.,ପୋଷନ୍ ଟ୍ରାକର୍ ଆପ୍‌କୁ କେବଳ ଆଣ୍ଡ୍ରଏଡ୍ ଭର୍ସନ୍ 6.0 ଏବଂ ତଦୁର୍ଦ୍ଧ ସହିତ ଆଣ୍ଡ୍ରଏଡ୍ ଫୋନରେ ଇନ୍‌ଷ୍ଟଲ୍‌ ହୋଇପାରିବ ।,The trackr can only be installed on Android version 6.0 and on the Android phone with certainty.
View All FAQs,ସମସ୍ତ ଏଫଏକ୍ୟୁଗୁଡ଼ିକୁ ଦେଖନ୍ତୁ,View All Effects
Can a beneficiary register directly using application.,ଆପ୍ଲିକେସନ୍ ବ୍ୟବହାର କରି ଜଣେ ହିତାଧିକାରୀ ସିଧାସଳଖ ପଞ୍ଜିକରଣ କରିପାରିବେ କି|,Whether to use a keyboard accessibility feature to register with the application.
Currently a beneficiary can register by the help of an AWW,ବର୍ତ୍ତମାନ ଜଣେ ହିତାଧିକାରୀ AWW ସାହାଯ୍ୟରେ ପଞ୍ଜିକରଣ କରିପାରିବେ,Currently you can register with an AWW agent
Who is a beneficiary?,ହିତାଧିକାରୀ କିଏ?,What is the copyright?
There are 6 categories for beneficiaries,ହିତାଧିକାରୀଙ୍କ ପାଇଁ 6 ଟି ବର୍ଗ ଅଛି,There are 6 categories for authors
Pregnant Women,ଗର୍ଭବତୀ ମହିଳା,_Other Organiser
Lactating Mother,ସ୍ତନ୍ୟପାନ କରାଉଥିବା ମାତା,Embossed Math
Children from 0 to 6 months,0 ରୁ 6 ମାସ ପର୍ଯ୍ୟନ୍ତ ପିଲାମାନେ,Children from 0 to 6 months of age
Children from 6 months to 3 years,6 ମାସରୁ 3 ବର୍ଷ ପର୍ଯ୍ୟନ୍ତ ପିଲାମାନେ,From 6 months to 3 years of age
Children from 3 years to 6 years,3 ବର୍ଷରୁ 6 ବର୍ଷ ପର୍ଯ୍ୟନ୍ତ ପିଲାମାନେ,Children between 3 and 6 years of age
Adolescent girls,କିଶୋର ଝିଅମାନେ,Kisher's kine
Can a beneficiary change his/her AWC?,ଜଣେ ହିତାଧିକାରୀ ତାଙ୍କର AWC ପରିବର୍ତ୍ତନ କରିପାରିବେ କି?,Could not close temporary folder: %s
An AWW can use ‘Migrate Beneficiary’ option to migrate a beneficiary from one AWC to another AWC basis their Aadhaar number.,ଜଣେ AWW ଏକ ହିତାଧିକାରୀଙ୍କୁ ଗୋଟିଏ AWC ରୁ ଅନ୍ୟ AWC ଆଧାର ନମ୍ବର ଆଧାରରେ ସ୍ଥାନାନ୍ତର କରିବା ପାଇଁ ‘ସ୍ଥାନାନ୍ତର ହିତାଧିକାରୀ’ ବିକଳ୍ପ ବ୍ୟବହାର କରିପାରିବ |,An AWW may use the 'placeholder' option to replace an AWC with another AWC based number.
What is the eligibility of a beneficiary?,ଜଣେ ହିତାଧିକାରୀଙ୍କ ଯୋଗ୍ୟତା କ’ଣ?,What is the identity of a legal entity used by Jehovah’s Witnesses?
A beneficiary is eligible for THR for at least 21 days in a month.,ଜଣେ ହିତାଧିକାରୀ ଏକ ମାସରେ ଅତି କମ୍ ରେ 21 ଦିନ THR ପାଇଁ ଯୋଗ୍ୟ ଅଟନ୍ତି |,For at least 21 days THR is available in one month.
Who is eligible for Take Home Ration?,ଘର ରାସନ ପାଇଁ କିଏ ଯୋଗ୍ୟ?,Is it possible for you to build a house?
"Pregnant Women, Lactating Mothers, Children from 6 months to 3 years and adolescent girls.","ଗର୍ଭବତୀ ମହିଳା, ସ୍ତନ୍ୟପାନ କରାଉଥିବା ମା, 6 ମାସରୁ 3 ବର୍ଷ ପର୍ଯ୍ୟନ୍ତ ପିଲା ଏବଂ କିଶୋର ବାଳିକା |","The pregnant woman, the expectant mother, was born from 6 months to 3 years and the baby of Kisher."
Where can I enquire about take home ration?,ଘରର ରାସନ ନେବା ବିଷୟରେ ମୁଁ କେଉଁଠାରେ ପଚାରିବି?,Where should I ask about housekeeping?
Please contact your respective Anganwadi worker.,ଦୟାକରି ଆପଣଙ୍କର ସମ୍ପୃକ୍ତ ଅଙ୍ଗନୱାଡି କର୍ମୀ ସହିତ ଯୋଗାଯୋଗ କରନ୍ତୁ |,Please contact your provider's office for further information.
Who is eligible for additional supplementary food.,କିଏ ଅତିରିକ୍ତ ସପ୍ଲିମେଣ୍ଟାରୀ ଖାଦ୍ୟ ପାଇଁ ଯୋଗ୍ୟ ଅଟେ |,What multiple to constrain the fill level to.
Children who are identified as deficit on nutrition are eligible for additional food supplements.,ପୁଷ୍ଟିକର ଖାଦ୍ୟର ଅଭାବ ବୋଲି ଚିହ୍ନିତ ପିଲାମାନେ ଅତିରିକ୍ତ ଖାଦ୍ୟ ସପ୍ଲିମେଣ୍ଟ ପାଇଁ ଯୋଗ୍ୟ ଅଟନ୍ତି |,Children who are marked as being the food of the mailbox are excluded from additional food supplements.
A beneficiary is eligible for HCM for at least 21 days in a month.,ଜଣେ ହିତାଧିକାରୀ ଏକ ମାସରେ ଅତି କମ୍ ରେ 21 ଦିନ ପାଇଁ HCM ପାଇଁ ଯୋଗ୍ୟ ଅଟନ୍ତି |,For at least 21 days HCM is available in one month.
Who is eligible for Hot Cooked Meal?,ଗରମ ରନ୍ଧା ଖାଦ୍ୟ ପାଇଁ କିଏ ଯୋଗ୍ୟ?,What is available for cooking?
Children in the age group of 3 years to 6 years,3 ବର୍ଷରୁ 6 ବର୍ଷ ବୟସର ପିଲାମାନେ,Children between 3 and 6 years of age
Where can I enquire about Hot Cooked Meal?,ଗରମ ରନ୍ଧା ଖାଦ୍ୟ ବିଷୟରେ ମୁଁ କେଉଁଠାରେ ପଚାରିବି?,Where would I want to be about wheat stalks?
Please contact your respective Anganwadi Centre.,ଦୟାକରି ଆପଣଙ୍କର ସମ୍ପୃକ୍ତ ଅଙ୍ଗନୱାଡି କେନ୍ଦ୍ର ସହିତ ଯୋଗାଯୋଗ କରନ୍ତୁ |,Please contact your accounting centre.
Who is eligible for additional supplementary food?,ଅତିରିକ୍ତ ସପ୍ଲିମେଣ୍ଟାରୀ ଖାଦ୍ୟ ପାଇଁ କିଏ ଯୋଗ୍ୟ?,What is available for extra surcharge food?
We are now available on Video Conference,ଆମେ ବର୍ତ୍ତମାନ ଭିଡିଓ କନଫରେନ୍ସରେ ଉପଲବ୍ଧ,We're available at the current video conference
State Video Conference,ରାଜ୍ୟ ଭିଡିଓ ସମ୍ମିଳନୀ,Kingdom Video Conferencing
Monday to Friday,ସୋମବାରରୁ ଶୁକ୍ରବାର,Friday
Join Now,ଏବେ ଯୋଗଦିଅ,Join Now
Anganwadi Worker Training,ଅଙ୍ଗନୱାଡି କର୍ମୀ ତାଲିମ,Angwadi Workbook
Support,ସମର୍ଥନ କର,Support
support-poshantrackr@gov.in,support-poshantrackr@gov.in,support-posthantrackr@gov.in
Download Mobile App,ମୋବାଇଲ୍ ଆପ୍ ଡାଉନଲୋଡ୍ କରନ୍ତୁ,Download Mobile
Terms of Service,ସେବାର ସର୍ତ୍ତାବଳୀ,_Other Organiser
Privacy Policy,ଗୋପନୀୟତା ନୀତି,Privacy Policy
Careers,ବୃତ୍ତି,Organisation
About Poshan Tracker,ପୁଷ୍ଟିକର ଟ୍ରାକର୍ ବିଷୟରେ,About Poster Track
Poshan Tracker App,ପୁଷ୍ଟିକର ଟ୍ରାକର୍ ଆପ୍,Poster Track Up
"The ‘Poshan Tracker’ is a mobile based application rolled out by the Ministry of Women and Child Development, Government of India on 1st March 2021 through National e-Governance Division (NeGD), Poshan Tracker is an important governance tool. Technology under Poshan Tracker is being leveraged for dynamic identification of stunting, wasting, under-weight prevalence among children and last mile tracking of nutrition service delivery.","‘ପୋଶାନ୍ ଟ୍ରାକର୍’ ହେଉଛି ଏକ ମୋବାଇଲ୍ ଆଧାରିତ ପ୍ରୟୋଗ ଯାହାକି ମହିଳା ଏବଂ ଶିଶୁ ବିକାଶ ମନ୍ତ୍ରଣାଳୟ, ଭାରତ ସରକାରଙ୍କ ଦ୍ବାରା 1 ମାର୍ଚ୍ଚ 2021 ରେ ନ୍ୟାସନାଲ ଇ-ଗଭର୍ନାନ୍ସ ଡିଭିଜନ୍ (ନେଜିଡି) ମାଧ୍ୟମରେ ମାଇଗୋଭ୍ ଏକ ଗୁରୁତ୍ୱପୂର୍ଣ୍ଣ ଶାସନ ଉପକରଣ ଭାବରେ ଗଡ଼ାଯାଇଛି। ପୋଶାନ୍ ଟ୍ରାକର୍ ଅନ୍ତର୍ଗତ ଟେକ୍ନୋଲୋଜିକୁ ଷ୍ଟଣ୍ଟିଂ, ଅପଚୟ, ପିଲାମାନଙ୍କ ମଧ୍ୟରେ କମ୍ ଓଜନ ପ୍ରାଦୁର୍ଭାବ ଏବଂ ପୁଷ୍ଟିକର ସେବା ବିତରଣର ଶେଷ ମାଇଲ୍ ଟ୍ରାକିଂର ଗତିଶୀଳ ଚିହ୍ନଟ ପାଇଁ ବ୍ୟବହାର କରାଯାଉଛି |.","A mobile-based application that was launched on March 1, 2021 by the Government of India, has been launched as an important tool of communication. The Posan Trailer technology has been suspended, disabled, and used as a tool of communication by the National E-Governmental Division (Nazide)."
The Poshan Tracker is a job-aid to the Anganwadi worker for efficient delivery of services along with reflection of their efforts. It is a critical and beneficiary-centric service delivery Application under POSHAN Abhiyaan which will promote real time data with analytics.,ସେମାନଙ୍କ ଉଦ୍ୟମର ପ୍ରତିଫଳନ ସହିତ ସେବାଗୁଡିକର ଦକ୍ଷତାର ସହିତ ବିତରଣ ପାଇଁ ପୋଶାନ୍ ଟ୍ରାକର୍ ଅଙ୍ଗନୱାଡି କର୍ମୀଙ୍କୁ ଏକ ଚାକିରି-ସାହାଯ୍ୟ | ଏହା ପୁଷ୍ଟିକର ଅଭିଯାନ ଅଧୀନରେ ଏକ ଗୁରୁତ୍ୱପୂର୍ଣ୍ଣ ଏବଂ ହିତାଧିକାରୀ-କେନ୍ଦ୍ରିକ ସେବା ବିତରଣ ପ୍ରୟୋଗ ଯାହାକି ଆନାଲିଟିକ୍ସ ସହିତ ପ୍ରକୃତ ସମୟ ତଥ୍ୟକୁ ପ୍ରୋତ୍ସାହନ ଦେବ |.,"In order to explain with their example their compassion, Posang Trailer Angwadi worked as a lawyer-assisted. This is an important and important tool for describing services that will encourage real-time data with Analytics."
WHAT ARE,କ'ଣ,Any
Poshan Tracker Features,ପୃଷ୍ଟିକର ଟ୍ରାକର୍ ବୈଶିଷ୍ଟ୍ୟଗୁଡିକ |,Peripheral Track Properties . . . . . . . . . . . . . . . . . . . . . . . . . . . . . . . . . . . . . . . . . . . . . . . . . . . . . . . . . . . . . . . . . . . . . . . . . . . . . . . . . . . . . . . . . . . . . . . . . . . .
Real time recording and Monitoring,ପ୍ରକୃତ ସମୟ ରେକର୍ଡିଂ ଏବଂ ମନିଟରିଂ |,Real time recording and monitoring
"The Poshan Tracker enables real-time monitoring and tracking of all AWCs and beneficiaries on defined indicators. It is built using centralized data architecture that also aligns with the digital technology systems of other ministries and programs. The objective is to provide a 360-degree view of the activities of the Anganwadi Centre (AWC), service deliveries of Anganwadi Workers (AWWs) and complete beneficiary management for pregnant women, lactating mothers and children. The public dashboard helps to impart transparency on services delivered to beneficiaries.","ପୃଷ୍ଟିକର ଟ୍ରାକର୍ ନିର୍ଦ୍ଦିଷ୍ଟ ସୂଚକାଙ୍କରେ ସମସ୍ତ AWC ଏବଂ ହିତାଧିକାରୀଙ୍କ ପ୍ରକୃତ-ସମୟ ମନିଟରିଂ ଏବଂ ଟ୍ରାକିଂକୁ ସକ୍ଷମ କରିଥାଏ | ଏହା କେନ୍ଦ୍ରୀଭୂତ ଡାଟା ସ୍ଥାପତ୍ୟ ବ୍ୟବହାର କରି ନିର୍ମିତ ଯାହାକି ଅନ୍ୟ ମନ୍ତ୍ରଣାଳୟ ଏବଂ ପ୍ରୋଗ୍ରାମର ଡିଜିଟାଲ୍ ଟେକ୍ନୋଲୋଜି ସିଷ୍ଟମ ସହିତ ସମାନ୍ତରାଳ | ଏହାର ଉଦ୍ଦେଶ୍ୟ ହେଉଛି ଅଙ୍ଗନୱାଡି କେନ୍ଦ୍ର (AWC) ର କାର୍ଯ୍ୟକଳାପ, ଅଙ୍ଗନୱାଡି କର୍ମୀ (AWWs) ର ସେବା ବିତରଣ ଏବଂ ଗର୍ଭବତୀ ମହିଳା, ସ୍ତନ୍ୟପାନ କରାଉଥିବା ମା ଏବଂ ଶିଶୁମାନଙ୍କ ପାଇଁ ହିତାଧିକାରୀ ପରିଚାଳନା ପାଇଁ 360-ଡ଼ିଗ୍ରୀ ଦୃଶ୍ୟ ପ୍ରଦାନ କରିବା | ଜନସାଧାରଣ ଡ୍ୟାସବୋର୍ଡ ହିତାଧିକାରୀଙ୍କୁ ପ୍ରଦାନ କରାଯାଇଥିବା ସେବା ଉପରେ ସ୍ୱଚ୍ଛତା ପ୍ରଦାନ କରିବାରେ ସାହାଯ୍ୟ କରେ |.","All AWC and author's real-time monitoring and tracking activities enable the peer's tracker to use the central data set, which is built with other software and software's digital technology system. The main purpose of this is to establish a set of principles for family heads (AWCs), family heads and family heads (AWs)."
Services Delivered,ସେବା ବିତରଣ,Service Discovery
"Tracking of services to the end beneficiary at a click of a button. Services like Take Home Ration (THR) and Hot cooked Meal (HCM), vaccination for Infants and Pregnant Women.","ଏକ ବଟନ୍ କ୍ଲିକ୍ କରି ଶେଷ ହିତାଧିକାରୀଙ୍କୁ ସେବାଗୁଡିକର ଟ୍ରାକିଂ କର। ଘରର ରାସନ ନିଅ (THR) ଏବଂ ରନ୍ଧା ଖାଦ୍ୟ (HCM), ଶିଶୁ ଏବଂ ଗର୍ଭବତୀ ମହିଳାଙ୍କ ପାଇଁ ଟୀକାକରଣ ପରି ସେବାଗୁଡିକ |.","Track services to the end administrator by clicking on a button. These services include home Drawing (THR) and HCM, as well as services for children and pregnant women."
Growth Measurement,ଅଭିବୃଦ୍ଧି ମାପ,Magnification scale
"Children of different age groups are monitored on monthly basis by AWWs. Health indicators like Stunting, Wasting and Underweight prevalence are measured as per WHO standards. Regular growth monitoring helps AWWs to provide relevant and timely assistance to children.","ବିଭିନ୍ନ ବୟସ ବର୍ଗର ପିଲାମାନଙ୍କୁ ମାସିକ AWW ଦ୍ୱାରା ତଦାରଖ କରାଯାଏ | WHO ମାନାଙ୍କ ଅନୁଯାୟୀ ଚମତ୍କାର, ଅପଚୟ ଏବଂ ଓଜନ କମ୍ ପ୍ରାଦୁର୍ଭାବ ପରି ସ୍ୱାସ୍ଥ୍ୟ ସୂଚକ ମାପ କରାଯାଏ | ନିୟମିତ ଅଭିବୃଦ୍ଧି ମନିଟରିଂ AWW ପିଲାମାନଙ୍କୁ ପ୍ରାସଙ୍ଗିକ ଏବଂ ସମୟାନୁବର୍ତ୍ତୀ ସହାୟତା ଯୋଗାଇବାରେ ସାହାଯ୍ୟ କରେ |.","The monthly AWW will protect the children of various age groups by measuring their personal characteristics, characteristics and characteristics, such as those of the WHO mana, and helping them to obtain regular and regular monitoring and assistance to AWW children."
Home Visit Alerts,ଗୃହ ପରିଦର୍ଶନ ଆଲର୍ଟ |,GroupWise Display Alert . . . . . . . . . . . . . . . . . . . . . . . . . . . . . . . . . . . . . . . . . . . . . . . . . . . . . . . . . . . . . . . . . . . . . . . . . . . . . . . . . . . . . . . . . . . . . . . . . . . .
"The Poshan Tracker generates automated alerts to the critical last-mile beneficiaries. It also ensures efficient audit of the delivery system by documenting real time attendance of beneficiaries and duty bearers. This management information system will help the nutrition programme to scale efficiently, thereby generating and documenting positive impact.","ପୃଷ୍ଟିକର ଟ୍ରାକର୍ ଜଟିଳ ଶେଷ ମାଇଲ୍ ହିତାଧିକାରୀଙ୍କ ପାଇଁ ସ୍ୱୟଂଚାଳିତ ଆଲର୍ଟ ସୃଷ୍ଟି କରେ | ଏହା ହିତାଧିକାରୀ ଏବଂ ଡ୍ୟୁଟି ବହନକାରୀଙ୍କ ପ୍ରକୃତ ସମୟ ଉପସ୍ଥାନକୁ ଦଲିଲ କରି ବିତରଣ ପ୍ରଣାଳୀର ଦକ୍ଷ ଅଡିଟ୍ ସୁନିଶ୍ଚିତ କରେ | ଏହି ପରିଚାଳନା ସୂଚନା ପ୍ରଣାଳୀ ପୁଷ୍ଟିକର ପ୍ରୋଗ୍ରାମକୁ ଦକ୍ଷତାର ସହିତ ମାପିବାରେ ସାହାଯ୍ୟ କରିବ, ଯାହାଦ୍ୱାରା ସକରାତ୍ମକ ପ୍ରଭାବ ସୃଷ୍ଟି ଏବଂ ଡକ୍ୟୁମେଣ୍ଟ୍ ହେବ |.","The peer's trackr will automatically create alerts for the last lost email client. This will allow you to write down the author's real-time presence and ensure the low-date explanation process will help you to measure the program of the processing mailer's program with support, allowing you to be able to create and document the actual presence of the data carrier."
