en,sd
You need to enable JavaScript to run this app.,You need to enable JavaScript to run this app.
Poshan Helpline:,Poshan Helpline:
14408,14408
JanAndolan,JanAndolan
ABHA (Health ID),ABHA (तंदुरुस्ती आईडी)
Language,बो॒ली
English,English
हिंदी,हिंदी
ગુજરાતી,ગુજરાતી
મરાઠી,મરાઠી
ಕನ್ನಡ,ಕನ್ನಡ
മലയാളം,മലയാളം
தமிழ்,தமிழ்
తెలుగు,తెలుగు
বাংলা,বাংলা
অসমীয়া,অসমীয়া
ਪੰਜਾਬੀ,ਪੰਜਾਬੀ
ଓଡ଼ିଆ,ଓଡ଼ିଆ
नेपाली,नेपाली
डोगरी,डोगरी
कोंकणी,कोंकणी
सिंधी,सिंधी
बोडो,बोडो
मैथिली,मैथिली
মণিপুরী,মণিপুরী
संथाली,संथाली
اردو,اردو
کٲشُر,کٲشُر
About,जे बारे में
Resources,वसीला
Resources,वसीला
Vaccination Schedule,टीकाकरण जो शेड्यूल
Dashboard,डैश्बोर्ड
Dashboard,डैश्बोर्ड
Mission Utkarsh,Mission Utkarsh
Helpdesk,हेल्पडेस्क
Beneficiary Redressal,हितभागी जो निस्तार
State Helpdesk,राज्य हेल्पडेस्क
FAQ,घणो करे पूछण वणन वारा सवाल
Poshan Calculator,पोषण कैलकुलेटर
Login,लॉगिन
 Previous, Previous
 Next, Next
Anganwadi Workers,आंगनवाडी कर्मचारी
Download Mobile App from Play Store,प्ले स्टोर खों मोबाइल ऐप डाउनलोड कयो
Scan the QR Code to Download the App,ऐप डाउनलोड करण जे लाये क्यूआर कोड खे स्कैन कयो
What’s New on Poshan Tracker,पोषण ट्रैकर में नयो छा आहे
 Previous, Previous
Poshan Tracker adds new application features,पोशॉन ट्रेकर गंढी आहे नई ऐपलिकेशन कारगुजारी
Poshan Tracker adds new Reports feature,कोशॉन ट्रेकर गंढी आहे नई रिपोर्ट कारगुजारी
Poshan Tracker adds new Resources on Website,पोशॉन ट्रेकर गंढियो आहे नयो वसिलो वेबसाईट कारगुरीअ ते
 Next, Next
Resources for growth monitoring and general awareness,विधारे निगरानी ऐं आम जाणि लाई वसिला
Growth monitoring charts,वाधोरो निगरानी कंदड चार्टअ
New beneficiary addition with skip OTP option,नयो फाईदोवठिंदड गंढायप नजपअंदाज कंदड OTP विकल्प सां
Mobile number need to be validated within a week,मोबाईल नम्बर जे साबित करणो पवंदो हिक हफिते में
Anganwadi Worker profile page,आङनवाडी कारुकनु रुपरेखा सुफो
Stunting and Underweight Growth Parameters,शंटिंग ऐं घठाईंदी-वजन जे वादारपणे जा मापदंढअ
Beneficiaries status change notifications,फाईदोवठिंदड हालत मटिंदा पधिराईयूं
Migrated from one category to another,बिक विभाग खां बे॒ ते लडणु
Beneficiary record becoming inactive,फाईदोवठिंदड रेकार्डअणसुजाग था थिंदा वञिनि
Beneficiary migration from one AWC to another AWC,फाईदोवठिंदड लडा॒यो वयो हिक AWC खां बे॒ AWC में
Beneficiary deletion by AWW,फाईदोवठिंदड रदायप AWW पारां
Default language selection,मुल बो॒लीअ जी चुंडायप
"Beneficiary concerns accessibility to AWW, along with status update once resolved","फाईदोवठिंद जे गणतीयूं जी मेसारयप AWW ते, हालत जे वादारपणे जे सुधो हेकारे निपटाणे जे बैदि"
Growth monitoring report for all health indicators,वाधारपणो निगरानी रिपोरट समुरे सिहत ड॒सुडिंदड लाई
Application downloaded status by AWW,ऐपलिकेशन जो डाउंलोड जी हालत AWW पारां
Beneficiary count report : Number of records becoming inactive and number of records migrating from one category to another,फाईदोवठिंदड जे गणप जी रिपोर्ट : अणसुजाग थिंदड रेकार्डन जी गणप ऐं हिक विभाग खां बे॒ विभाग लडि॒यलु रेकार्डअ
Resources for growth monitoring and general awareness,विधारे निगरानी ऐं आम जाणि लाई वसिला
Growth monitoring charts,वाधोरो निगरानी कंदड चार्टअ
New beneficiary addition with skip OTP option,नयो फाईदोवठिंदड गंढायप नजपअंदाज कंदड OTP विकल्प सां
Mobile number need to be validated within a week,मोबाईल नम्बर जे साबित करणो पवंदो हिक हफिते में
Anganwadi Worker profile page,आङनवाडी कारुकनु रुपरेखा सुफो
Stunting and Underweight Growth Parameters,शंटिंग ऐं घठाईंदी-वजन जे वादारपणे जा मापदंढअ
Beneficiaries status change notifications,फाईदोवठिंदड हालत मटिंदा पधिराईयूं
Migrated from one category to another,बिक विभाग खां बे॒ ते लडणु
Beneficiary record becoming inactive,फाईदोवठिंदड रेकार्डअणसुजाग था थिंदा वञिनि
Beneficiary migration from one AWC to another AWC,फाईदोवठिंदड लडा॒यो वयो हिक AWC खां बे॒ AWC में
Beneficiary deletion by AWW,फाईदोवठिंदड रदायप AWW पारां
Default language selection,मुल बो॒लीअ जी चुंडायप
"Beneficiary concerns accessibility to AWW, along with status update once resolved","फाईदोवठिंद जे गणतीयूं जी मेसारयप AWW ते, हालत जे वादारपणे जे सुधो हेकारे निपटाणे जे बैदि"
Growth monitoring report for all health indicators,वाधारपणो निगरानी रिपोरट समुरे सिहत ड॒सुडिंदड लाई
Application downloaded status by AWW,ऐपलिकेशन जो डाउंलोड जी हालत AWW पारां
Beneficiary count report : Number of records becoming inactive and number of records migrating from one category to another,फाईदोवठिंदड जे गणप जी रिपोर्ट : अणसुजाग थिंदड रेकार्डन जी गणप ऐं हिक विभाग खां बे॒ विभाग लडि॒यलु रेकार्डअ
Resources for growth monitoring and general awareness,विधारे निगरानी ऐं आम जाणि लाई वसिला
Growth monitoring charts,वाधोरो निगरानी कंदड चार्टअ
Poshan Calculator,पोषण कैलकुलेटर
Poshan Calculator is designed to measure growth of the child based on standards defined by World Health Organization (WHO).,पोषण कैलकुलेटर खे विश्व स्वास्थ्य संगठन (डब्ल्यूएचओ) जे सबब सां वस्फ़ पैमाइशअ जी बुनियाद ते बारण जी वाध खे मापण जे लाये डिज़ाइन कायो वयो आहे.
How to use Poshan Calculator?,पोषण कैलकुलेटर जो इस्तेमाल कीयं कयूं?
Select Gender,जेन्डर चुनयो
Enter Date of Birth,जन्म तारीख भ्रमों
Enter Height in centimeter,लम्बाई खे सेंटिमेटर में भरयो
Enter Weight in kilogram,वजन खे किलोग्राम में भरयो
Click on Show Results,डिसण अचण वारे रिजल्ट ते दबायो
Gender ,जंस 
*,*
Boy,अल
Girl,छोकरी
Date of Birth ,जन्म जी तारिख 
*,*
Height (CM) ,ढिघाई(CM) 
*,*
*Height should be between 38 to 150,*ढिगाई 38 खां 150 जे मंझ हुअणी खपे
CM,CM
Weight (KG) ,वजन (KG) 
*,*
*Weight should be between 0.90 to 58,*वजन 0.90 खां 58 जे मंझ हुअणो खपे
KG,KG
Show Results,नतिजा डे॒खारो
ABHA (Health ID) and its Benefits,ABHA (तंदुरुस्ती आईडी) आऊं हुनजा फ़ायदा
ABHA (earlier known as Health ID) is an acronym for Ayushman Bharat Health Account.,ABHA (पिहरया जेखे सिहत आईडी चईंदा हुया ) हिंजो पुरो नालो आयुष्मान भारत हेल्थ अकाउंट आहे।
Using ABHA (Health ID) is the first step towards creating safer and efficient digital health records for you and your family.,ABHA हिक पेंरयो कदम ता ठांयु जेंखे इस्तेमाल करे असा सुरक्षित अंउ सुठो डिजिटल सिहत खे दाखिल तां कयुं पांजे अंउ पांजे परिवार लाए।
"It enables your interaction with participating healthcare providers, and allows you to receive your digital lab reports, prescriptions and diagnosis seamlessly from verified healthcare professionals and health service providers.","ईयो इनमे भाग वठण सा गड्-गड् सिहत जो ध्यान रखंण वारन सा गालाएणं जे लायक ठाईंदो आ अंउ असांखें डिजिटल लैब रिपोर्ट भी मिलंदी, मर्ज जी सुज्ञाणप करण जो तरीको मिलदो आहे सुठे अंउ काबिल सिहत जो ध्यान रखंण वारन खा।"
Know More,वधिक जा॒णो
×,×
Frequently Asked Questions,बार-बार पुषण वारा सवाल:
ALL,सब
BENEFICIARY REGISTRATION,लाभार्थी पंजीकरण
Take Home Ration,घर जो राशन वठो
Hot Cooked Meal,गरम-गरम रोटी ठायण
What is Poshan Abhiyaan?,पोषण अभियान छा आहे?
"Poshan Abhiyaan is India’s flagship programme to improve nutritional outcomes for children, adolescents, pregnant women and lactating mothers by leveraging technology, a targeted approach and convergence.","बारनु, नौजवाननु , गर्भ वंतयूनु जे खोराकी नतीजन खे सुधारण जे लाए, पोषण अभियान भारत जो मुख्य प्रोग्राम आहे."
What is the purpose of Launching Poshan Tracker?,पोषण ट्रेकर खे शुरू करण जो मकसद छा आहे?
"The purpose of POSHAN Tracker application is to provide a 360-degree view of the activities of the Anganwadi Centre (AWC), service deliveries of Anganwadi Workers (AWWs) and complete beneficiary management for pregnant women, lactating mothers and children. The proposed system should enable real-time monitoring and tracking of all AWCs, AWWs and beneficiaries on the defined indicators.","पोषण ट्रेकर एप जो मकसद आंगनवाड़ी मरकज़ जे मशगुलियुन, आंगनवाड़ी कम कंदडनु जी सेवा जी डिलीवरी एं गर्भ वंती मायुनु, धाराइंदड़ु माउरुं, बा॒रन जे लाये समूरो बेनेफिशरी बंदोबस्त जो 360 डिग्री व्यू दि॒यण आहे. मंज़ूर कयल सिस्टम मुकरर कयल पैमाने ते सभिनी आंगनवाड़ी मरकज़नु, आंगनवाड़ी कम कंदडनु एं बेनेफिशरयुन जी रियल टाइम निगरानी एं ट्रेकिंग करण जी इख़्तियारी दीं॒दो."
How can one Download Poshan Tracker App?,पोषण एप खे कियें डाउनलोड करे सघ॒जे थो?
Poshan Tracker App is available over Google playstore ,पोषण ट्रेकर एप गूगल ते मौजूद आहे.Google playstore 
https://play.google.com/store/apps/details?id=com.poshantracker,https://play.google.com/store/apps/details?id=com.poshantracker
Is poshan trackers app available over Apple I Store also?,छा पोषण ट्रेक्स एप एप्पल आई स्टोर ते मौजूद आहे?
"No, Poshan Tracker is available only for Android version","न, पोषण ट्रेकर फकत ऐन्ड्रॉइड कौल ते मौजूद आहे."
What is the minimum requirement to install Poshan Tracker App in mobile?,मोबाईल में पोषण ट्रेकर एप इंस्टाल करण जे लाए घटु में घटु घुरज छा आहे?
Poshan Tracker App can only be installed in Android Phone with Android version 6.0 and above.,पोषण ट्रेकर एप खे ऐंड्रोइड 6.0 या उन खां वधिक जे कोल वारे ऐंड्रोइड फोन में इंसटाल करे सघ॒बो आहे.
View All FAQs,समुरा FAQs डि॒सो
Can a beneficiary register directly using application.,छा अप्लिकेशन खे डायरेक्टलि इस्तमाल करें फायदेमंद रजिस्ट्रेशन करे ता सचमुच।
Currently a beneficiary can register by the help of an AWW,हाणे जे लाए लाभकारी रजिस्ट्रेशन करे ता सघयु AWW जी मदद सा
Who is a beneficiary?,केर आ फायदेमंद?
There are 6 categories for beneficiaries,हिते छ: श्रेणियु आएन फायदे जे लाए
Pregnant Women,पेटअ वारी माई
Lactating Mother,ढुक्क डेयन वारी माई
Children from 0 to 6 months,बार 0 खा 6 महिनन जो
Children from 6 months to 3 years,बार 6 महिनन खा 3 सालन जो
Children from 3 years to 6 years,बार 3 सालन खा 6 सालन जो
Adolescent girls,किशोरी छोकरूयु
Can a beneficiary change his/her AWC?,छा लाभकारी बदलाव थी तो सघे उननजे AWC मे?
An AWW can use ‘Migrate Beneficiary’ option to migrate a beneficiary from one AWC to another AWC basis their Aadhaar number.,छा AWW खे माइग्रेंट लाभकारी आप्शन इस्तमाल करे ता सघयु ताकी माइग्रेंट लाभकारी हिकAWC खा बे AWC खे डई सघयु आधार नंबर जे द्वारा।
What is the eligibility of a beneficiary?,छा आए लाभकारी जी पात्रता?
A beneficiary is eligible for THR for at least 21 days in a month.,हिक लाभकारी छा योग्य आए THR लाए घट में घट महिने जे 21 डियन जे लाए।
Who is eligible for Take Home Ration?,केर घर जो राशन वठण जे योग्य आ?
"Pregnant Women, Lactating Mothers, Children from 6 months to 3 years and adolescent girls.","पेटअ वारी माई, ढुक्क डेयन माई, बार 6 महिनन खा 3 साल ताई आऊं किशोरी छोकरूयु।"
Where can I enquire about take home ration?,किथे वनी मा घर जे राशन लाए पुछि ती सिगा?
Please contact your respective Anganwadi worker.,किरपा तांजे आदरणीय आंगनवाड़ी कार्यकर्ता सा सम्पर्क कयो।
Who is eligible for additional supplementary food.,केर अतिरिक्त पूरी रोटी जे योग्य आ।
Children who are identified as deficit on nutrition are eligible for additional food supplements.,बार जेका कुपोषित आएन उवे अतिरिक्त पूरी रोटी जे योग्य आ एन।
What is the eligibility of a beneficiary?,छा आए लाभकारी जी पात्रता?
A beneficiary is eligible for HCM for at least 21 days in a month.,हिक लाभकारी योग्य आए HCM लाए घट में घट महिने जे 21 डियन लाए।
Who is eligible for Hot Cooked Meal?,केर गर्म ठयल रोटी जे काबिल आ?
Children in the age group of 3 years to 6 years,बार देखा 3 सल खा 6 सालन जा आएन
Where can I enquire about Hot Cooked Meal?,छा मां पुछि ती सिघा गर्म ठयल रोटी जे बारे मे?
Please contact your respective Anganwadi Centre.,किरपा तांजे आंगनवाड़ी कार्यकर्ता सा सम्पर्क कयो।
Who is eligible for additional supplementary food?,केर अतिरिक्त पूरी रोटी जे योग्य आ?
Children who are identified as deficit on nutrition are eligible for additional food supplements.,बार जेका कुपोषित आएन उवे अतिरिक्त पूरी रोटी जे योग्य आ एन।
We are now available on Video Conference,असां हाणे विडिओ कान्फ्रन्स ते बि मौजूद आहियूं
State Video Conference,जाणायो विडियो कॉनफरेंस
Monday to Friday ,सूमर खां जुमे ताईं 
4:15 PM to 5:15 PM,4:15 PM to 5:15 PM
Join Now,हियर शामिल थयो
Anganwadi Worker Training,आङनवाडी कारुकनु जी सिख्या
Monday to Friday ,सूमर खां जुमे ताईं 
3:00 PM to 4:00 PM,3:00 PM to 4:00 PM
Join Now,हियर शामिल थयो
×,×
Support,मदद
 14408, 14408
 support-poshantrackr@gov.in, support-poshantrackr@gov.in
Download Mobile App,मोबाइल ऐप डाउनलोड कयो
Powered By,Powered By
About,जे बारे में
Resources,वसीला
Dashboard,डैश्बोर्ड
Helpdesk,हेल्पडेस्क
FAQ,घणो करे पूछण वणन वारा सवाल
Poshan Calculator,पोषण कैलकुलेटर
Terms of Service,टर्म्स ऑफ़ सर्विसेस
Privacy Policy,गोपनीयता नीति
Careers,करियर
Copyright@2023  Poshan Tracker. All rights reserved,Copyright@2023  Poshan Tracker. All rights reserved
 You need to enable JavaScript to run this app., You need to enable JavaScript to run this app.
Poshan Helpline:,Poshan Helpline:
14408,14408
JanAndolan,JanAndolan
ABHA (Health ID),ABHA (तंदुरुस्ती आईडी)
Language,बो॒ली
English,English
हिंदी,हिंदी
ગુજરાતી,ગુજરાતી
મરાઠી,મરાઠી
ಕನ್ನಡ,ಕನ್ನಡ
മലയാളം,മലയാളം
தமிழ்,தமிழ்
తెలుగు,తెలుగు
বাংলা,বাংলা
অসমীয়া,অসমীয়া
ਪੰਜਾਬੀ,ਪੰਜਾਬੀ
ଓଡ଼ିଆ,ଓଡ଼ିଆ
नेपाली,नेपाली
डोगरी,डोगरी
कोंकणी,कोंकणी
सिंधी,सिंधी
बोडो,बोडो
मैथिली,मैथिली
মণিপুরী,মণিপুরী
संथाली,संथाली
اردو,اردو
کٲشُر,کٲشُر
About,जे बारे में
Resources,वसीला
Resources,वसीला
Vaccination Schedule,टीकाकरण जो शेड्यूल
Dashboard,डैश्बोर्ड
Dashboard,डैश्बोर्ड
Mission Utkarsh,Mission Utkarsh
Helpdesk,हेल्पडेस्क
Beneficiary Redressal,हितभागी जो निस्तार
State Helpdesk,राज्य हेल्पडेस्क
FAQ,घणो करे पूछण वणन वारा सवाल
Poshan Calculator,पोषण कैलकुलेटर
Login,लॉगिन
About Poshan Tracker,पोषण टे्कर जे बारे में
About,About
Poshan Tracker App,पोषण टे्कर एप
"The ‘Poshan Tracker’ is a mobile based application rolled out by the Ministry of Women and Child Development, Government of India on 1st March 2021 through National e-Governance Division (NeGD), Poshan Tracker is an important governance tool. Technology under Poshan Tracker is being leveraged for dynamic identification of stunting, wasting, under-weight prevalence among children and last mile tracking of nutrition service delivery.","'पोशन ट्रैकर' हिक मोबाईल में हलण वारो एप आहे जेको 1 मार्च 2021 ते राष्ट्रीय ई-गवर्नेंस डिवीजन (NeGD), MyGov जे ज़रिये सां हिक अहिम हुकूमती टूल जे रूप में हिंदुस्तान सरकार जे मिनिस्ट्री ऑफ वुमन आऊं चाईल्ड द्वारा कडयु वयो आहे। पोषण टे्कर एप जी जे कि टेक्नोलॉजी आ उनका इयो पतों पयीन्दो आ कि बार स्टंटेड, घट वजन, वेस्टेड आ या न उनन ताई सही पोषण पहुंचे तो या न."
The Poshan Tracker is a job-aid to the Anganwadi worker for efficient delivery of services along with reflection of their efforts. It is a critical and beneficiary-centric service delivery Application under POSHAN Abhiyaan which will promote real time data with analytics.,पोषण टे्कर हिक एप आ जे को आंगनवाड़ी कार्यकर्ता खे कम भी डिनडो आ ताकी उव पानी मेहनत सा तां ताई सर्विस डे सुठि। हियो हिक फायदेमंद आंगनवाड़ी कार्यकर्ता जी डिलीवरी सर्विस पहुंचाईं दो पोषण अभियान जे तहत.
Services availed by,Services availed by
Beneficiaries at Anaganwadi Center,Beneficiaries at Anaganwadi Center
Take Home Ration,घर जो राशन वठो
Hot Cooked Meal,गरम-गरम रोटी ठायण
Morning Snacks,Morning Snacks
Nutrition and,Nutrition and
 Health checkup, Health checkup
WHAT ARE,छा आए
Poshan Tracker Features,पोषण टे्कर जा फिचर
Real time recording and Monitoring,रियल टाइम रिकार्डिंग एंड मोनिटरिंग
"The Poshan Tracker enables real-time monitoring and tracking of all AWCs and beneficiaries on defined indicators. It is built using centralized data architecture that also aligns with the digital technology systems of other ministries and programs. The objective is to provide a 360-degree view of the activities of the Anganwadi Centre (AWC), service deliveries of Anganwadi Workers (AWWs) and complete beneficiary management for pregnant women, lactating mothers and children. The public dashboard helps to impart transparency on services delivered to beneficiaries.","पोषण टे्कर कंदो आ रियल टाइम मानिटरिंग आऊं ट्रेकिंग सभीन AWCs आऊं लाभकारी मनयो वेंदो आ। इयो गायों व्यो आ डेटा खे ईक्कठो करे देखो डिजिटल टेक्नोलॉजी सिस्टम आऊं नये फिचरन मिनिस्टर आऊं प्रोग्राम सा ठयल आ। हिनजो मकसद आंगनवाड़ी केंद्र (AWC) जा कम्मअ, आंगनवाड़ी वरकरन (AWW) जीं सेवा पहुँचायण आऊं पेटवारी माईयूं, दुक्कअ डेयण वारी माऊं आऊं बारन जे लाये मुकम्मल फायदे जो बंदोबस्त करण लाये कम करण जो 360-डिग्री नज़रियो डीअन्दो आहे। पब्लिक डैशबोर्ड हितभागिण खे डी वणन वारी सेवाउण में ट्रांसपेरेंसी खणी अचण में मदद कंदो आहे."
Services Delivered,सर्विस डयण
"Tracking of services to the end beneficiary at a click of a button. Services like Take Home Ration (THR) and Hot cooked Meal (HCM), vaccination for Infants and Pregnant Women.","सर्विस डिसण आऊं आखरी में लाभकारी बटण ते क्लिक करण। सर्विस जिंय टैक होम राशन (THR) आऊं हाट कुक मिल (HCM), टिकाकरण बारण आऊं पेटअ वारी माई जो."
Growth Measurement,सिहत मापण
"Children of different age groups are monitored on monthly basis by AWWs. Health indicators like Stunting, Wasting and Underweight prevalence are measured as per WHO standards. Regular growth monitoring helps AWWs to provide relevant and timely assistance to children.","AWW द्वारा अलग अलग उम्र जे बारन जी महीने दर महीने जांच की वेंदी। स्टंटिंग, वेस्टिंग आऊं गट्ठ वजन हुजण, इह सिहत जा लच्छण खे डब्ल्यूएचओ जे मअयारिन जे हीसाब सां माप्यो वेंदो आहे। टाइम टाइम जी जांच AWW जे कम् कंदननङ खे बारन जी सही आऊं सही टाइम ते मदद करण में कम् में ईअन्दी आहे."
Home Visit Alerts,होम विजिट अलर्ट
"The Poshan Tracker generates automated alerts to the critical last-mile beneficiaries. It also ensures efficient audit of the delivery system by documenting real time attendance of beneficiaries and duty bearers. This management information system will help the nutrition programme to scale efficiently, thereby generating and documenting positive impact.",पोषण टे्कर एप जो अलर्ट डयण बार जे वधण लाए। हिन जो सुखों सिस्टम सा ड्युटी डयण आऊं डिलीवरी सही टाईम ते डयण। हिन जो मेनेजमेंट सिस्टम जो बुधाएण नयुटरीशन प्रोग्राम जे बारे मे जेबा कि वधण में जाम सुठो असर डिसण ईंदो आ.
Support,मदद
 14408, 14408
 support-poshantrackr@gov.in, support-poshantrackr@gov.in
Download Mobile App,मोबाइल ऐप डाउनलोड कयो
Powered By,Powered By
About,जे बारे में
Resources,वसीला
Dashboard,डैश्बोर्ड
Helpdesk,हेल्पडेस्क
FAQ,घणो करे पूछण वणन वारा सवाल
Poshan Calculator,पोषण कैलकुलेटर
Terms of Service,टर्म्स ऑफ़ सर्विसेस
Privacy Policy,गोपनीयता नीति
Careers,करियर
Copyright@2023  Poshan Tracker. All rights reserved,Copyright@2023  Poshan Tracker. All rights reserved
 You need to enable JavaScript to run this app., You need to enable JavaScript to run this app.
Poshan Helpline:,Poshan Helpline:
14408,14408
JanAndolan,JanAndolan
ABHA (Health ID),ABHA (तंदुरुस्ती आईडी)
Language,बो॒ली
English,English
हिंदी,हिंदी
ગુજરાતી,ગુજરાતી
મરાઠી,મરાઠી
ಕನ್ನಡ,ಕನ್ನಡ
മലയാളം,മലയാളം
தமிழ்,தமிழ்
తెలుగు,తెలుగు
বাংলা,বাংলা
অসমীয়া,অসমীয়া
ਪੰਜਾਬੀ,ਪੰਜਾਬੀ
ଓଡ଼ିଆ,ଓଡ଼ିଆ
नेपाली,नेपाली
डोगरी,डोगरी
कोंकणी,कोंकणी
सिंधी,सिंधी
बोडो,बोडो
मैथिली,मैथिली
মণিপুরী,মণিপুরী
संथाली,संथाली
اردو,اردو
کٲشُر,کٲشُر
About,जे बारे में
Resources,वसीला
Resources,वसीला
Vaccination Schedule,टीकाकरण जो शेड्यूल
Dashboard,डैश्बोर्ड
Dashboard,डैश्बोर्ड
Mission Utkarsh,Mission Utkarsh
Helpdesk,हेल्पडेस्क
Beneficiary Redressal,हितभागी जो निस्तार
State Helpdesk,राज्य हेल्पडेस्क
FAQ,घणो करे पूछण वणन वारा सवाल
Poshan Calculator,पोषण कैलकुलेटर
Login,लॉगिन
Resources,साधणअ
Learning Videos,सिखण जा वीडियो
❮,❮
How to take care of weak newborn with the help of Kangaroo Mother Care,कंगारू मदर केयर जी मदद सां कमज़ोर जायल बार जी देखभाल कीयं कयूं
Preventing illnesses to avert Malnutrition and Death,कुपोषण आऊं मौत खे खत्म करण जे लाये बीमारिन्न जी रोकथाम
Prevention of Anemia in children and adolescents girls,नंडे बारण आऊं जवान छोकरिन में एनीमिया जी रोकथाम
Birth Preparedness- For Institutional and Home Delivery,जन्म जी तैयारी- संस्थायुन आऊं होम डिलीवरी जे लाये
Care of the weak newborn baby - How many weak babies are we missing?,कमज़ोर जायल बार जी देखभाल - अस्सां घणा कमज़ोर जायल बारण जी देखभाल नथ्था करे सगुं?
Feeding During Illness,बीमारी जे दौरान खारायण या ढुक्क डेयन
Preparation During Pregnancy - For NewBorn Care & Family Planning,पेटअ सां हुजैन मैल जी तैयारी - जायल बार जी देखभाल आऊं फॅमिली प्लानिंग जे लाये
Ensuring Exclusive Breastfeeding,ढुक्क डेयन पक्के तौर सां करण
Assessment of growth in children,बारण में वाध जो महसूल
Preventing anemia in women,माइन में एनीमिया जी रोकथाम
Complementary Feeding - Diet Diversity,इज़ाफ़े वारो खादो-मुख्तलिफ खोराक
Identification and care of a Weak Newborn baby,कमज़ोर जायल बार जी पहचान आऊं देखभाल
Observing Breastfeeding In Newborn Babies,जायल बारण खे ढुक्क डेयन जो महसूल
Planning And Organising Community Based Events At AWC,AWC में खल्क जे लाये कार्यक्रमअन जि तजवीज़ आऊं हुननजो बन्दोबस्त करण
Making or Updating Home Visit Planner and Initiating home visits,होम विजिट प्लानर ठायण या अपडेट करण आऊं होम विजिट शुरू करण
Ensuring that complementary feeding improves over time,इहो पक्को करण कि टाइम सां इज़ाफ़े वारे खादे में सुधार थे
How to ensure timely initiation of complementary feeding,इज़ाफ़े वारे खादे खे सही टाइम ते शुरुआत करण कीयं पक्को कयूं
Identifying and preventing Severe Acute Malnutrition,गंभीर आऊं पीडींदड कुपोषण जी पहचान करण आऊं हुनखे रोकण
Identification & Referral of Sick Newborn,बीमार जायल बार जी पहचान आऊं रेफरल
Supporting mothers with issues in Breastfeeding,ढुक्क डेयन में तकलीफ महसूस करण वारी माउन जी मदद करण
Why this Monthly Meeting?,हिन महीने जी सभा छो आ?
❯,❯
Awareness,जागरूकता
ALL ,सब 
13,13
 , 
GENERAL ,वहींवारी 
9,9
 , 
Pregnant Women ,गर्भ वंती माई 
1,1
 , 
Lactating Mothers ,ढुक्क डेयन वारी माऊं 
2,2
 , 
CHILD CARE ,बारण जी देखभाल 
1,1
 , 
❮,❮
General,General
General Awareness about Home Visit Scheduler,General Awareness about Home Visit Scheduler
Download PDF,पीडीएफ डाउनलोड कयो
General,General
General Awareness about Growth Monitoring of Children,वहींवारी जागरूकता बारण जे वाध निगरानी जी
Download PDF,पीडीएफ डाउनलोड कयो
General,General
General Awareness about preventing illness in Children,बारण खे बिमारी खा बचायण जी वहींवारी जागरूकता
Download PDF,पीडीएफ डाउनलोड कयो
General,General
General Awareness for Pregnancy,वहींवारी जागरूकता गर्भावस्था जी
Download PDF,पीडीएफ डाउनलोड कयो
General,General
General Awareness on Module,वहींवारी जागरूकता मॉड्यूल जी
Download PDF,पीडीएफ डाउनलोड कयो
General,General
General Awareness on Anaemia,वहींवारी जागरूकता एनीमिया जी
Download PDF,पीडीएफ डाउनलोड कयो
General,General
General Awareness on SAM and MAM,वहींवारी जागरूकता SAM आऊं MAM जी
Download PDF,पीडीएफ डाउनलोड कयो
General,General
General Awareness on Mother Care,वहींवारी जागरूकता मां जे देखभाल करण जी
Download PDF,पीडीएफ डाउनलोड कयो
General,General
General Awareness on the Delivery of the child,वहींवारी जागरूकता बार खे पैदा करण जी
Download PDF,पीडीएफ डाउनलोड कयो
Pregnant Women,गर्भ वंती माई
Awareness for Pregnancy in Preventing Anemia,जागरूकता गर्भावस्था मे एनीमिया जी
Download PDF,पीडीएफ डाउनलोड कयो
Lactating Mothers,ढुक्क डेयन वारी माऊं
Awareness for Lactating Mother Complimentary Feeding for Children,जागरूकता हुजे मां मे बार खे छाति मा सुठे सा खिर पियाण जी
Download PDF,पीडीएफ डाउनलोड कयो
Lactating Mothers,ढुक्क डेयन वारी माऊं
Awareness to Lactating Mother,जागरूकता मां मे ढुक्क डेयन जी
Download PDF,पीडीएफ डाउनलोड कयो
Child Care,Child Care
"Awareness for Children Stunting, Wasting to prevent malnutrition in children","जागरूकता बारण मे कुपोषण, स्टंट,विनयाण खा बचण लाए"
Download PDF,पीडीएफ डाउनलोड कयो
❯,❯
❮,❮
General Awareness about Home Visit Scheduler,General Awareness about Home Visit Scheduler
Download PDF,पीडीएफ डाउनलोड कयो
General Awareness about Growth Monitoring of Children,वहींवारी जागरूकता बारण जे वाध निगरानी जी
Download PDF,पीडीएफ डाउनलोड कयो
General Awareness about preventing illness in Children,बारण खे बिमारी खा बचायण जी वहींवारी जागरूकता
Download PDF,पीडीएफ डाउनलोड कयो
General Awareness for Pregnancy,वहींवारी जागरूकता गर्भावस्था जी
Download PDF,पीडीएफ डाउनलोड कयो
General Awareness on Module,वहींवारी जागरूकता मॉड्यूल जी
Download PDF,पीडीएफ डाउनलोड कयो
General Awareness on Anaemia,वहींवारी जागरूकता एनीमिया जी
Download PDF,पीडीएफ डाउनलोड कयो
General Awareness on SAM and MAM,वहींवारी जागरूकता SAM आऊं MAM जी
Download PDF,पीडीएफ डाउनलोड कयो
General Awareness on Mother Care,वहींवारी जागरूकता मां जे देखभाल करण जी
Download PDF,पीडीएफ डाउनलोड कयो
General Awareness on the Delivery of the child,वहींवारी जागरूकता बार खे पैदा करण जी
Download PDF,पीडीएफ डाउनलोड कयो
❯,❯
❮,❮
Awareness for Pregnancy in Preventing Anemia,जागरूकता गर्भावस्था मे एनीमिया जी
Download PDF,पीडीएफ डाउनलोड कयो
❯,❯
❮,❮
Awareness for Lactating Mother Complimentary Feeding for Children,जागरूकता हुजे मां मे बार खे छाति मा सुठे सा खिर पियाण जी
Download PDF,पीडीएफ डाउनलोड कयो
Awareness to Lactating Mother,जागरूकता मां मे ढुक्क डेयन जी
Download PDF,पीडीएफ डाउनलोड कयो
❯,❯
❮,❮
"Awareness for Children Stunting, Wasting to prevent malnutrition in children","जागरूकता बारण मे कुपोषण, स्टंट,विनयाण खा बचण लाए"
Download PDF,पीडीएफ डाउनलोड कयो
❯,❯
Growth Monitoring Assessment Charts,वाध निगरानी महसूल चार्ट
Stunted Assessment Parameters,अवरूद्ध जो मुल्यांकन मापण
Download PDF,पीडीएफ डाउनलोड कयो
Wasted Assessment Parameters,व्यर्थ जो मुल्यांकन मापण
Download PDF,पीडीएफ डाउनलोड कयो
Underweight Assessment Parameters,घट वजन जो मुल्यांकन मापण
Download PDF,पीडीएफ डाउनलोड कयो
Manuals,दस्तावेज़
Poshan Tracker Process Flow,पोशन ट्रेक कंदड़ु अमलु जो वहिकिरो
Download PDF,पीडीएफ डाउनलोड कयो
Circulars/Notifications,परिपत्रो/अधिसूचना
03 June,03 June
2021,2021
Clarification regarding Cost of Smart phones,स्पष्ट करण स्मार्टफोन जो अघ
Download PDF,पीडीएफ डाउनलोड कयो
24 May,24 May
2021,2021
Uploading of Data of Anganwadi Services Schemes in Poshan Tracker,डेटा विजण आंगनवाड़ी सर्विस योजना जो पोषण टे्कर ते
Download PDF,पीडीएफ डाउनलोड कयो
01 March,01 March
2021,2021
Data Plan for Mobile Application,डेटा जी योजना मोबाईल अप्लिकेशन जे लाए
Download PDF,पीडीएफ डाउनलोड कयो
02 February,02 February
2021,2021
Specifications of Smart phone and Technical Compatibility Testing,विनिर्देश स्मार्टफोन जो आऊं तकनिकी अनुकुलता जो परिक्षण करण
Download PDF,पीडीएफ डाउनलोड कयो
02 February,02 February
2021,2021
Training on ICT Platform under POSHAN Abhiyaan,पृशिक्षण करण ICT प्लेटफार्म ते पोषण अभियान जे हलदे
Download PDF,पीडीएफ डाउनलोड कयो
02 February,02 February
2021,2021
New Poshan Tracker App - CSC-SPV Nodal Person,नयो पोषण टे्कर एप- CSC-SPV नोडल माणु
Download PDF,पीडीएफ डाउनलोड कयो
13 January,13 January
2021,2021
New Poshan Tracker App,नयो पोषण टे्कर एप‌
Download PDF,पीडीएफ डाउनलोड कयो
×,×
×,×
×,×
×,×
×,×
×,×
×,×
×,×
×,×
×,×
×,×
×,×
×,×
×,×
×,×
×,×
×,×
×,×
×,×
×,×
×,×
Support,मदद
 14408, 14408
 support-poshantrackr@gov.in, support-poshantrackr@gov.in
Download Mobile App,मोबाइल ऐप डाउनलोड कयो
Powered By,Powered By
About,जे बारे में
Resources,वसीला
Dashboard,डैश्बोर्ड
Helpdesk,हेल्पडेस्क
FAQ,घणो करे पूछण वणन वारा सवाल
Poshan Calculator,पोषण कैलकुलेटर
Terms of Service,टर्म्स ऑफ़ सर्विसेस
Privacy Policy,गोपनीयता नीति
Careers,करियर
Copyright@2023  Poshan Tracker. All rights reserved,Copyright@2023  Poshan Tracker. All rights reserved
 You need to enable JavaScript to run this app., You need to enable JavaScript to run this app.
Poshan Helpline:,Poshan Helpline:
14408,14408
JanAndolan,JanAndolan
ABHA (Health ID),ABHA (तंदुरुस्ती आईडी)
Language,बो॒ली
English,English
हिंदी,हिंदी
ગુજરાતી,ગુજરાતી
મરાઠી,મરાઠી
ಕನ್ನಡ,ಕನ್ನಡ
മലയാളം,മലയാളം
தமிழ்,தமிழ்
తెలుగు,తెలుగు
বাংলা,বাংলা
অসমীয়া,অসমীয়া
ਪੰਜਾਬੀ,ਪੰਜਾਬੀ
ଓଡ଼ିଆ,ଓଡ଼ିଆ
नेपाली,नेपाली
डोगरी,डोगरी
कोंकणी,कोंकणी
सिंधी,सिंधी
बोडो,बोडो
मैथिली,मैथिली
মণিপুরী,মণিপুরী
संथाली,संथाली
اردو,اردو
کٲشُر,کٲشُر
About,जे बारे में
Resources,वसीला
Resources,वसीला
Vaccination Schedule,टीकाकरण जो शेड्यूल
Dashboard,डैश्बोर्ड
Dashboard,डैश्बोर्ड
Mission Utkarsh,Mission Utkarsh
Helpdesk,हेल्पडेस्क
Beneficiary Redressal,हितभागी जो निस्तार
State Helpdesk,राज्य हेल्पडेस्क
FAQ,घणो करे पूछण वणन वारा सवाल
Poshan Calculator,पोषण कैलकुलेटर
Login,लॉगिन
Vaccination Schedule,टीकाकरण जो शेड्यूल
Birth,जन्म।
Bacillus Calmette Guerin (BCG),बेकिलस केलमिटी गेरिन (BCG)
Oral Polio Vaccine (OPV)-0 dose ,ओरल पोलियो वैक्सीन (OPV)-0 डोस 
Hepatitis B birth dose OPV-1 T,हेपाटिटिस बी बर्थ डोस OPV-1 T
6 ,6 
Weeks,हफ्ता
OPV-1,OPV-1
Pentavalent-1,पेंटावेलेंट-1
Rotavirus Vaccine (RVV)-1,रोटावायरस वेक्सिन (RVV)-1
Fractional dose of Inactivated Polio Vaccine (fIPV)-1,फ्रेकशनल डोस आफ इनएक्टिवेटेड पोलियो वेक्सिन(fIPV)-1
Pneumococcal Conjugate Vaccine (PCV) -1,न्यूमोकोकल कोनज्युकेट वेक्सिन (PCV) -1
10 ,10 
Weeks,हफ्ता
OPV-2,OPV-2
Pentavalent-2,पेंटावेलेंट-2
RVV-2,RVV-2
14 ,14 
Weeks,हफ्ता
OPV-3,OPV-3
Pentavalent-3,पेंटावेलेंट-3
fIPV-2T,fIPV-2T
RVV-3,RVV-3
PCV-2,PCV-2
9 - 12 ,9 - 12 
Months,महीना
Measles Containing vaccine (MCV)/Measles & Rubella (MR)-1,मिसलेस कनटेनिंग वेक्सिन(MCV)/मिसलेस आऊं रूबेला (MR)-1
Japanese Encephalitis(JE)-1**,जापानिस इन्सेफेलाइटिस(JE)-1**
PCV-Booster,PCV-बूस्टर
16 - 24 ,16 - 24 
Months,महीना
Measles Containing vaccine (MCV)/MR-2,मिसलेस कनटेनिंग वेक्सिन (MCV)/MR-2
JE-2**,JE-2**
Diphtheria,डिप्थीरिया
Pertussis & Tetanus (DPT)-Booster-1,परटयुसिस एंड टिटनस (DPT)-बूस्टर-1
OPV –Booster,OPV -बूस्टर
5 - 6 ,5 - 6 
Years,साल
DPT-Booster-2,DPT-बूस्टर-2
Pregnant Women,पेटअ वारी माई
"Td1, 2 or Td Booster***","Td1, 2 या Td बूस्टर***"
Support,मदद
 14408, 14408
 support-poshantrackr@gov.in, support-poshantrackr@gov.in
Download Mobile App,मोबाइल ऐप डाउनलोड कयो
Powered By,Powered By
About,जे बारे में
Resources,वसीला
Dashboard,डैश्बोर्ड
Helpdesk,हेल्पडेस्क
FAQ,घणो करे पूछण वणन वारा सवाल
Poshan Calculator,पोषण कैलकुलेटर
Terms of Service,टर्म्स ऑफ़ सर्विसेस
Privacy Policy,गोपनीयता नीति
Careers,करियर
Copyright@2023  Poshan Tracker. All rights reserved,Copyright@2023  Poshan Tracker. All rights reserved
 You need to enable JavaScript to run this app., You need to enable JavaScript to run this app.
Poshan Helpline:,Poshan Helpline:
14408,14408
JanAndolan,JanAndolan
ABHA (Health ID),ABHA (तंदुरुस्ती आईडी)
Language,बो॒ली
English,English
हिंदी,हिंदी
ગુજરાતી,ગુજરાતી
મરાઠી,મરાઠી
ಕನ್ನಡ,ಕನ್ನಡ
മലയാളം,മലയാളം
தமிழ்,தமிழ்
తెలుగు,తెలుగు
বাংলা,বাংলা
অসমীয়া,অসমীয়া
ਪੰਜਾਬੀ,ਪੰਜਾਬੀ
ଓଡ଼ିଆ,ଓଡ଼ିଆ
नेपाली,नेपाली
डोगरी,डोगरी
कोंकणी,कोंकणी
सिंधी,सिंधी
बोडो,बोडो
मैथिली,मैथिली
মণিপুরী,মণিপুরী
संथाली,संथाली
اردو,اردو
کٲشُر,کٲشُر
About,जे बारे में
Resources,वसीला
Resources,वसीला
Vaccination Schedule,टीकाकरण जो शेड्यूल
Dashboard,डैश्बोर्ड
Dashboard,डैश्बोर्ड
Mission Utkarsh,Mission Utkarsh
Helpdesk,हेल्पडेस्क
Beneficiary Redressal,हितभागी जो निस्तार
State Helpdesk,राज्य हेल्पडेस्क
FAQ,घणो करे पूछण वणन वारा सवाल
Poshan Calculator,पोषण कैलकुलेटर
Login,लॉगिन
India,India
Select State,राज्य चुंडियों
Select District,ज़िलो चुंडियों
Last Updated On : 18/04/2023,Last Updated On : 18/04/2023
General Information,General Information
*State level aggregated data as received from States,*State level aggregated data as received from States
Owned Building,Owned Building
AWC Infrastructure,AWC Infrastructure
-,-
Functional Toilet,Functional Toilet
AWC Infrastructure,AWC Infrastructure
-,-
Drinking Water Source,Drinking Water Source
AWC Infrastructure,AWC Infrastructure
-,-
Anganwadi Center Details,Anganwadi Center Details
Report for Mar 2023,Report for Mar 2023
Eligible Beneficiaries,Eligible Beneficiaries
As on 31st Mar 2023,As on 31st Mar 2023
Aspirational Districts & North East Region,Aspirational Districts & North East Region
Adolescent Girls,Adolescent Girls
Total,Total
-,-
-,-
Aadhaar Verified,Aadhaar Verified
Adolescent Girls,Adolescent Girls
-,-
Take Home Ration (THR),Take Home Ration (THR)
Given For Atleast 21 Days,Given For Atleast 21 Days
-,-
Key Services,Key Services
Report for Mar 2023,Report for Mar 2023
* Data on dashboard is provisional and subject to reconciliation of offline data sync from Poshan Tracker Mobile App,* Data on dashboard is provisional and subject to reconciliation of offline data sync from Poshan Tracker Mobile App
Support,मदद
 14408, 14408
 support-poshantrackr@gov.in, support-poshantrackr@gov.in
Download Mobile App,मोबाइल ऐप डाउनलोड कयो
Powered By,Powered By
About,जे बारे में
Resources,वसीला
Dashboard,डैश्बोर्ड
Helpdesk,हेल्पडेस्क
FAQ,घणो करे पूछण वणन वारा सवाल
Poshan Calculator,पोषण कैलकुलेटर
Terms of Service,टर्म्स ऑफ़ सर्विसेस
Privacy Policy,गोपनीयता नीति
Careers,करियर
Copyright@2023  Poshan Tracker. All rights reserved,Copyright@2023  Poshan Tracker. All rights reserved
 You need to enable JavaScript to run this app., You need to enable JavaScript to run this app.
Poshan Helpline:,Poshan Helpline:
14408,14408
JanAndolan,JanAndolan
ABHA (Health ID),ABHA (तंदुरुस्ती आईडी)
Language,बो॒ली
English,English
हिंदी,हिंदी
ગુજરાતી,ગુજરાતી
મરાઠી,મરાઠી
ಕನ್ನಡ,ಕನ್ನಡ
മലയാളം,മലയാളം
தமிழ்,தமிழ்
తెలుగు,తెలుగు
বাংলা,বাংলা
অসমীয়া,অসমীয়া
ਪੰਜਾਬੀ,ਪੰਜਾਬੀ
ଓଡ଼ିଆ,ଓଡ଼ିଆ
नेपाली,नेपाली
डोगरी,डोगरी
कोंकणी,कोंकणी
सिंधी,सिंधी
बोडो,बोडो
मैथिली,मैथिली
মণিপুরী,মণিপুরী
संथाली,संथाली
اردو,اردو
کٲشُر,کٲشُر
About,जे बारे में
Resources,वसीला
Resources,वसीला
Vaccination Schedule,टीकाकरण जो शेड्यूल
Dashboard,डैश्बोर्ड
Dashboard,डैश्बोर्ड
Mission Utkarsh,Mission Utkarsh
Helpdesk,हेल्पडेस्क
Beneficiary Redressal,हितभागी जो निस्तार
State Helpdesk,राज्य हेल्पडेस्क
FAQ,घणो करे पूछण वणन वारा सवाल
Poshan Calculator,पोषण कैलकुलेटर
Login,लॉगिन
Login to your account,तव्हां जे खाते में लॉगिन कयो
User Name ,वापिराईंदड नालो 
*,*
Password ,गुझोलफजु 
*,*
Login,लॉगिन
Support,मदद
 14408, 14408
 support-poshantrackr@gov.in, support-poshantrackr@gov.in
Download Mobile App,मोबाइल ऐप डाउनलोड कयो
Powered By,Powered By
About,जे बारे में
Resources,वसीला
Dashboard,डैश्बोर्ड
Helpdesk,हेल्पडेस्क
FAQ,घणो करे पूछण वणन वारा सवाल
Poshan Calculator,पोषण कैलकुलेटर
Terms of Service,टर्म्स ऑफ़ सर्विसेस
Privacy Policy,गोपनीयता नीति
Careers,करियर
Copyright@2023  Poshan Tracker. All rights reserved,Copyright@2023  Poshan Tracker. All rights reserved
 You need to enable JavaScript to run this app., You need to enable JavaScript to run this app.
Poshan Helpline:,Poshan Helpline:
14408,14408
JanAndolan,JanAndolan
ABHA (Health ID),ABHA (तंदुरुस्ती आईडी)
Language,बो॒ली
English,English
हिंदी,हिंदी
ગુજરાતી,ગુજરાતી
મરાઠી,મરાઠી
ಕನ್ನಡ,ಕನ್ನಡ
മലയാളം,മലയാളം
தமிழ்,தமிழ்
తెలుగు,తెలుగు
বাংলা,বাংলা
অসমীয়া,অসমীয়া
ਪੰਜਾਬੀ,ਪੰਜਾਬੀ
ଓଡ଼ିଆ,ଓଡ଼ିଆ
नेपाली,नेपाली
डोगरी,डोगरी
कोंकणी,कोंकणी
सिंधी,सिंधी
बोडो,बोडो
मैथिली,मैथिली
মণিপুরী,মণিপুরী
संथाली,संथाली
اردو,اردو
کٲشُر,کٲشُر
About,जे बारे में
Resources,वसीला
Resources,वसीला
Vaccination Schedule,टीकाकरण जो शेड्यूल
Dashboard,डैश्बोर्ड
Dashboard,डैश्बोर्ड
Mission Utkarsh,Mission Utkarsh
Helpdesk,हेल्पडेस्क
Beneficiary Redressal,हितभागी जो निस्तार
State Helpdesk,राज्य हेल्पडेस्क
FAQ,घणो करे पूछण वणन वारा सवाल
Poshan Calculator,पोषण कैलकुलेटर
Login,लॉगिन
OPEN A NEW TICKET,हिक नई टिकेट खोलयो
CHECK TICKET STATUS,टिकेट जी स्थिति खे जाचण
Create a New Ticket,नई टिकेट ठाहयो
Please fill in the form below to create a new ticket. Anganwadi Worker will reach out to you within 48 hours..,किरपा करे हिन हेठ डिनल फार्म खे भरो त नई टिकेट ठाहयुं। आंगनवाड़ी कार्यकर्ता तांजे वठ 48 किलाक मे पहुची वेन्दुव:।.
Beneficiary Category ,लाभकारी श्रेणी आ 
*,*
Select a Beneficiary Category,हिकु फाईदोवठिंदड विभाग चुंडो
Pregnant Women,गर्भ वंती माई
Lactating Mothers,ढुक्क डेयन वारी माऊं
Children (0-6 months),बा॒र (0-6 महिना)
Children (6 months - 3 years),बा॒र (6 महिननि - 3 साल)
Children (3 - 6 years),बा॒र (3-6 साल)
Adolescent Girls,Adolescent Girls
Query Related to ,केंजे संबंधी सवाल आ 
*,*
Select Query Related to,चुंडो पुछा लागापो रंखिंदड
AWW/AWC,AWW/AWC
Supervisor,निगरनीकंदड
Help Topic ,मदद जो विषय 
*,*
Select a Help Topic,Select a Help Topic
Description ,विवरण 
*,*
Select a Description,हिकु बयानु चुंडो
Name ,नालो 
*,*
Mobile Number ,मोबाईल नम्बर 
*,*
Email,ईमेल
Having difficulty raising ticket?,टिकेट वठण मे दिक्कत ती अचे?
Poshan Helpline,Poshan Helpline
14408,14408
Email,ईमेल
support-poshantrackr@gov.in,support-poshantrackr@gov.in
By District,जिले मोजिबु
State ,राज्य 
*,*
Select State,राज्य चुंडियों
District ,जिलो 
*,*
Select District,ज़िलो चुंडियों
Project ,प्रोजेक्ट 
*,*
Select Project,प्रोजेक्ट चुंडो
Sector ,विभाग 
*,*
Select Sector,विभाग चुंडो
Anganwadi Center ,आङनवाडी केंद्र 
*,*
Select An Anganwadi center,हिकु आङनवाडी केंद्र चुंडो
Create Ticket,टिकेट टाहियो
Reset,बि॒हरतरतीब
Support,मदद
 14408, 14408
 support-poshantrackr@gov.in, support-poshantrackr@gov.in
Download Mobile App,मोबाइल ऐप डाउनलोड कयो
Powered By,Powered By
About,जे बारे में
Resources,वसीला
Dashboard,डैश्बोर्ड
Helpdesk,हेल्पडेस्क
FAQ,घणो करे पूछण वणन वारा सवाल
Poshan Calculator,पोषण कैलकुलेटर
Terms of Service,टर्म्स ऑफ़ सर्विसेस
Privacy Policy,गोपनीयता नीति
Careers,करियर
Copyright@2023  Poshan Tracker. All rights reserved,Copyright@2023  Poshan Tracker. All rights reserved
 You need to enable JavaScript to run this app., You need to enable JavaScript to run this app.
Poshan Helpline:,Poshan Helpline:
14408,14408
JanAndolan,JanAndolan
ABHA (Health ID),ABHA (तंदुरुस्ती आईडी)
Language,बो॒ली
About,जे बारे में
Resources,वसीला
Resources,वसीला
Vaccination Schedule,टीकाकरण जो शेड्यूल
Dashboard,डैश्बोर्ड
Dashboard,डैश्बोर्ड
Mission Utkarsh,Mission Utkarsh
Helpdesk,हेल्पडेस्क
Beneficiary Redressal,हितभागी जो निस्तार
State Helpdesk,राज्य हेल्पडेस्क
FAQ,घणो करे पूछण वणन वारा सवाल
Poshan Calculator,पोषण कैलकुलेटर
Login,लॉगिन
Frequently Asked Questions,बार-बार पुषण वारा सवाल:
ALL,सब
BENEFICIARY REGISTRATION,लाभार्थी पंजीकरण
Take Home Ration,घर जो राशन वठो
Hot Cooked Meal,गरम-गरम रोटी ठायण
What is Poshan Abhiyaan?,पोषण अभियान छा आहे?
"Poshan Abhiyaan is India’s flagship programme to improve nutritional outcomes for children, adolescents, pregnant women and lactating mothers by leveraging technology, a targeted approach and convergence.","बारनु, नौजवाननु , गर्भ वंतयूनु जे खोराकी नतीजन खे सुधारण जे लाए, पोषण अभियान भारत जो मुख्य प्रोग्राम आहे."
What is the purpose of Launching Poshan Tracker?,पोषण ट्रेकर खे शुरू करण जो मकसद छा आहे?
"The purpose of POSHAN Tracker application is to provide a 360-degree view of the activities of the Anganwadi Centre (AWC), service deliveries of Anganwadi Workers (AWWs) and complete beneficiary management for pregnant women, lactating mothers and children. The proposed system should enable real-time monitoring and tracking of all AWCs, AWWs and beneficiaries on the defined indicators.","पोषण ट्रेकर एप जो मकसद आंगनवाड़ी मरकज़ जे मशगुलियुन, आंगनवाड़ी कम कंदडनु जी सेवा जी डिलीवरी एं गर्भ वंती मायुनु, धाराइंदड़ु माउरुं, बा॒रन जे लाये समूरो बेनेफिशरी बंदोबस्त जो 360 डिग्री व्यू दि॒यण आहे. मंज़ूर कयल सिस्टम मुकरर कयल पैमाने ते सभिनी आंगनवाड़ी मरकज़नु, आंगनवाड़ी कम कंदडनु एं बेनेफिशरयुन जी रियल टाइम निगरानी एं ट्रेकिंग करण जी इख़्तियारी दीं॒दो."
How can one Download Poshan Tracker App?,पोषण एप खे कियें डाउनलोड करे सघ॒जे थो?
Poshan Tracker App is available over Google playstore ,पोषण ट्रेकर एप गूगल ते मौजूद आहे.Google playstore 
https://play.google.com/store/apps/details?id=com.poshantracker,https://play.google.com/store/apps/details?id=com.poshantracker
Is poshan trackers app available over Apple I Store also?,छा पोषण ट्रेक्स एप एप्पल आई स्टोर ते मौजूद आहे?
"No, Poshan Tracker is available only for Android version","न, पोषण ट्रेकर फकत ऐन्ड्रॉइड कौल ते मौजूद आहे."
What is the minimum requirement to install Poshan Tracker App in mobile?,मोबाईल में पोषण ट्रेकर एप इंस्टाल करण जे लाए घटु में घटु घुरज छा आहे?
Poshan Tracker App can only be installed in Android Phone with Android version 6.0 and above.,पोषण ट्रेकर एप खे ऐंड्रोइड 6.0 या उन खां वधिक जे कोल वारे ऐंड्रोइड फोन में इंसटाल करे सघ॒बो आहे.
Can App be accessed without internet?,छा हिन एप खे इंटरनेट जे बिना हलाए सघ॒बो आहे?
"App can be accessed offline, currently daily tracking feature is available for offline data entry. Offline mode can store latest 3 days data.","न, ही एप सही इंटरनेट कनेक्शन खां सिवाय कम न कंदी."
Who are the target userbase of Poshan Tracker App?,पोषण ट्रेकर एप जा मक्सदी वापराइंदड केर आहिन?
"Poshan Tracker App is meant for Aanganwadi workers, Anganwadi centers to enter beneficiaries data in the forms. It is not at all developed for general public.","पोषण ट्रेकर एप, आंगनवाड़ी में कम कंदडनु, आंगनवाड़ी मरकज़न पारां फायदो वठंदडनु जे डाटा खे फॉर्म में दाखिल करण जे लाये ठाही वेई आहे. हिन एप खे आम अवाम जे लाये बिलकुल न ठाहियो वियो आहे."
How to Login in Poshan Tracker App?,पोषण ट्रेकर एप में लॉगिन कियें कजे?
"AWWs are requested to enter their mobile numbers in the Login screen. An OTP will be sent to your registered mobile number, post which you are required too set your MPIN.","आंगनवाड़ी में कम कंदडनु खे लॉगिन स्क्रीन ते उन्ह्नु जो मोबाइल नंबर दाखिल करण जी वेंती कई वञे थी. तव्हां जे रजिस्टर कयल मोबाइल नंबर ते हिक ओटीपी मोकलायो वेंदो, जहिं खां पोइ तव्हां खे एम्पिन सेट करणो पवंदो."
What is  MPIN?,एमपिन छा आहे?
MPIN is a 4 digits passcode which is set by an Anganwadi worker while registering over the Poshan Tracker App.,"एमपिन 4 अंगनु जो हिक पासकोड आहे, जेको पोषण ट्रेकर एप ते रजिस्टर करण वक्त आंगनवाड़ी कम कंदड पारां सेट कयो वेंदो आहे."
How to set MPIN?,एमपिन खे सेट कियें कयो वञे?
"MPIN can be set by respective Anganwadi worker by requesting an OTP against his/her mobile number. If Mobile number is already present in the database, the respective Anganwadi person will receive 4 digits OTP on registered mobile number. Post entering the OTP, AWW can easily set customized MPIN.","आंगनवाड़ी में कम कंदड पारां उन्ह्नु जे मोबाइल नंबर ते हिक ओटीपी जी वेंती करे एमपिन खे सेट करे सघ॒जे थो. जेकद॒हिं मोबाइल नंबर डाटाबेस में पहिंरियों खां मौजूद आहे, त लागा॒पो रखंदडु आंगनवाड़ी शख्स खे रजिस्टर थियल मोबाइल नंबर ते हिक 4 अंगनु जो ओटीपी मिलंदो। ओटीपी दाखिल करण खां पोइ, आंगनवाड़ी में कम कंदड सवलाई सां मनपसंद एमपिन सेट करे सघे॒ थो."
When and how to use MPIN?,एमपिन खे कद॒हिं एं कियें इस्तेमाल कजे?
"While login to the Poshan Tracker App, AWWs are required to enter the MPIN set by them. This MPIN will act as a passcode to run the Poshan Tracker App and entering the information in the beneficiaries forms.","पोषण ट्रेकर एप ते लॉगिन करण वक्त, आंगनवाड़ी में कम कंदड़नु खे उन्ह्नु पारां सेट कयलु एमपिन दाखिल करणो पवंदो। पोषण ट्रेकर एप खे हलाइण एं फायदों वठंदड़ जे फॉर्म में जा॒ण दाखिल करण जे लाये एमपिन हिक पासकोड तरीके कम कंदो."
How to Reset MPIN?,एमपिन खे वरी सेट कियें कजे?
"MPIN can be easily reset by any AWW/AWC user. You are required to click on Forgot MPIN, and enter your registered mobile number. You will receive and OTP on your registered mobile number and you can ealily reset your MPIN",कहिं बि आंगनवाड़ी कम कंदड़/ आंगनवाड़ी मरकज़ यूजर पारां एमपिन खे सहुलाईअ सां वरी सेट करे सघ॒जे थो. तव्हां खे फॉरगॉट एमपिन ते क्लिक करणो पवंदो एं पहिंजो रजिस्टर कयल मोबाइल नंबर दाखिल करणो पवंदो। तव्हां खे तव्हां जे रजिस्टर थियल मोबाइल नंबर ते हिक ओटीपी मिलंदो एं तव्हां सहूलाईअ सां तव्हां जो एमपिन सेट करे सघो॒ था.
In How many languages the Poshan Tracker App is available?,पोषण ट्रेकर एप केतरियुन बो॒लियुन में मौजूद आहे?
Poshan Tracker App is available in 22 different languages,पोषण ट्रेकर एप अलग॒-अल॒ग 22 बो॒लियुन में मौजूद आहे.
The various languages available are:,अलग॒-अलग॒ मौजूद बो॒लियूं आहिन:
English,अंग्रेज़ी
Hindi,हिंदी
Gujarati,गुजराती
Punjabi,पंजाबी
Marathi,मराठी
Bangla,बांग्ला
Kannada,कन्नड
Tamil,तमिल
Telugu,तेलुगु
Malyalam,मलयालम
Odia,ऑडिया
Assamese,आसामी
Nepali,Nepali
Dogri,Dogri
Konkani,Konkani
Sindhi,Sindhi
Bodo,Bodo
Maithili,Maithili
Manipuri,Manipuri
Santhali,Santhali
Urdu,Urdu
Kashmiri,Kashmiri
In how many languages AWW can enter the data while filling up the form?,फॉर्म भरण वक्त आंगनवाड़ी कम कंदड़ या आंगनवाड़ी मरकज़ केतरियुन बो॒लियुन में डाटा दाखिल करे सघ॒न था?
There are limited fields for data entry. Name is required to be entered in English language and for other fields numeric values are required. Most of the features are provided in check boxes or with drop down selection menu. Reports to be updated.,आंगनवाड़ी कम कंदड़ फॉर्म फकत अंग्रेजी बो॒लीअ में भरे सघ॒न था.
How many different forms are there in Poshan Tracker App?,पोषण ट्रेकर एप में केतरन नमूनन जा फॉर्म दि॒नल आहिन।
There are 7 different types of forms for beneficiaries. This includes:,फायदो वठंदड़नु जे लाये 7 नमूनन जा फॉर्म दि॒नल आहिन। जहिं में शामिल आहिन:
Lactating mother,धाराइंदडु माउ
Pregnant women,गर्भ वंती माई
Child 0-6 Months,बा॒र 0 - 6 महीना
Child 6 Months to 3 Years,बा॒र 6 महिने खां 3 साल
Child  3 Years to 6 Years,बा॒र 3 साल खां 6 साल
Adolescent Girls (11 Years-19 Years),नौजवानु छोकरियूं (11 साल - 19 साल)
What information to be added in AWC forms?,आंगनवाड़ी मरकज़ फॉर्म में कहिड़ी जा॒ण जोड़ी वञन घुरजे?
"AWW are required to enter details related to infrastructure present in a particular Anganwadi centre. This includes structure, basic amenities, facilities, sanitization, drinking water etc.","आंगनवाडी कम कंदड़न खे हिक आंगनवाड़ी मरकज़ में मौजूद जोड़जक सां लागा॒पो रखन्दड़ जा॒ण दाखिल करणी पवंदी आहे.जहिं में इमारत, बुनियादी सहूलियतुं , सुविधाऊं, सफाई, पीयण जो पाणी वगैरह शामिल आहे."
How AWWS can sign up on the app if they are unable to register via their mobile numbers?,जेकद॒हिं आंगनवाड़ी कम कंदड मोबाइल नंबर मारफ़त रजिस्टर करण में नाकाबिलआहिन त उहे एप ते कियें साइन अप करे सघं॒दा आहिन?
In case AWW is unsuccessful in registering themselves there might be 2 possibilities:,जेकद॒हिं आंगनवाडी में कम कंदड पहिंजे पाण खे रजिस्टर करण में नाकामयाब थियन था त इन जा ब॒ कारण थी सघ॒न था:
Their mobile number is not present in the data provided by the states to the MoWCD,MoWCD खे राज्य पारां दि॒नल डाटा में उनहनु जो मोबाइल नंबर मौजूद न आहे.
They are newly added to the system and their mobile number is not yet provided by the state cell to the MoWCD.,उहे सिस्टम में नवां जुड़ियल आहिन एं उनहनु जो मोबाइल नंबर MoWCD खे राज्य पारां अञा ताईं दि॒नो न वियो आहे.
In both the above cases state nodal officers are empowered to add/ edit/Activate/Deactivate any of the AWW.,मथे दि॒नल बि॒न्ही मामलनु में राज्य जा नोडल ऑफिसरन खे कहिं बि आंगनवाड़ी कम कंदडनु खे जोड़ण/ सुधारण/ एक्टिव/ डीएक्टिव करण जो इख़्तियार दि॒नो वियो आहे.
How can one access Poshan Tracker Dashboard?,पोषण ट्रेकर डेशबोर्ड ते कियें पहुंच्यो वञे?
Poshan Tracker Dashboard can be accessed by signing onto the dashboard. Dashboard can be accessed by clicking the link ,डैशबोर्ड ते साइन इन करे पोषण ट्रेकर डैशबोर्ड ताईं पहुंची सघ॒जे थो. लिंक 
https://poshantracker.in/admin,https://poshantracker.in/admin
" Only nominated Nodal level officials at National, State, District, Project and Sector level are provided with a unique credentials to access the dashboard.", ते क्लिक करे डैशबोर्ड ताईं पहुंची सघ॒जे थो. डैशबोर्ड ते पहुंचण जे लाये फ़क्त चूंडियल राष्ट्रीय/ राज्य/ जिल्ला/ प्रोजेक्ट एं सेक्टर सतह जे नोडल सतह जे ऑफिसरन खे हिक अनोखो क्रेडिनशल दि॒नो वेंदो आहे.
How one can add AWW/AWCs?,आंगनवाड़ी कम कंदड/आंगनवाड़ी मरकज़ खे कियें जोड़े सघ॒जे थो?
AWW/AWCs can only be added by nodal level official. Anybody in the above rank in the hierarchy.,"आंगनवाड़ी कम कंदड/आंगनवाड़ी मरकज़ खे फकत नोडल सतह जे ऑफिसरनु पारां जोड़े सघ॒जे थो. कोई बि जेको मथे दि॒नल उहदे में दि॒नल आहे. जियें त राष्ट्रीय सतह जो यूजर राज्य, जिल्ला, प्रोजेक्ट एं सेक्टर सतह जे यूजर खे क्रिएट करे सघे॒ थो. राज्य सतह जो जिल्ला, प्रोजेक्ट एं सेक्टर सतह जे यूजर खे क्रिएट करे सघे॒ थो. जिल्ला सतह जो यूजर प्रोजेक्ट एं सेक्टर सतह जे यूजर खे क्रिएट करे सघे॒ थो. प्रोजेक्ट सतह जो यूजर सेक्टर सतह जे यूजर खे क्रिएट करे सघे॒ थो."
How many different types of reports can be generated over Poshan Tracker Dashboard?,पोषण ट्रेकर डैशबोर्ड केतरनु नमूननु जूं रिपोरटुं कढ़ी सघ॒बियूं आहिन?
There are various reports that can be generated from,डैशबोर्ड तां तरह-तरह जूं रिपोरटूं कढ़ी सघ॒बियूं आहिन
General Reports:,आम रिपोरटूं:
Number of app  downloads,एप डाउनलोड जा नंबर
Total number of Anganwadi centers registered,रजिस्टर थियल आंगनवाड़ी मरकज़नु जो कुल नंबर
Total number of beneficiaries registered (National/state/district/block wise),रजिस्टर थियल फ़ायदो वठंदडनु जो कुल नंबर (राष्ट्रीय/ राज्य/ जिला/ ब्लॉक मुजब)
Total Number of pregnant women registered(National/state/district/block wise),रजिस्टर थियल गर्भ वंती मायूनु जो कुल नंबर (राष्ट्रीय/ राज्य/ जिला/ ब्लॉक मुजब)
Total Number of  lactating mothers registered(National/state/district/block wise),रजिस्टर थियल धाराइंदडु माउरुन जो कुल नंबर (राष्ट्रीय/ राज्य/ जिला/ ब्लॉक मुजब)
Total Number of children (0-6months) registered(National/state/district/block wise),रजिस्टर थियल बा॒रन (0-6 महिना) जो कुल नंबर (राष्ट्रीय/ राज्य/ जिला/ ब्लॉक मुजब)
Total Number of children (6months-3years) registered(National/state/district/ block wise),रजिस्टर थियल बा॒रन (6 महीना- 3 साल) जो कुल नंबर (राष्ट्रीय/ राज्य/ जिला/ ब्लॉक मुजब)
Total Number of children (3-6years) registered(National/state/district/ block wise),रजिस्टर थियल बा॒रन (3- 6 साल) जो कुल नंबर (राष्ट्रीय/ राज्य/ जिला/ ब्लॉक मुजब)
Maternal and child nutrition:,माउ एं बा॒र जी खोराक:
How many beneficiaries got THR in 21 days,21 दी॒न्हनु में केतरनु फ़ायदो वठंदड़नु खे टीएचआर मिली आहे
How many children breastfed exclusively in the first hour after delivery,केतरनु बा॒रनु खे डिलीवरी जे पहिरियें कलाक में माउ जो खीर दिनो वियो
How many lactating mothers are given HCM,केतरियुन धाराइंदडु माउरुन खे एचसीएम दि॒नी वेई आहे
Average level of calcium in children aged 3-6 years,केतरनु बा॒रनु खे डिलीवरी जे पहिरियें कलाक में माउ जो खीर दि॒नो वियो
Average level of iron in children aged 3-6years,3 - 6 सालनु जी उम्र वारनु बा॒रन में कैल्शियम जो सरासरी सतह
"Total number of vaccinations administered per month (block, district, state, national level)",3 - 6 सालनु जी उम्र वारनु बा॒रन में आयरन जो सरासरी सतह
Vaccinations specific report administered per month (BCG/OPV/Hepatitis B/Rotavirus/Polio/Pneumococcal/Pentavalent,हिक महीने में दि॒नल टीके जी खास रिपोर्ट (बीसीजी/ ओपीवी/ हेपेटाइटिस B/ रोटावायरस/ पोलियो/ नयुमाकोक्कल/ पेंटावेलंट)
AWC infrastructure:,आंगनवाड़ी मरकज़ इमारत:
"Number of AWCs (block, district, state, national level)",आंगनवाड़ी मरकज़ जो नंबर (राष्ट्रीय/ राज्य/ जिला/ ब्लॉक मुजब)
"Total number of Balvatikas (block district, state, national level)",बा॒लवाटिका जो कुल नंबर ((राष्ट्रीय/ राज्य/ जिला/ ब्लॉक मुजब)
"Total number of AWCs (block, district, state, national level) with clean drinking water",पीयण जे साफ पाणीअ वारन आंगनवाड़ी मरकज़ जो कुल नंबर ((राष्ट्रीय/ राज्य/ जिला/ ब्लॉक मुजब)
"Total number of AWCs (block, district, state, national level) with working weighing scale",कम कंदड वज़न कांटे वारन आंगनवाड़ी मरकज़ जो कुल नंबर (राष्ट्रीय/ राज्य/ जिला/ ब्लॉक मुजब)
"Total number of AWCs (block, district, state, national level) with electricity",बिजली वारन आंगनवाड़ी मरकज़ जो कुल नंबर (राष्ट्रीय/ राज्य/ जिला/ ब्लॉक मुजब)
Total number of AWCs that are government owned,आंगनवाड़ी मरकज़नु जो कुल नंबर जेके सरकार जी मालिकीअ जा आहिन
Total number of AWCs that are privately owned,आंगनवाड़ी मरकज़नु जो कुल नंबर जेके खानगी मालिकीअ जा आहिन
How to contact Poshan Tracker Team?,पोषण ट्रेकर टीम जो राबतो कियें कयो वञे?
Poshan Tracker Team can be contacted by sending emails at support-poshantrackr@gov.in. For handholding and support we are also available over Video Conference each day 4:15 PM to 5:15 PM.,पोषण ट्रेकर टीम खे support-poshantrackr@gov.in ते ईमेल करे राब्तो करे सघ॒बो आहे. सहकार एं मदद जे लाये असां हर दि॒हं 4:15 pm खां 5:15 pm ताईं वीडियो कांफ्रेंस ते बि मौजूद आहियूं.
Can a beneficiary register directly using application.,छा अप्लिकेशन खे डायरेक्टलि इस्तमाल करें फायदेमंद रजिस्ट्रेशन करे ता सचमुच।
Currently a beneficiary can register by the help of an AWW,हाणे जे लाए लाभकारी रजिस्ट्रेशन करे ता सघयु AWW जी मदद सा
Who is a beneficiary?,केर आ फायदेमंद?
There are 6 categories for beneficiaries,हिते छ: श्रेणियु आएन फायदे जे लाए
Pregnant Women,पेटअ वारी माई
Lactating Mother,ढुक्क डेयन वारी माई
Children from 0 to 6 months,बार 0 खा 6 महिनन जो
Children from 6 months to 3 years,बार 6 महिनन खा 3 सालन जो
Children from 3 years to 6 years,बार 3 सालन खा 6 सालन जो
Adolescent girls,किशोरी छोकरूयु
Can a beneficiary change his/her AWC?,छा लाभकारी बदलाव थी तो सघे उननजे AWC मे?
An AWW can use ‘Migrate Beneficiary’ option to migrate a beneficiary from one AWC to another AWC basis their Aadhaar number.,छा AWW खे माइग्रेंट लाभकारी आप्शन इस्तमाल करे ता सघयु ताकी माइग्रेंट लाभकारी हिकAWC खा बे AWC खे डई सघयु आधार नंबर जे द्वारा।
What is the eligibility of a beneficiary?,छा आए लाभकारी जी पात्रता?
A beneficiary is eligible for THR for at least 21 days in a month.,हिक लाभकारी छा योग्य आए THR लाए घट में घट महिने जे 21 डियन जे लाए।
Who is eligible for Take Home Ration?,केर घर जो राशन वठण जे योग्य आ?
"Pregnant Women, Lactating Mothers, Children from 6 months to 3 years and adolescent girls.","पेटअ वारी माई, ढुक्क डेयन माई, बार 6 महिनन खा 3 साल ताई आऊं किशोरी छोकरूयु।"
Where can I enquire about take home ration?,किथे वनी मा घर जे राशन लाए पुछि ती सिगा?
Please contact your respective Anganwadi worker.,किरपा तांजे आदरणीय आंगनवाड़ी कार्यकर्ता सा सम्पर्क कयो।
Who is eligible for additional supplementary food.,केर अतिरिक्त पूरी रोटी जे योग्य आ।
Children who are identified as deficit on nutrition are eligible for additional food supplements.,बार जेका कुपोषित आएन उवे अतिरिक्त पूरी रोटी जे योग्य आ एन।
What is the eligibility of a beneficiary?,छा आए लाभकारी जी पात्रता?
A beneficiary is eligible for HCM for at least 21 days in a month.,हिक लाभकारी योग्य आए HCM लाए घट में घट महिने जे 21 डियन लाए।
Who is eligible for Hot Cooked Meal?,केर गर्म ठयल रोटी जे काबिल आ?
Children in the age group of 3 years to 6 years,बार देखा 3 सल खा 6 सालन जा आएन
Where can I enquire about Hot Cooked Meal?,छा मां पुछि ती सिघा गर्म ठयल रोटी जे बारे मे?
Please contact your respective Anganwadi Centre.,किरपा तांजे आंगनवाड़ी कार्यकर्ता सा सम्पर्क कयो।
Who is eligible for additional supplementary food?,केर अतिरिक्त पूरी रोटी जे योग्य आ?
Children who are identified as deficit on nutrition are eligible for additional food supplements.,बार जेका कुपोषित आएन उवे अतिरिक्त पूरी रोटी जे योग्य आ एन।
Support,मदद
 14408, 14408
 support-poshantrackr@gov.in, support-poshantrackr@gov.in
Download Mobile App,मोबाइल ऐप डाउनलोड कयो
Powered By,Powered By
About,जे बारे में
Resources,वसीला
Dashboard,डैश्बोर्ड
Helpdesk,हेल्पडेस्क
FAQ,घणो करे पूछण वणन वारा सवाल
Poshan Calculator,पोषण कैलकुलेटर
Terms of Service,टर्म्स ऑफ़ सर्विसेस
Privacy Policy,गोपनीयता नीति
Careers,करियर
Copyright@2023  Poshan Tracker. All rights reserved,Copyright@2023  Poshan Tracker. All rights reserved
 You need to enable JavaScript to run this app., You need to enable JavaScript to run this app.
Poshan Helpline:, You need to enable JavaScript to run this app.
14408,14408
JanAndolan,JanAndolan
ABHA (Health ID),ABHA (तंदुरुस्ती आईडी)
Language,बो॒ली
About,जे बारे में
Resources,वसीला
Resources,वसीला
Vaccination Schedule,टीकाकरण जो शेड्यूल
Dashboard,डैश्बोर्ड
Dashboard,डैश्बोर्ड
Mission Utkarsh,Mission Utkarsh
Helpdesk,हेल्पडेस्क
Beneficiary Redressal,हितभागी जो निस्तार
State Helpdesk,राज्य हेल्पडेस्क
FAQ,घणो करे पूछण वणन वारा सवाल
Poshan Calculator,पोषण कैलकुलेटर
Login,लॉगिन